dataset,relation,keep,edge_seed,seed,model,norm,init,layers,n_nodes,n_edges,auc,auprc,mad,mad_random,train_time_s,mean_degree,deg_p50,deg_p90,deg_max,isolated_frac,edge_homophily,n_components,largest_cc_frac,boot_auc_mean,boot_auc_std,boot_auprc_mean,boot_auprc_std,f1@90,prec@90,rec@90,f1@99,prec@99,rec@99,f1@99.9,prec@99.9,rec@99.9
yelp,net_rsr,0.05,1,1,GCN,none,default,2,45954,340274,0.6812726380233423,0.2879131545702195,0.0025196841452270746,0.032317787408828735,4.6,7.404665470123291,7.0,15.0,44.0,0.06332419067621231,0.7729065418243408,4098,0.010140575357966662,0.6811959748120716,0.006923209795218921,0.2894322993721728,0.011974530136979073,0.2845744680851064,0.34891304347826085,0.2402694610778443,0.07142857142857142,0.5543478260869565,0.03817365269461078,0.010401188707280832,0.7,0.005239520958083832
yelp,net_rsr,0.05,1,2,GCN,none,default,2,45954,340274,0.679164567377465,0.284641778146977,0.0030303981620818377,0.03822135180234909,4.2,7.404665470123291,7.0,15.0,44.0,0.06332419067621231,0.7729065418243408,4098,0.010140575357966662,0.67757863525925,0.0081880954487505,0.2837861240801365,0.0125706009662302,0.274822695035461,0.33695652173913043,0.23203592814371257,0.0742296918767507,0.5760869565217391,0.03967065868263473,0.005943536404160475,0.4,0.0029940119760479044
yelp,net_rsr,0.05,1,3,GCN,none,default,2,45954,340274,0.6697424905789235,0.2823772525878208,0.0036474887747317553,0.04260370507836342,4.2,7.404665470123291,7.0,15.0,44.0,0.06332419067621231,0.7729065418243408,4098,0.010140575357966662,0.6704080928243396,0.007939069111624949,0.2844205308851813,0.012329265709443319,0.2801418439716312,0.34347826086956523,0.23652694610778444,0.0700280112044818,0.5434782608695652,0.0374251497005988,0.007429420505200594,0.5,0.0037425149700598802
yelp,net_rsr,0.05,1,1,GCN,graph,default,2,45954,340274,0.7469326240594167,0.3777886355608571,0.05897175893187523,0.35671067237854004,6.0,7.404665470123291,7.0,15.0,44.0,0.06332419067621231,0.7729065418243408,4098,0.010140575357966662,0.7469739837339158,0.00721481556078723,0.37946836628929853,0.013676570144589355,0.3625886524822695,0.44456521739130433,0.3061377245508982,0.09103641456582633,0.7065217391304348,0.048652694610778445,0.01188707280832095,0.8,0.005988023952095809
yelp,net_rsr,0.05,1,2,GCN,graph,default,2,45954,340274,0.7464932977730891,0.38554110682866694,0.05684886500239372,0.3175736367702484,6.0,7.404665470123291,7.0,15.0,44.0,0.06332419067621231,0.7729065418243408,4098,0.010140575357966662,0.7448967330653447,0.007898898110047688,0.384493679656389,0.015463416676246296,0.3820921985815603,0.46847826086956523,0.3226047904191617,0.09523809523809523,0.7391304347826086,0.05089820359281437,0.01188707280832095,0.8,0.005988023952095809
yelp,net_rsr,0.05,1,3,GCN,graph,default,2,45954,340274,0.7375878652572655,0.36440655364829744,0.05459683761000633,0.3079773485660553,5.9,7.404665470123291,7.0,15.0,44.0,0.06332419067621231,0.7729065418243408,4098,0.010140575357966662,0.7380294726598968,0.007034066611600911,0.3665134299942538,0.015423650592721789,0.36524822695035464,0.44782608695652176,0.3083832335329341,0.08543417366946779,0.6630434782608695,0.04565868263473054,0.01188707280832095,0.8,0.005988023952095809
yelp,net_rsr,0.05,1,1,SAGE,none,default,2,45954,340274,0.8089823408173471,0.4619127116054177,0.10201546549797058,0.13599781692028046,2.4,7.404665470123291,7.0,15.0,44.0,0.06332419067621231,0.7729065418243408,4098,0.010140575357966662,0.8092699865065883,0.005769303226201597,0.4621952301230621,0.013002483113709296,0.43617021276595747,0.5347826086956522,0.36826347305389223,0.09943977591036414,0.7717391304347826,0.0531437125748503,0.01337295690936107,0.9,0.006736526946107785
yelp,net_rsr,0.05,1,2,SAGE,none,default,2,45954,340274,0.8301312185964121,0.49812491004961307,0.11410245299339294,0.15543152391910553,2.4,7.404665470123291,7.0,15.0,44.0,0.06332419067621231,0.7729065418243408,4098,0.010140575357966662,0.8304138692239553,0.005459675835956189,0.49808625089648323,0.014632255764620732,0.44858156028368795,0.55,0.3787425149700599,0.10644257703081232,0.8260869565217391,0.05688622754491018,0.014858841010401188,1.0,0.0074850299401197605
yelp,net_rsr,0.05,1,3,SAGE,none,default,2,45954,340274,0.8007374698159689,0.45966049278903953,0.09239307045936584,0.12802664935588837,2.4,7.404665470123291,7.0,15.0,44.0,0.06332419067621231,0.7729065418243408,4098,0.010140575357966662,0.8016239986019568,0.005935980620071943,0.4621141015548377,0.013134465459154998,0.4122340425531915,0.5054347826086957,0.34805389221556887,0.10784313725490197,0.8369565217391305,0.05763473053892216,0.014858841010401188,1.0,0.0074850299401197605
yelp,net_rsr,0.05,1,1,SAGE,graph,default,2,45954,340274,0.8406427502683025,0.5397841945979276,0.33978793025016785,0.4403974115848541,4.1,7.404665470123291,7.0,15.0,44.0,0.06332419067621231,0.7729065418243408,4098,0.010140575357966662,0.8410039448385054,0.00578236456266766,0.5411986263400486,0.013570168279021546,0.4858156028368794,0.5956521739130435,0.4101796407185629,0.1092436974789916,0.8478260869565217,0.058383233532934134,0.014858841010401188,1.0,0.0074850299401197605
yelp,net_rsr,0.05,1,2,SAGE,graph,default,2,45954,340274,0.8514333032001171,0.5639349861048135,0.3327118158340454,0.4278058707714081,4.1,7.404665470123291,7.0,15.0,44.0,0.06332419067621231,0.7729065418243408,4098,0.010140575357966662,0.8513730393132015,0.005293677731391581,0.5642985598176485,0.013799107039862138,0.499113475177305,0.6119565217391304,0.4214071856287425,0.11904761904761904,0.9239130434782609,0.06362275449101797,0.014858841010401188,1.0,0.0074850299401197605
yelp,net_rsr,0.05,1,3,SAGE,graph,default,2,45954,340274,0.8395149936887935,0.5424022743231401,0.30686622858047485,0.4086374342441559,4.1,7.404665470123291,7.0,15.0,44.0,0.06332419067621231,0.7729065418243408,4098,0.010140575357966662,0.8400772720490727,0.005319822386495504,0.5448656742992456,0.014719067921641038,0.49024822695035464,0.6010869565217392,0.41392215568862273,0.1092436974789916,0.8478260869565217,0.058383233532934134,0.014858841010401188,1.0,0.0074850299401197605
yelp,net_rsr,0.05,2,1,GCN,none,default,2,45954,340274,0.6775661857293559,0.28373527879992183,0.0025504070799797773,0.03213033452630043,4.3,7.404665470123291,7.0,15.0,39.0,0.06497801840305328,0.7720954418182373,4208,0.010140575357966662,0.6769645729750602,0.0065851284577279805,0.28436631709315435,0.011181928535603286,0.28102836879432624,0.34456521739130436,0.2372754491017964,0.058823529411764705,0.45652173913043476,0.03143712574850299,0.010401188707280832,0.7,0.005239520958083832
yelp,net_rsr,0.05,2,2,GCN,none,default,2,45954,340274,0.6716218466834152,0.281791620325881,0.0029296469874680042,0.03737245872616768,4.3,7.404665470123291,7.0,15.0,39.0,0.06497801840305328,0.7720954418182373,4208,0.010140575357966662,0.6693657980475274,0.008206135888259511,0.27988590323091034,0.011577807002264934,0.2907801418439716,0.3565217391304348,0.24550898203592814,0.0700280112044818,0.5434782608695652,0.0374251497005988,0.008915304606240713,0.6,0.004491017964071856
yelp,net_rsr,0.05,2,3,GCN,none,default,2,45954,340274,0.6785151057355757,0.28625791299087766,0.0033317222259938717,0.040460966527462006,4.3,7.404665470123291,7.0,15.0,39.0,0.06497801840305328,0.7720954418182373,4208,0.010140575357966662,0.678642919038467,0.007836422356779555,0.2871273090020045,0.011907021580678006,0.28812056737588654,0.3532608695652174,0.2432634730538922,0.06722689075630252,0.5217391304347826,0.03592814371257485,0.008915304606240713,0.6,0.004491017964071856
yelp,net_rsr,0.05,2,1,GCN,graph,default,2,45954,340274,0.7381021752320207,0.36723612528003746,0.055207617580890656,0.34756338596343994,5.9,7.404665470123291,7.0,15.0,39.0,0.06497801840305328,0.7720954418182373,4208,0.010140575357966662,0.7377285692189762,0.006880025459991325,0.3674126570610234,0.013050492982975122,0.3537234042553192,0.43369565217391304,0.2986526946107784,0.08543417366946779,0.6630434782608695,0.04565868263473054,0.010401188707280832,0.7,0.005239520958083832
yelp,net_rsr,0.05,2,2,GCN,graph,default,2,45954,340274,0.744985477746137,0.37612280712170965,0.05956367775797844,0.32850542664527893,6.0,7.404665470123291,7.0,15.0,39.0,0.06497801840305328,0.7720954418182373,4208,0.010140575357966662,0.7439940702767651,0.007918262491005393,0.3744009760564435,0.014643784148024204,0.3696808510638298,0.4532608695652174,0.312125748502994,0.08123249299719888,0.6304347826086957,0.04341317365269461,0.01188707280832095,0.8,0.005988023952095809
yelp,net_rsr,0.05,2,3,GCN,graph,default,2,45954,340274,0.7372391958699708,0.3617412234076405,0.056077513843774796,0.3127247095108032,6.0,7.404665470123291,7.0,15.0,39.0,0.06497801840305328,0.7720954418182373,4208,0.010140575357966662,0.7365451933035656,0.007407351398912472,0.3620722815351867,0.016028084473543525,0.36436170212765956,0.4467391304347826,0.30763473053892215,0.07983193277310924,0.6195652173913043,0.04266467065868264,0.01188707280832095,0.8,0.005988023952095809
yelp,net_rsr,0.05,2,1,SAGE,none,default,2,45954,340274,0.8096386148273718,0.4595604774034593,0.10434754937887192,0.13672912120819092,2.4,7.404665470123291,7.0,15.0,39.0,0.06497801840305328,0.7720954418182373,4208,0.010140575357966662,0.8096975424736638,0.005918268410686144,0.4591388932407978,0.014088679217638289,0.4237588652482269,0.5195652173913043,0.35778443113772457,0.09663865546218488,0.75,0.051646706586826345,0.01188707280832095,0.8,0.005988023952095809
yelp,net_rsr,0.05,2,2,SAGE,none,default,2,45954,340274,0.8314071322731319,0.5084193742480317,0.11919225752353668,0.1592959761619568,2.4,7.404665470123291,7.0,15.0,39.0,0.06497801840305328,0.7720954418182373,4208,0.010140575357966662,0.8313852729143442,0.005553602749355748,0.5081434555366383,0.014819345838385501,0.4574468085106383,0.5608695652173913,0.38622754491017963,0.10784313725490197,0.8369565217391305,0.05763473053892216,0.01337295690936107,0.9,0.006736526946107785
yelp,net_rsr,0.05,2,3,SAGE,none,default,2,45954,340274,0.7997667311761406,0.45799788538186004,0.09243623912334442,0.12593279778957367,2.4,7.404665470123291,7.0,15.0,39.0,0.06497801840305328,0.7720954418182373,4208,0.010140575357966662,0.8005669889539577,0.00550684171649945,0.45986721534933905,0.012252431110358357,0.4166666666666667,0.5108695652173914,0.35179640718562877,0.10224089635854341,0.7934782608695652,0.05464071856287425,0.014858841010401188,1.0,0.0074850299401197605
yelp,net_rsr,0.05,2,1,SAGE,graph,default,2,45954,340274,0.8411677790041099,0.5390636987979328,0.338707834482193,0.43485090136528015,4.2,7.404665470123291,7.0,15.0,39.0,0.06497801840305328,0.7720954418182373,4208,0.010140575357966662,0.8414344641215117,0.005759267906816568,0.5390397607716108,0.014067901304698203,0.4867021276595745,0.5967391304347827,0.41092814371257486,0.11064425770308123,0.8586956521739131,0.05913173652694611,0.014858841010401188,1.0,0.0074850299401197605
yelp,net_rsr,0.05,2,2,SAGE,graph,default,2,45954,340274,0.8508591587192212,0.5674577385911501,0.34477490186691284,0.4329175353050232,4.1,7.404665470123291,7.0,15.0,39.0,0.06497801840305328,0.7720954418182373,4208,0.010140575357966662,0.8503362560169292,0.005284329061406571,0.566326070735836,0.014597265384711225,0.5106382978723404,0.6260869565217392,0.4311377245508982,0.11904761904761904,0.9239130434782609,0.06362275449101797,0.014858841010401188,1.0,0.0074850299401197605
yelp,net_rsr,0.05,2,3,SAGE,graph,default,2,45954,340274,0.8384745592826568,0.5360624389206647,0.30522260069847107,0.40307098627090454,4.2,7.404665470123291,7.0,15.0,39.0,0.06497801840305328,0.7720954418182373,4208,0.010140575357966662,0.8384457594842235,0.005142771292675554,0.5367154857774902,0.015024183568969115,0.4858156028368794,0.5956521739130435,0.4101796407185629,0.11064425770308123,0.8586956521739131,0.05913173652694611,0.01337295690936107,0.9,0.006736526946107785
yelp,net_rsr,0.05,3,1,GCN,none,default,2,45954,340274,0.670876916609754,0.2790455701180795,0.0027084497269243,0.03315943852066994,4.3,7.404665470123291,7.0,15.0,37.0,0.0634547621011734,0.7696444392204285,4062,0.010140575357966662,0.6715420828611595,0.007084509067503586,0.2802002774926065,0.011108054254243459,0.2969858156028369,0.3641304347826087,0.25074850299401197,0.06162464985994398,0.4782608695652174,0.03293413173652695,0.008915304606240713,0.6,0.004491017964071856
yelp,net_rsr,0.05,3,2,GCN,none,default,2,45954,340274,0.6641401991078942,0.2745303407226086,0.0030652014538645744,0.03802599385380745,4.3,7.404665470123291,7.0,15.0,37.0,0.0634547621011734,0.7696444392204285,4062,0.010140575357966662,0.6617166774012118,0.008170732128178728,0.27236368779198,0.011961600065825884,0.28812056737588654,0.3532608695652174,0.2432634730538922,0.06722689075630252,0.5217391304347826,0.03592814371257485,0.01188707280832095,0.8,0.005988023952095809
yelp,net_rsr,0.05,3,3,GCN,none,default,2,45954,340274,0.6672033828219324,0.27559689706925916,0.0036851917393505573,0.04252436384558678,4.3,7.404665470123291,7.0,15.0,37.0,0.0634547621011734,0.7696444392204285,4062,0.010140575357966662,0.6687354182182141,0.007818952786204916,0.27776607189384683,0.011831188692768276,0.29343971631205673,0.35978260869565215,0.24775449101796407,0.058823529411764705,0.45652173913043476,0.03143712574850299,0.008915304606240713,0.6,0.004491017964071856
yelp,net_rsr,0.05,3,1,GCN,graph,default,2,45954,340274,0.7384500823963073,0.3653075221594212,0.05469031259417534,0.3496187627315521,6.0,7.404665470123291,7.0,15.0,37.0,0.0634547621011734,0.7696444392204285,4062,0.010140575357966662,0.7383180347959049,0.006829455763723373,0.36675287820916014,0.013791685357229196,0.35726950354609927,0.4380434782608696,0.30164670658682635,0.08403361344537816,0.6521739130434783,0.04491017964071856,0.005943536404160475,0.4,0.0029940119760479044
yelp,net_rsr,0.05,3,2,GCN,graph,default,2,45954,340274,0.734197449678037,0.363584131069805,0.059328343719244,0.32595252990722656,6.0,7.404665470123291,7.0,15.0,37.0,0.0634547621011734,0.7696444392204285,4062,0.010140575357966662,0.7324288615474116,0.006789885910554245,0.36090928766457575,0.013723362818197441,0.3608156028368794,0.4423913043478261,0.3046407185628742,0.07563025210084033,0.5869565217391305,0.040419161676646706,0.010401188707280832,0.7,0.005239520958083832
yelp,net_rsr,0.05,3,3,GCN,graph,default,2,45954,340274,0.7345194412600462,0.35941299514434105,0.05403491109609604,0.3060055673122406,6.0,7.404665470123291,7.0,15.0,37.0,0.0634547621011734,0.7696444392204285,4062,0.010140575357966662,0.734733504470542,0.0077284970435066045,0.36055789352535356,0.015189327116697694,0.3617021276595745,0.4434782608695652,0.30538922155688625,0.07703081232492998,0.5978260869565217,0.04116766467065868,0.01188707280832095,0.8,0.005988023952095809
yelp,net_rsr,0.05,3,1,SAGE,none,default,2,45954,340274,0.8090186416881106,0.4631505671994241,0.10451920330524445,0.13600902259349823,2.5,7.404665470123291,7.0,15.0,37.0,0.0634547621011734,0.7696444392204285,4062,0.010140575357966662,0.8089505657621513,0.005900847906978813,0.462509378380771,0.013554555805506048,0.43439716312056736,0.532608695652174,0.36676646706586824,0.10224089635854341,0.7934782608695652,0.05464071856287425,0.01188707280832095,0.8,0.005988023952095809
yelp,net_rsr,0.05,3,2,SAGE,none,default,2,45954,340274,0.8290098932735344,0.4960526115191448,0.11304483562707901,0.15324003994464874,2.4,7.404665470123291,7.0,15.0,37.0,0.0634547621011734,0.7696444392204285,4062,0.010140575357966662,0.8289444517183585,0.005617252635597379,0.4953042097014114,0.015250210155090411,0.450354609929078,0.5521739130434783,0.38023952095808383,0.10784313725490197,0.8369565217391305,0.05763473053892216,0.01337295690936107,0.9,0.006736526946107785
yelp,net_rsr,0.05,3,3,SAGE,none,default,2,45954,340274,0.798165634108565,0.45149037523662405,0.09185401350259781,0.12394026666879654,2.4,7.404665470123291,7.0,15.0,37.0,0.0634547621011734,0.7696444392204285,4062,0.010140575357966662,0.7988821419287416,0.005551377622379576,0.4535023000364857,0.012297096786763752,0.4122340425531915,0.5054347826086957,0.34805389221556887,0.10644257703081232,0.8260869565217391,0.05688622754491018,0.014858841010401188,1.0,0.0074850299401197605
yelp,net_rsr,0.05,3,1,SAGE,graph,default,2,45954,340274,0.84210855275193,0.5446305487399398,0.3330318033695221,0.43231332302093506,4.2,7.404665470123291,7.0,15.0,37.0,0.0634547621011734,0.7696444392204285,4062,0.010140575357966662,0.8422033414078983,0.005564227822079693,0.5442797902292961,0.013977970797759521,0.49645390070921985,0.6086956521739131,0.41916167664670656,0.11064425770308123,0.8586956521739131,0.05913173652694611,0.01337295690936107,0.9,0.006736526946107785
yelp,net_rsr,0.05,3,2,SAGE,graph,default,2,45954,340274,0.8497379763131577,0.5646525185790626,0.343563050031662,0.42839524149894714,4.2,7.404665470123291,7.0,15.0,37.0,0.0634547621011734,0.7696444392204285,4062,0.010140575357966662,0.8492948796478611,0.005270914949627926,0.5633957015748254,0.014645196787159658,0.50177304964539,0.6152173913043478,0.4236526946107784,0.11764705882352941,0.9130434782608695,0.06287425149700598,0.014858841010401188,1.0,0.0074850299401197605
yelp,net_rsr,0.05,3,3,SAGE,graph,default,2,45954,340274,0.837305785577521,0.5273903205854147,0.3037707209587097,0.40242743492126465,4.2,7.404665470123291,7.0,15.0,37.0,0.0634547621011734,0.7696444392204285,4062,0.010140575357966662,0.8371159086610885,0.005025015044979961,0.528384157938553,0.014665970381934497,0.4787234042553192,0.5869565217391305,0.4041916167664671,0.10644257703081232,0.8260869565217391,0.05688622754491018,0.014858841010401188,1.0,0.0074850299401197605
yelp,net_rsr,0.1,1,1,GCN,none,default,2,45954,680548,0.6515821462980353,0.27299879070958893,0.0011257664300501347,0.022487204521894455,7.2,14.809330940246582,14.0,28.0,79.0,0.02563432976603508,0.7726508378982544,2031,0.010140575357966662,0.6514862037402813,0.006920729984017643,0.27497043619866557,0.011331347225311723,0.2730496453900709,0.3347826086956522,0.23053892215568864,0.06862745098039216,0.532608695652174,0.036676646706586824,0.007429420505200594,0.5,0.0037425149700598802
yelp,net_rsr,0.1,1,2,GCN,none,default,2,45954,680548,0.6488346658261888,0.2688626761460057,0.0013426309451460838,0.027310309931635857,7.2,14.809330940246582,14.0,28.0,79.0,0.02563432976603508,0.7726508378982544,2031,0.010140575357966662,0.6466285679827654,0.00870084935916983,0.2677265063829465,0.012785667321348445,0.2801418439716312,0.34347826086956523,0.23652694610778444,0.06162464985994398,0.4782608695652174,0.03293413173652695,0.007429420505200594,0.5,0.0037425149700598802
yelp,net_rsr,0.1,1,3,GCN,none,default,2,45954,680548,0.6486988472139225,0.26210746070324004,0.00157990213483572,0.02943534031510353,7.2,14.809330940246582,14.0,28.0,79.0,0.02563432976603508,0.7726508378982544,2031,0.010140575357966662,0.6504003146634151,0.008620941141391667,0.2655020344857165,0.012267950750438912,0.2712765957446808,0.33260869565217394,0.22904191616766467,0.058823529411764705,0.45652173913043476,0.03143712574850299,0.005943536404160475,0.4,0.0029940119760479044
yelp,net_rsr,0.1,1,1,GCN,graph,default,2,45954,680548,0.7183807982304232,0.34819008237517196,0.029845690354704857,0.32662278413772583,8.9,14.809330940246582,14.0,28.0,79.0,0.02563432976603508,0.7726508378982544,2031,0.010140575357966662,0.7181807005806291,0.0071459382199304975,0.35049304959626887,0.013338131023446005,0.3448581560283688,0.42282608695652174,0.2911676646706587,0.08823529411764706,0.6847826086956522,0.04715568862275449,0.010401188707280832,0.7,0.005239520958083832
yelp,net_rsr,0.1,1,2,GCN,graph,default,2,45954,680548,0.7233262916631096,0.35418295478754547,0.031144781038165092,0.3010725975036621,8.9,14.809330940246582,14.0,28.0,79.0,0.02563432976603508,0.7726508378982544,2031,0.010140575357966662,0.7208945031281582,0.008470410765642367,0.3519300196591665,0.015200206982955813,0.3537234042553192,0.43369565217391304,0.2986526946107784,0.09243697478991597,0.717391304347826,0.04940119760479042,0.008915304606240713,0.6,0.004491017964071856
yelp,net_rsr,0.1,1,3,GCN,graph,default,2,45954,680548,0.7215205377178433,0.3439530901778656,0.02904425747692585,0.295308917760849,8.9,14.809330940246582,14.0,28.0,79.0,0.02563432976603508,0.7726508378982544,2031,0.010140575357966662,0.7228316111706876,0.007590543188483304,0.34637989238148187,0.01488339024025868,0.34929078014184395,0.4282608695652174,0.2949101796407186,0.07563025210084033,0.5869565217391305,0.040419161676646706,0.010401188707280832,0.7,0.005239520958083832
yelp,net_rsr,0.1,1,1,SAGE,none,default,2,45954,680548,0.8153806313035843,0.4734025934723281,0.09894711524248123,0.12419086694717407,3.7,14.809330940246582,14.0,28.0,79.0,0.02563432976603508,0.7726508378982544,2031,0.010140575357966662,0.8155789541019753,0.005724340206481393,0.47392515975923144,0.013062233191032776,0.44060283687943264,0.5402173913043479,0.37200598802395207,0.09523809523809523,0.7391304347826086,0.05089820359281437,0.01188707280832095,0.8,0.005988023952095809
yelp,net_rsr,0.1,1,2,SAGE,none,default,2,45954,680548,0.8345605917746992,0.5119437326120048,0.11502440273761749,0.1472025215625763,3.7,14.809330940246582,14.0,28.0,79.0,0.02563432976603508,0.7726508378982544,2031,0.010140575357966662,0.834797713932348,0.005713007262640844,0.5118223535618708,0.014985209323693124,0.4574468085106383,0.5608695652173913,0.38622754491017963,0.10504201680672269,0.8152173913043478,0.0561377245508982,0.014858841010401188,1.0,0.0074850299401197605
yelp,net_rsr,0.1,1,3,SAGE,none,default,2,45954,680548,0.8067439300370745,0.47304768554947274,0.09003163129091263,0.114772267639637,3.7,14.809330940246582,14.0,28.0,79.0,0.02563432976603508,0.7726508378982544,2031,0.010140575357966662,0.8076955417480542,0.005797857366388095,0.4751076877742281,0.013139054034643527,0.425531914893617,0.5217391304347826,0.3592814371257485,0.1092436974789916,0.8478260869565217,0.058383233532934134,0.014858841010401188,1.0,0.0074850299401197605
yelp,net_rsr,0.1,1,1,SAGE,graph,default,2,45954,680548,0.8504099235337877,0.5654326756723919,0.3300815522670746,0.42115041613578796,5.4,14.809330940246582,14.0,28.0,79.0,0.02563432976603508,0.7726508378982544,2031,0.010140575357966662,0.8506653208926691,0.0055598893471028735,0.5666210025436115,0.013023778943953259,0.5168439716312057,0.633695652173913,0.43637724550898205,0.1134453781512605,0.8804347826086957,0.06062874251497006,0.014858841010401188,1.0,0.0074850299401197605
yelp,net_rsr,0.1,1,2,SAGE,graph,default,2,45954,680548,0.8609841480480993,0.589920815881973,0.3343736231327057,0.4201732575893402,5.4,14.809330940246582,14.0,28.0,79.0,0.02563432976603508,0.7726508378982544,2031,0.010140575357966662,0.8609290751286296,0.005397259727095583,0.5897482729180471,0.014549616809328694,0.5203900709219859,0.6380434782608696,0.4393712574850299,0.12044817927170869,0.9347826086956522,0.06437125748502993,0.014858841010401188,1.0,0.0074850299401197605
yelp,net_rsr,0.1,1,3,SAGE,graph,default,2,45954,680548,0.8486319430893813,0.5620693789938347,0.29516181349754333,0.38566309213638306,5.4,14.809330940246582,14.0,28.0,79.0,0.02563432976603508,0.7726508378982544,2031,0.010140575357966662,0.8487396420745545,0.0054437641267682515,0.5633728392864665,0.01465536952646419,0.5053191489361702,0.6195652173913043,0.42664670658682635,0.11484593837535013,0.8913043478260869,0.061377245508982034,0.014858841010401188,1.0,0.0074850299401197605
yelp,net_rsr,0.1,2,1,GCN,none,default,2,45954,680548,0.6599717443930876,0.2686097526747411,0.0010225422447547317,0.02126307412981987,7.2,14.809330940246582,14.0,28.0,67.0,0.027853941544890404,0.7721747756004333,2111,0.010140575357966662,0.6595525581004851,0.007407592726087516,0.2701719972662747,0.01194521095965772,0.27393617021276595,0.3358695652173913,0.2312874251497006,0.06162464985994398,0.4782608695652174,0.03293413173652695,0.007429420505200594,0.5,0.0037425149700598802
yelp,net_rsr,0.1,2,2,GCN,none,default,2,45954,680548,0.6480148473419759,0.2583775573837085,0.001273894333280623,0.026750367134809494,7.2,14.809330940246582,14.0,28.0,67.0,0.027853941544890404,0.7721747756004333,2111,0.010140575357966662,0.6463458257395793,0.008709198871853098,0.25699334234355103,0.011547089911824605,0.2579787234042553,0.31630434782608696,0.21781437125748504,0.06862745098039216,0.532608695652174,0.036676646706586824,0.010401188707280832,0.7,0.005239520958083832
yelp,net_rsr,0.1,2,3,GCN,none,default,2,45954,680548,0.6536867393014378,0.2732518928252284,0.0013570747105404735,0.02709374949336052,7.2,14.809330940246582,14.0,28.0,67.0,0.027853941544890404,0.7721747756004333,2111,0.010140575357966662,0.6542621641849532,0.00859606007977971,0.2750471217225496,0.012181196175844268,0.274822695035461,0.33695652173913043,0.23203592814371257,0.07137858642407278,0.5483870967741935,0.03817365269461078,0.010401188707280832,0.7,0.005239520958083832
yelp,net_rsr,0.1,2,1,GCN,graph,default,2,45954,680548,0.7264339225063112,0.343641028485806,0.028390854597091675,0.324214369058609,8.9,14.809330940246582,14.0,28.0,67.0,0.027853941544890404,0.7721747756004333,2111,0.010140575357966662,0.7262261989418551,0.007494884986279993,0.3445579900313126,0.013171977144682094,0.3421985815602837,0.41956521739130437,0.28892215568862273,0.07282913165266107,0.5652173913043478,0.038922155688622756,0.010401188707280832,0.7,0.005239520958083832
yelp,net_rsr,0.1,2,2,GCN,graph,default,2,45954,680548,0.7202108956730123,0.34825316046958393,0.030945971608161926,0.3094484210014343,8.9,14.809330940246582,14.0,28.0,67.0,0.027853941544890404,0.7721747756004333,2111,0.010140575357966662,0.7187734407715912,0.008150041816027057,0.3449361849561254,0.014079643872210322,0.34397163120567376,0.4217391304347826,0.2904191616766467,0.07983193277310924,0.6195652173913043,0.04266467065868264,0.010401188707280832,0.7,0.005239520958083832
yelp,net_rsr,0.1,2,3,GCN,graph,default,2,45954,680548,0.7230752820987353,0.355579744266062,0.029146071523427963,0.29413819313049316,8.9,14.809330940246582,14.0,28.0,67.0,0.027853941544890404,0.7721747756004333,2111,0.010140575357966662,0.7229315883124433,0.007445607636775339,0.3566979270394624,0.01487368180631743,0.3546099290780142,0.43478260869565216,0.2994011976047904,0.08403361344537816,0.6521739130434783,0.04491017964071856,0.014858841010401188,1.0,0.0074850299401197605
yelp,net_rsr,0.1,2,1,SAGE,none,default,2,45954,680548,0.8149098633181702,0.46394734680274174,0.09586701542139053,0.12228237092494965,3.7,14.809330940246582,14.0,28.0,67.0,0.027853941544890404,0.7721747756004333,2111,0.010140575357966662,0.8150005400797669,0.005806391166131882,0.4634415948221403,0.01335031982757765,0.4326241134751773,0.5304347826086957,0.3652694610778443,0.09663865546218488,0.75,0.051646706586826345,0.01188707280832095,0.8,0.005988023952095809
yelp,net_rsr,0.1,2,2,SAGE,none,default,2,45954,680548,0.8320626440601485,0.5033897492813031,0.11172284930944443,0.14508311450481415,3.7,14.809330940246582,14.0,28.0,67.0,0.027853941544890404,0.7721747756004333,2111,0.010140575357966662,0.8318867757406622,0.0056680823238528235,0.5027682048400312,0.015668960606891852,0.45567375886524825,0.558695652173913,0.3847305389221557,0.10084033613445378,0.782608695652174,0.05389221556886228,0.01337295690936107,0.9,0.006736526946107785
yelp,net_rsr,0.1,2,3,SAGE,none,default,2,45954,680548,0.8046271891044794,0.46838802346954933,0.08811287581920624,0.11336050182580948,3.7,14.809330940246582,14.0,28.0,67.0,0.027853941544890404,0.7721747756004333,2111,0.010140575357966662,0.8056678284379203,0.00528293451733125,0.4709108815144334,0.011766305875682892,0.43439716312056736,0.532608695652174,0.36676646706586824,0.11204481792717087,0.8695652173913043,0.059880239520958084,0.014858841010401188,1.0,0.0074850299401197605
yelp,net_rsr,0.1,2,1,SAGE,graph,default,2,45954,680548,0.85147655935583,0.5616940460838471,0.32242316007614136,0.4243754744529724,5.4,14.809330940246582,14.0,28.0,67.0,0.027853941544890404,0.7721747756004333,2111,0.010140575357966662,0.8515714204795803,0.0054568802534559055,0.561983990221003,0.013714913381192295,0.5079787234042553,0.6228260869565218,0.42889221556886226,0.1092436974789916,0.8478260869565217,0.058383233532934134,0.014858841010401188,1.0,0.0074850299401197605
yelp,net_rsr,0.1,2,2,SAGE,graph,default,2,45954,680548,0.8552454662975475,0.5760103585723131,0.3304509222507477,0.418251633644104,5.4,14.809330940246582,14.0,28.0,67.0,0.027853941544890404,0.7721747756004333,2111,0.010140575357966662,0.8547163445559977,0.005298217570270292,0.5748716120517217,0.015323619289604823,0.5150709219858156,0.6315217391304347,0.43488023952095806,0.11764705882352941,0.9130434782608695,0.06287425149700598,0.014858841010401188,1.0,0.0074850299401197605
yelp,net_rsr,0.1,2,3,SAGE,graph,default,2,45954,680548,0.8473594117772602,0.5599253817812999,0.2915923595428467,0.3812250792980194,5.4,14.809330940246582,14.0,28.0,67.0,0.027853941544890404,0.7721747756004333,2111,0.010140575357966662,0.8473054001460479,0.004921454360315913,0.5609712515574037,0.014439903869813872,0.499113475177305,0.6119565217391304,0.4214071856287425,0.11204481792717087,0.8695652173913043,0.059880239520958084,0.01337295690936107,0.9,0.006736526946107785
yelp,net_rsr,0.1,3,1,GCN,none,default,2,45954,680548,0.6449107894191252,0.264335765432416,0.0010709145572036505,0.021445250138640404,7.2,14.809330940246582,14.0,28.0,65.0,0.02744048461318016,0.7713959813117981,2075,0.010140575357966662,0.645546350367545,0.007561491755827508,0.26600545354896055,0.011510279414757577,0.26595744680851063,0.32608695652173914,0.2245508982035928,0.06722689075630252,0.5217391304347826,0.03592814371257485,0.005943536404160475,0.4,0.0029940119760479044
yelp,net_rsr,0.1,3,2,GCN,none,default,2,45954,680548,0.6402952432710953,0.25970807179516053,0.0012101479806005955,0.025333261117339134,7.2,14.809330940246582,14.0,28.0,65.0,0.02744048461318016,0.7713959813117981,2075,0.010140575357966662,0.6388113583541029,0.008168406334469675,0.25878148792617894,0.012319498935084511,0.26861702127659576,0.3293478260869565,0.22679640718562874,0.06022408963585434,0.4673913043478261,0.03218562874251497,0.008915304606240713,0.6,0.004491017964071856
yelp,net_rsr,0.1,3,3,GCN,none,default,2,45954,680548,0.6401861024641146,0.2580209142937466,0.0014375884784385562,0.027677878737449646,7.2,14.809330940246582,14.0,28.0,65.0,0.02744048461318016,0.7713959813117981,2075,0.010140575357966662,0.6413042895163376,0.0073272968170409606,0.2604113047055583,0.01114866120338746,0.2695035460992908,0.33043478260869563,0.2275449101796407,0.06022408963585434,0.4673913043478261,0.03218562874251497,0.007429420505200594,0.5,0.0037425149700598802
yelp,net_rsr,0.1,3,1,GCN,graph,default,2,45954,680548,0.7174445501817139,0.3447194916161539,0.02974129654467106,0.32725706696510315,8.9,14.809330940246582,14.0,28.0,65.0,0.02744048461318016,0.7713959813117981,2075,0.010140575357966662,0.7175348633920049,0.007760361443133934,0.3461515203062718,0.013533129545628372,0.33599290780141844,0.41195652173913044,0.2836826347305389,0.0896358543417367,0.6956521739130435,0.04790419161676647,0.008915304606240713,0.6,0.004491017964071856
yelp,net_rsr,0.1,3,2,GCN,graph,default,2,45954,680548,0.716964826075954,0.3489343384803589,0.03130090981721878,0.3059822916984558,8.9,14.809330940246582,14.0,28.0,65.0,0.02744048461318016,0.7713959813117981,2075,0.010140575357966662,0.715022768216055,0.007679165155268743,0.34671520574885895,0.01418362807813399,0.3395390070921986,0.41630434782608694,0.2866766467065868,0.08123249299719888,0.6304347826086957,0.04341317365269461,0.01188707280832095,0.8,0.005988023952095809
yelp,net_rsr,0.1,3,3,GCN,graph,default,2,45954,680548,0.7194097516524994,0.3487115001919868,0.02816361002624035,0.29503872990608215,8.9,14.809330940246582,14.0,28.0,65.0,0.02744048461318016,0.7713959813117981,2075,0.010140575357966662,0.7198792853896614,0.006607940635549846,0.350919051878104,0.013996745817608633,0.3448581560283688,0.42282608695652174,0.2911676646706587,0.08403361344537816,0.6521739130434783,0.04491017964071856,0.007429420505200594,0.5,0.0037425149700598802
yelp,net_rsr,0.1,3,1,SAGE,none,default,2,45954,680548,0.8136455259033868,0.47180794225869316,0.09771370887756348,0.12310958653688431,3.7,14.809330940246582,14.0,28.0,65.0,0.02744048461318016,0.7713959813117981,2075,0.010140575357966662,0.8137991517378178,0.005775252563408965,0.4711427143263387,0.013670807230027688,0.43882978723404253,0.5380434782608695,0.37050898203592814,0.10084033613445378,0.782608695652174,0.05389221556886228,0.01337295690936107,0.9,0.006736526946107785
yelp,net_rsr,0.1,3,2,SAGE,none,default,2,45954,680548,0.8321422010866252,0.5051086988993143,0.11170200258493423,0.14298662543296814,3.7,14.809330940246582,14.0,28.0,65.0,0.02744048461318016,0.7713959813117981,2075,0.010140575357966662,0.8320715466906201,0.005637153194825723,0.5038442307610016,0.015543508969350736,0.4574468085106383,0.5608695652173913,0.38622754491017963,0.10784313725490197,0.8369565217391305,0.05763473053892216,0.01337295690936107,0.9,0.006736526946107785
yelp,net_rsr,0.1,3,3,SAGE,none,default,2,45954,680548,0.8073722876294254,0.47147352605535575,0.08892059326171875,0.11224838346242905,3.7,14.809330940246582,14.0,28.0,65.0,0.02744048461318016,0.7713959813117981,2075,0.010140575357966662,0.8081670283599091,0.005550239588346943,0.47377768190773295,0.01244192767478344,0.42109929078014185,0.5163043478260869,0.3555389221556886,0.11204481792717087,0.8695652173913043,0.059880239520958084,0.014858841010401188,1.0,0.0074850299401197605
yelp,net_rsr,0.1,3,1,SAGE,graph,default,2,45954,680548,0.8497142997609668,0.5676751135332453,0.3209977447986603,0.4207618236541748,5.4,14.809330940246582,14.0,28.0,65.0,0.02744048461318016,0.7713959813117981,2075,0.010140575357966662,0.8499096463795887,0.005487122076339191,0.5669003370201804,0.013606288131081355,0.5115248226950354,0.6271739130434782,0.4318862275449102,0.11204481792717087,0.8695652173913043,0.059880239520958084,0.014858841010401188,1.0,0.0074850299401197605
yelp,net_rsr,0.1,3,2,SAGE,graph,default,2,45954,680548,0.8595215373733186,0.5905053573942493,0.3276780843734741,0.4151930809020996,5.4,14.809330940246582,14.0,28.0,65.0,0.02744048461318016,0.7713959813117981,2075,0.010140575357966662,0.8590852569466637,0.005097259572444263,0.5887379798925841,0.014077044620497045,0.5186170212765957,0.6358695652173914,0.437874251497006,0.12044817927170869,0.9347826086956522,0.06437125748502993,0.014858841010401188,1.0,0.0074850299401197605
yelp,net_rsr,0.1,3,3,SAGE,graph,default,2,45954,680548,0.8479799565837776,0.5635265827111025,0.2909952700138092,0.3793320655822754,5.4,14.809330940246582,14.0,28.0,65.0,0.02744048461318016,0.7713959813117981,2075,0.010140575357966662,0.8479167187710352,0.005204014646973229,0.5643738840610284,0.015466060267683374,0.5124113475177305,0.6282608695652174,0.43263473053892215,0.1134453781512605,0.8804347826086957,0.06062874251497006,0.014858841010401188,1.0,0.0074850299401197605
yelp,net_rsr,0.2,1,1,GCN,none,default,2,45954,1361098,0.6364797930869421,0.26224224853689937,0.00030633187270723283,0.014791413210332394,13.0,29.61870574951172,29.0,54.0,124.0,0.01053227111697197,0.7726688385009766,1230,0.010140575357966662,0.6365707094633863,0.0073319282679453835,0.264325240474125,0.010658712722652553,0.2695035460992908,0.33043478260869563,0.2275449101796407,0.06722689075630252,0.5217391304347826,0.03592814371257485,0.010401188707280832,0.7,0.005239520958083832
yelp,net_rsr,0.2,1,2,GCN,none,default,2,45954,1361098,0.6313889532543874,0.25534896279674,0.000337182980729267,0.017438849434256554,13.0,29.61870574951172,29.0,54.0,124.0,0.01053227111697197,0.7726688385009766,1230,0.010140575357966662,0.629909193205159,0.009030763905579891,0.25441463178495743,0.012394036126912138,0.25,0.3065217391304348,0.21107784431137724,0.06302521008403361,0.4891304347826087,0.033682634730538924,0.01188707280832095,0.8,0.005988023952095809
yelp,net_rsr,0.2,1,3,GCN,none,default,2,45954,1361098,0.6204804939509982,0.24450096732362542,0.0003941716568078846,0.018592413514852524,13.0,29.61870574951172,29.0,54.0,124.0,0.01053227111697197,0.7726688385009766,1230,0.010140575357966662,0.6215064564533858,0.008868856980209996,0.2469697626628812,0.01183919052389839,0.24468085106382978,0.3,0.20658682634730538,0.06162464985994398,0.4782608695652174,0.03293413173652695,0.01188707280832095,0.8,0.005988023952095809
yelp,net_rsr,0.2,1,1,GCN,graph,default,2,45954,1361098,0.6979391204861154,0.3237831759727315,0.01107191201299429,0.32123658061027527,14.8,29.61870574951172,29.0,54.0,124.0,0.01053227111697197,0.7726688385009766,1230,0.010140575357966662,0.6976575583162488,0.007111892336821674,0.3258010355439601,0.012756964307514863,0.32269503546099293,0.39565217391304347,0.27245508982035926,0.08123249299719888,0.6304347826086957,0.04341317365269461,0.007429420505200594,0.5,0.0037425149700598802
yelp,net_rsr,0.2,1,2,GCN,graph,default,2,45954,1361098,0.6966741161261998,0.3295839981309827,0.012134440243244171,0.30580925941467285,14.8,29.61870574951172,29.0,54.0,124.0,0.01053227111697197,0.7726688385009766,1230,0.010140575357966662,0.6947932029773305,0.008310075717558122,0.3279470397221861,0.014326052446687288,0.32180851063829785,0.39456521739130435,0.2717065868263473,0.09523809523809523,0.7391304347826086,0.05089820359281437,0.007429420505200594,0.5,0.0037425149700598802
yelp,net_rsr,0.2,1,3,GCN,graph,default,2,45954,1361098,0.6923489293053404,0.32314126222220285,0.011360766366124153,0.31587082147598267,14.8,29.61870574951172,29.0,54.0,124.0,0.01053227111697197,0.7726688385009766,1230,0.010140575357966662,0.6930040723450586,0.007357849777457237,0.32402953318812794,0.01489199894743691,0.32358156028368795,0.3967391304347826,0.27320359281437123,0.08403361344537816,0.6521739130434783,0.04491017964071856,0.01188707280832095,0.8,0.005988023952095809
yelp,net_rsr,0.2,1,1,SAGE,none,default,2,45954,1361098,0.8075011985956803,0.45778413139341856,0.09298259019851685,0.11165184527635574,6.1,29.61870574951172,29.0,54.0,124.0,0.01053227111697197,0.7726688385009766,1230,0.010140575357966662,0.8078386337530803,0.005822438877810134,0.4584738473765415,0.01285301747084027,0.4299645390070922,0.5271739130434783,0.3630239520958084,0.09663865546218488,0.75,0.051646706586826345,0.01337295690936107,0.9,0.006736526946107785
yelp,net_rsr,0.2,1,2,SAGE,none,default,2,45954,1361098,0.8347309009780844,0.5094325292859362,0.11322180181741714,0.13751041889190674,6.1,29.61870574951172,29.0,54.0,124.0,0.01053227111697197,0.7726688385009766,1230,0.010140575357966662,0.8348745412812343,0.005772082574677965,0.509344150901743,0.015457224715892582,0.4627659574468085,0.5673913043478261,0.3907185628742515,0.10224089635854341,0.7934782608695652,0.05464071856287425,0.01337295690936107,0.9,0.006736526946107785
yelp,net_rsr,0.2,1,3,SAGE,none,default,2,45954,1361098,0.808958140236838,0.4761424522715035,0.08709094673395157,0.10737086087465286,6.1,29.61870574951172,29.0,54.0,124.0,0.01053227111697197,0.7726688385009766,1230,0.010140575357966662,0.8099179868106531,0.0054604970536786205,0.47893373291270486,0.012318997434302379,0.4299645390070922,0.5271739130434783,0.3630239520958084,0.1092436974789916,0.8478260869565217,0.058383233532934134,0.01337295690936107,0.9,0.006736526946107785
yelp,net_rsr,0.2,1,1,SAGE,graph,default,2,45954,1361098,0.8589055659048501,0.5844253743613688,0.3235304355621338,0.4170262813568115,7.8,29.61870574951172,29.0,54.0,124.0,0.01053227111697197,0.7726688385009766,1230,0.010140575357966662,0.8592117232819994,0.005285985078414956,0.5857259857890917,0.01314183101191064,0.5301418439716312,0.65,0.4476047904191617,0.11204481792717087,0.8695652173913043,0.059880239520958084,0.014858841010401188,1.0,0.0074850299401197605
yelp,net_rsr,0.2,1,2,SAGE,graph,default,2,45954,1361098,0.8666073530129152,0.6038378297740417,0.32610976696014404,0.41513437032699585,7.8,29.61870574951172,29.0,54.0,124.0,0.01053227111697197,0.7726688385009766,1230,0.010140575357966662,0.8663599891155295,0.005100708800486427,0.6029773851948336,0.014830249060865662,0.5372340425531915,0.658695652173913,0.4535928143712575,0.11624649859943978,0.9021739130434783,0.06212574850299401,0.01337295690936107,0.9,0.006736526946107785
yelp,net_rsr,0.2,1,3,SAGE,graph,default,2,45954,1361098,0.857369305431906,0.5908483946540649,0.28763413429260254,0.3742872178554535,7.8,29.61870574951172,29.0,54.0,124.0,0.01053227111697197,0.7726688385009766,1230,0.010140575357966662,0.857371656307285,0.0051460300164740125,0.5926591458887411,0.014485660234108839,0.525709219858156,0.6445652173913043,0.4438622754491018,0.11904761904761904,0.9239130434782609,0.06362275449101797,0.014858841010401188,1.0,0.0074850299401197605
yelp,net_rsr,0.2,2,1,GCN,none,default,2,45954,1361098,0.6273402628297376,0.2577087423602612,0.00030518494895659387,0.01450282521545887,13.0,29.61870574951172,29.0,55.0,120.0,0.01105453260242939,0.7715785503387451,1247,0.010140575357966662,0.6275764508017623,0.0077144614690404095,0.25945566309424445,0.011648428381315029,0.25443262411347517,0.3119565217391304,0.2148203592814371,0.06862745098039216,0.532608695652174,0.036676646706586824,0.008915304606240713,0.6,0.004491017964071856
yelp,net_rsr,0.2,2,2,GCN,none,default,2,45954,1361098,0.6254203659889996,0.24615091143069562,0.0003366612072568387,0.017199048772454262,13.0,29.61870574951172,29.0,55.0,120.0,0.01105453260242939,0.7715785503387451,1247,0.010140575357966662,0.6241593499616622,0.009177745127437933,0.24482737690641573,0.011686059663212697,0.24911347517730498,0.30543478260869567,0.21032934131736528,0.05742296918767507,0.44565217391304346,0.030688622754491017,0.010401188707280832,0.7,0.005239520958083832
yelp,net_rsr,0.2,2,3,GCN,none,default,2,45954,1361098,0.6267721208550313,0.26276007959876363,0.00034477649023756385,0.016752509400248528,13.0,29.61870574951172,29.0,55.0,120.0,0.01105453260242939,0.7715785503387451,1247,0.010140575357966662,0.62764232386467,0.008456992077752981,0.26470975923230433,0.01082883894728994,0.2624113475177305,0.3217391304347826,0.2215568862275449,0.07563025210084033,0.5869565217391305,0.040419161676646706,0.01337295690936107,0.9,0.006736526946107785
yelp,net_rsr,0.2,2,1,GCN,graph,default,2,45954,1361098,0.6915774643432078,0.3226603361024228,0.011217733845114708,0.331343412399292,14.8,29.61870574951172,29.0,55.0,120.0,0.01105453260242939,0.7715785503387451,1247,0.010140575357966662,0.6917202886054727,0.008189706434652978,0.32418021646364004,0.01291604394746243,0.3129432624113475,0.38369565217391305,0.26422155688622756,0.09103641456582633,0.7065217391304348,0.048652694610778445,0.010401188707280832,0.7,0.005239520958083832
yelp,net_rsr,0.2,2,2,GCN,graph,default,2,45954,1361098,0.6908322007969805,0.32747039203435174,0.011972221545875072,0.31110909581184387,14.7,29.61870574951172,29.0,55.0,120.0,0.01105453260242939,0.7715785503387451,1247,0.010140575357966662,0.688870686254506,0.008994808417958034,0.3255411840354314,0.014544351414907333,0.32092198581560283,0.3934782608695652,0.27095808383233533,0.09943977591036414,0.7717391304347826,0.0531437125748503,0.010401188707280832,0.7,0.005239520958083832
yelp,net_rsr,0.2,2,3,GCN,graph,default,2,45954,1361098,0.698973933497567,0.3422375715760434,0.011125259101390839,0.30720946192741394,14.8,29.61870574951172,29.0,55.0,120.0,0.01105453260242939,0.7715785503387451,1247,0.010140575357966662,0.6989022728978802,0.0076019686997813385,0.3428601262869851,0.014001288408636325,0.3333333333333333,0.40869565217391307,0.281437125748503,0.09663865546218488,0.75,0.051646706586826345,0.008915304606240713,0.6,0.004491017964071856
yelp,net_rsr,0.2,2,1,SAGE,none,default,2,45954,1361098,0.8137321334926887,0.47252391228028456,0.09743818640708923,0.11872117221355438,6.1,29.61870574951172,29.0,55.0,120.0,0.01105453260242939,0.7715785503387451,1247,0.010140575357966662,0.8139935692458793,0.005906952290178048,0.4723808446066526,0.013568382103681149,0.44148936170212766,0.5413043478260869,0.3727544910179641,0.10224089635854341,0.7934782608695652,0.05464071856287425,0.01188707280832095,0.8,0.005988023952095809
yelp,net_rsr,0.2,2,2,SAGE,none,default,2,45954,1361098,0.8371587718148225,0.520209314225135,0.11452919989824295,0.1415501981973648,6.1,29.61870574951172,29.0,55.0,120.0,0.01105453260242939,0.7715785503387451,1247,0.010140575357966662,0.8370286772943925,0.005687171165915044,0.5196264735716869,0.016258716873367787,0.46365248226950356,0.5684782608695652,0.39146706586826346,0.10504201680672269,0.8152173913043478,0.0561377245508982,0.01188707280832095,0.8,0.005988023952095809
yelp,net_rsr,0.2,2,3,SAGE,none,default,2,45954,1361098,0.8165294919326317,0.49631035505864596,0.08885029703378677,0.10934378206729889,6.1,29.61870574951172,29.0,55.0,120.0,0.01105453260242939,0.7715785503387451,1247,0.010140575357966662,0.817474595151831,0.005288359846655523,0.49873675474666074,0.012150980630797777,0.45567375886524825,0.558695652173913,0.3847305389221557,0.11204481792717087,0.8695652173913043,0.059880239520958084,0.014858841010401188,1.0,0.0074850299401197605
yelp,net_rsr,0.2,2,1,SAGE,graph,default,2,45954,1361098,0.858372200354891,0.5871284169204365,0.3180944323539734,0.4159625470638275,7.8,29.61870574951172,29.0,55.0,120.0,0.01105453260242939,0.7715785503387451,1247,0.010140575357966662,0.85858011537596,0.0053612507314899326,0.5877524766031388,0.013136284277653475,0.5230496453900709,0.6413043478260869,0.4416167664670659,0.11624649859943978,0.9021739130434783,0.06212574850299401,0.01337295690936107,0.9,0.006736526946107785
yelp,net_rsr,0.2,2,2,SAGE,graph,default,2,45954,1361098,0.8652670791309438,0.6074872787879074,0.32974493503570557,0.4151173233985901,7.8,29.61870574951172,29.0,55.0,120.0,0.01105453260242939,0.7715785503387451,1247,0.010140575357966662,0.8648151815851693,0.005438548493293648,0.6060478907136164,0.014994978487591246,0.5328014184397163,0.6532608695652173,0.4498502994011976,0.12184873949579832,0.9456521739130435,0.06511976047904192,0.014858841010401188,1.0,0.0074850299401197605
yelp,net_rsr,0.2,2,3,SAGE,graph,default,2,45954,1361098,0.8570116799242655,0.5921802447489103,0.2831546366214752,0.36712369322776794,7.8,29.61870574951172,29.0,55.0,120.0,0.01105453260242939,0.7715785503387451,1247,0.010140575357966662,0.8570163515212146,0.004679816368839975,0.5928529441804394,0.014416327799313162,0.5372340425531915,0.658695652173913,0.4535928143712575,0.11764705882352941,0.9130434782608695,0.06287425149700598,0.01337295690936107,0.9,0.006736526946107785
yelp,net_rsr,0.2,3,1,GCN,none,default,2,45954,1361098,0.629683812746198,0.2539183654832941,0.0002986649051308632,0.014316734857857227,13.0,29.61870574951172,29.0,54.0,117.0,0.010466989129781723,0.7719781994819641,1227,0.010140575357966662,0.6298556944336837,0.007187393039765719,0.25568255763524966,0.010735752435854368,0.25177304964539005,0.30869565217391304,0.2125748502994012,0.06862745098039216,0.532608695652174,0.036676646706586824,0.004457652303120356,0.3,0.002245508982035928
yelp,net_rsr,0.2,3,2,GCN,none,default,2,45954,1361098,0.6173544268387867,0.2452723582478316,0.00035838433541357517,0.01815815083682537,13.0,29.61870574951172,29.0,54.0,117.0,0.010466989129781723,0.7719781994819641,1227,0.010140575357966662,0.6148557067236283,0.008750585552154135,0.24340519293361848,0.012783407435875895,0.24911347517730498,0.30543478260869567,0.21032934131736528,0.06162464985994398,0.4782608695652174,0.03293413173652695,0.010401188707280832,0.7,0.005239520958083832
yelp,net_rsr,0.2,3,3,GCN,none,default,2,45954,1361098,0.6123228974840542,0.2497279289129699,0.00035166111774742603,0.016932038590312004,13.0,29.61870574951172,29.0,54.0,117.0,0.010466989129781723,0.7719781994819641,1227,0.010140575357966662,0.6137442183594799,0.008041586684120356,0.2519924021986881,0.011680093744972912,0.250886524822695,0.3076086956521739,0.2118263473053892,0.06722689075630252,0.5217391304347826,0.03592814371257485,0.01188707280832095,0.8,0.005988023952095809
yelp,net_rsr,0.2,3,1,GCN,graph,default,2,45954,1361098,0.6888416554111736,0.32352282325959203,0.01109483651816845,0.3262326419353485,14.8,29.61870574951172,29.0,54.0,117.0,0.010466989129781723,0.7719781994819641,1227,0.010140575357966662,0.6886813523607119,0.0075897027379821895,0.3255816682445807,0.013099627919044949,0.3182624113475177,0.39021739130434785,0.2687125748502994,0.08823529411764706,0.6847826086956522,0.04715568862275449,0.01188707280832095,0.8,0.005988023952095809
yelp,net_rsr,0.2,3,2,GCN,graph,default,2,45954,1361098,0.6899427341853971,0.3292871056832952,0.012102905660867691,0.30343395471572876,14.8,29.61870574951172,29.0,54.0,117.0,0.010466989129781723,0.7719781994819641,1227,0.010140575357966662,0.6877053290271635,0.008645798754228882,0.3275536555396188,0.014140149765469377,0.3120567375886525,0.3826086956521739,0.2634730538922156,0.09103641456582633,0.7065217391304348,0.048652694610778445,0.008915304606240713,0.6,0.004491017964071856
yelp,net_rsr,0.2,3,3,GCN,graph,default,2,45954,1361098,0.6867303453175116,0.32505656685206996,0.010783611796796322,0.31301602721214294,14.8,29.61870574951172,29.0,54.0,117.0,0.010466989129781723,0.7719781994819641,1227,0.010140575357966662,0.687079923493687,0.007873605083904165,0.3266316769760387,0.013613300837948919,0.3191489361702128,0.391304347826087,0.2694610778443114,0.09103641456582633,0.7065217391304348,0.048652694610778445,0.01337295690936107,0.9,0.006736526946107785
yelp,net_rsr,0.2,3,1,SAGE,none,default,2,45954,1361098,0.8122830522763028,0.46911484527499225,0.09953414648771286,0.11950492858886719,6.1,29.61870574951172,29.0,54.0,117.0,0.010466989129781723,0.7719781994819641,1227,0.010140575357966662,0.8123438118709184,0.005997149371843123,0.46876093249329637,0.01398546451746122,0.44060283687943264,0.5402173913043479,0.37200598802395207,0.10224089635854341,0.7934782608695652,0.05464071856287425,0.01337295690936107,0.9,0.006736526946107785
yelp,net_rsr,0.2,3,2,SAGE,none,default,2,45954,1361098,0.8368175817407955,0.5199897044064051,0.11325870454311371,0.1376708596944809,6.1,29.61870574951172,29.0,54.0,117.0,0.010466989129781723,0.7719781994819641,1227,0.010140575357966662,0.8365147302067215,0.005399285377696701,0.5191492231501206,0.015757380187563234,0.4698581560283688,0.5760869565217391,0.3967065868263473,0.1092436974789916,0.8478260869565217,0.058383233532934134,0.01337295690936107,0.9,0.006736526946107785
yelp,net_rsr,0.2,3,3,SAGE,none,default,2,45954,1361098,0.8131830947321244,0.48589359047415626,0.0897202342748642,0.1080724224448204,6.1,29.61870574951172,29.0,54.0,117.0,0.010466989129781723,0.7719781994819641,1227,0.010140575357966662,0.8140374005933613,0.005434319794516423,0.4884723529415122,0.012210495460520504,0.43439716312056736,0.532608695652174,0.36676646706586824,0.11064425770308123,0.8586956521739131,0.05913173652694611,0.014858841010401188,1.0,0.0074850299401197605
yelp,net_rsr,0.2,3,1,SAGE,graph,default,2,45954,1361098,0.8596695039147775,0.5868050749196434,0.3227597773075104,0.41805148124694824,7.8,29.61870574951172,29.0,54.0,117.0,0.010466989129781723,0.7719781994819641,1227,0.010140575357966662,0.8599411265638872,0.005247477893773373,0.5869459935849534,0.01322896457368214,0.523936170212766,0.6423913043478261,0.44236526946107785,0.11484593837535013,0.8913043478260869,0.061377245508982034,0.014858841010401188,1.0,0.0074850299401197605
yelp,net_rsr,0.2,3,2,SAGE,graph,default,2,45954,1361098,0.8658831458772882,0.6111990822268301,0.33125874400138855,0.4140988290309906,7.8,29.61870574951172,29.0,54.0,117.0,0.010466989129781723,0.7719781994819641,1227,0.010140575357966662,0.8652936096817608,0.005126983428399473,0.6093697477667073,0.014474220687736137,0.5425531914893617,0.6652173913043479,0.45808383233532934,0.12324929971988796,0.9565217391304348,0.0658682634730539,0.01337295690936107,0.9,0.006736526946107785
yelp,net_rsr,0.2,3,3,SAGE,graph,default,2,45954,1361098,0.8555354445132137,0.5939220058951346,0.2859714925289154,0.36609402298927307,7.8,29.61870574951172,29.0,54.0,117.0,0.010466989129781723,0.7719781994819641,1227,0.010140575357966662,0.8554916068031692,0.005036595186229428,0.5952297454366269,0.014943168770489627,0.5363475177304965,0.657608695652174,0.4528443113772455,0.11764705882352941,0.9130434782608695,0.06287425149700598,0.014858841010401188,1.0,0.0074850299401197605
yelp,net_rsr,0.4,1,1,GCN,none,default,2,45954,2722194,0.6029665147810286,0.23764097538879714,3.908689541276544e-05,0.009805976413190365,24.5,59.237369537353516,60.0,108.0,221.0,0.004047525580972433,0.7719427943229675,923,0.010140575357966662,0.6034443669182616,0.00805584262344834,0.23993727946171708,0.009688152578883459,0.2393617021276596,0.29347826086956524,0.20209580838323354,0.06582633053221289,0.5108695652173914,0.035179640718562874,0.007429420505200594,0.5,0.0037425149700598802
yelp,net_rsr,0.4,1,2,GCN,none,default,2,45954,2722194,0.5988210696732807,0.23572615505364622,4.325016197981313e-05,0.011419101618230343,24.5,59.237369537353516,60.0,108.0,221.0,0.004047525580972433,0.7719427943229675,923,0.010140575357966662,0.5967760829094683,0.009178275223927982,0.2343004957047981,0.01187490287769827,0.22783687943262412,0.2793478260869565,0.19236526946107785,0.07142857142857142,0.5543478260869565,0.03817365269461078,0.010401188707280832,0.7,0.005239520958083832
yelp,net_rsr,0.4,1,3,GCN,none,default,2,45954,2722194,0.5960451963943804,0.23925610818401075,5.0617360102478415e-05,0.012228201143443584,24.5,59.237369537353516,60.0,108.0,221.0,0.004047525580972433,0.7719427943229675,923,0.010140575357966662,0.5969558515420248,0.008137995886868376,0.24104360945869652,0.011085367354318594,0.22783687943262412,0.2793478260869565,0.19236526946107785,0.06302521008403361,0.4891304347826087,0.033682634730538924,0.01188707280832095,0.8,0.005988023952095809
yelp,net_rsr,0.4,1,1,GCN,graph,default,2,45954,2722194,0.6587370860366843,0.29091950230691144,0.0028251849580556154,0.37349995970726013,26.3,59.237369537353516,60.0,108.0,221.0,0.004047525580972433,0.7719427943229675,923,0.010140575357966662,0.6587264496649842,0.007431301832995661,0.29283510270728436,0.011605367936214393,0.2845744680851064,0.34891304347826085,0.2402694610778443,0.0784313725490196,0.6086956521739131,0.041916167664670656,0.007429420505200594,0.5,0.0037425149700598802
yelp,net_rsr,0.4,1,2,GCN,graph,default,2,45954,2722194,0.6614879965120676,0.3103300756609638,0.002846052870154381,0.3255155086517334,26.3,59.237369537353516,60.0,108.0,221.0,0.004047525580972433,0.7719427943229675,923,0.010140575357966662,0.6590724530929353,0.008939120308865643,0.3079919112556722,0.013740031516363974,0.2925531914893617,0.358695652173913,0.2470059880239521,0.0938375350140056,0.7282608695652174,0.050149700598802395,0.01188707280832095,0.8,0.005988023952095809
yelp,net_rsr,0.4,1,3,GCN,graph,default,2,45954,2722194,0.6610905448522506,0.3009479955494288,0.002675698371604085,0.3446522355079651,26.3,59.237369537353516,60.0,108.0,221.0,0.004047525580972433,0.7719427943229675,923,0.010140575357966662,0.6613215155322137,0.008240952699358012,0.3020484923715381,0.013589516993935923,0.2987588652482269,0.36630434782608695,0.2522455089820359,0.08543417366946779,0.6630434782608695,0.04565868263473054,0.01337295690936107,0.9,0.006736526946107785
yelp,net_rsr,0.4,1,1,SAGE,none,default,2,45954,2722194,0.8081840074941766,0.46044641048578777,0.09189634770154953,0.10796497017145157,10.9,59.237369537353516,60.0,108.0,221.0,0.004047525580972433,0.7719427943229675,923,0.010140575357966662,0.8084800429308606,0.005790182979949358,0.46069221104650865,0.012779479412333627,0.42730496453900707,0.5239130434782608,0.36077844311377244,0.09663865546218488,0.75,0.051646706586826345,0.01188707280832095,0.8,0.005988023952095809
yelp,net_rsr,0.4,1,2,SAGE,none,default,2,45954,2722194,0.8331361398892642,0.5099398169275224,0.11110197752714157,0.13233259320259094,10.9,59.237369537353516,60.0,108.0,221.0,0.004047525580972433,0.7719427943229675,923,0.010140575357966662,0.8330715927562257,0.005645918424313091,0.5095536615462255,0.015104846428924294,0.46365248226950356,0.5684782608695652,0.39146706586826346,0.10644257703081232,0.8260869565217391,0.05688622754491018,0.01337295690936107,0.9,0.006736526946107785
yelp,net_rsr,0.4,1,3,SAGE,none,default,2,45954,2722194,0.8104142243771114,0.47830954973516293,0.0837593749165535,0.10049281269311905,10.9,59.237369537353516,60.0,108.0,221.0,0.004047525580972433,0.7719427943229675,923,0.010140575357966662,0.8113004329203639,0.005628557001865978,0.48064629790954955,0.012649448673590509,0.4326241134751773,0.5304347826086957,0.3652694610778443,0.1092436974789916,0.8478260869565217,0.058383233532934134,0.01337295690936107,0.9,0.006736526946107785
yelp,net_rsr,0.4,1,1,SAGE,graph,default,2,45954,2722194,0.8652432120230007,0.6001887135230908,0.3220210671424866,0.41758307814598083,12.6,59.237369537353516,60.0,108.0,221.0,0.004047525580972433,0.7719427943229675,923,0.010140575357966662,0.8654485999249588,0.005375263112858981,0.6014277972191328,0.013173182529340058,0.5372340425531915,0.658695652173913,0.4535928143712575,0.11204481792717087,0.8695652173913043,0.059880239520958084,0.014858841010401188,1.0,0.0074850299401197605
yelp,net_rsr,0.4,1,2,SAGE,graph,default,2,45954,2722194,0.8717642680524897,0.6222306873970374,0.32965630292892456,0.415851354598999,12.6,59.237369537353516,60.0,108.0,221.0,0.004047525580972433,0.7719427943229675,923,0.010140575357966662,0.8715440035431363,0.005183652743959791,0.6221518907929153,0.014654233659595452,0.5531914893617021,0.6782608695652174,0.46706586826347307,0.11904761904761904,0.9239130434782609,0.06362275449101797,0.01337295690936107,0.9,0.006736526946107785
yelp,net_rsr,0.4,1,3,SAGE,graph,default,2,45954,2722194,0.8617546602314718,0.6067796341689836,0.28155794739723206,0.365599662065506,12.5,59.237369537353516,60.0,108.0,221.0,0.004047525580972433,0.7719427943229675,923,0.010140575357966662,0.8617479805257702,0.0052096380393074,0.60787758389679,0.014517987171856341,0.5328014184397163,0.6532608695652173,0.4498502994011976,0.12184873949579832,0.9456521739130435,0.06511976047904192,0.014858841010401188,1.0,0.0074850299401197605
yelp,net_rsr,0.4,2,1,GCN,none,default,2,45954,2722194,0.5969862559758283,0.24379294311625802,4.332957178121433e-05,0.010111507959663868,24.5,59.237369537353516,59.0,108.0,218.0,0.004091047681868076,0.7722065448760986,920,0.010140575357966662,0.59651308061793,0.007387130844098897,0.2452443165761888,0.010910897991916524,0.24113475177304963,0.2956521739130435,0.20359281437125748,0.06582633053221289,0.5108695652173914,0.035179640718562874,0.013363028953229399,0.8181818181818182,0.006736526946107785
yelp,net_rsr,0.4,2,2,GCN,none,default,2,45954,2722194,0.596024711651036,0.2315827486620169,4.0232782339444384e-05,0.010575257241725922,24.5,59.237369537353516,59.0,108.0,218.0,0.004091047681868076,0.7722065448760986,920,0.010140575357966662,0.5946165377858926,0.008421070431501903,0.2302013924813105,0.011053815272013632,0.225177304964539,0.27608695652173915,0.19011976047904192,0.06162464985994398,0.4782608695652174,0.03293413173652695,0.008915304606240713,0.6,0.004491017964071856
yelp,net_rsr,0.4,2,3,GCN,none,default,2,45954,2722194,0.600410542839982,0.23995841096926462,5.533493822440505e-05,0.012252149172127247,24.5,59.237369537353516,59.0,108.0,218.0,0.004091047681868076,0.7722065448760986,920,0.010140575357966662,0.601484893013871,0.008814656248655068,0.24176503953189524,0.011729461284165799,0.23315602836879432,0.2858695652173913,0.1968562874251497,0.06442577030812324,0.5,0.0344311377245509,0.010401188707280832,0.7,0.005239520958083832
yelp,net_rsr,0.4,2,1,GCN,graph,default,2,45954,2722194,0.6589289280400502,0.30231971542192054,0.0027291313745081425,0.3654314875602722,26.3,59.237369537353516,59.0,108.0,218.0,0.004091047681868076,0.7722065448760986,920,0.010140575357966662,0.6583661522158721,0.007993242472263525,0.30379418540580794,0.012069659774834035,0.2916666666666667,0.3576086956521739,0.24625748502994013,0.08543417366946779,0.6630434782608695,0.04565868263473054,0.01188707280832095,0.8,0.005988023952095809
yelp,net_rsr,0.4,2,2,GCN,graph,default,2,45954,2722194,0.6662615133785382,0.3061021272440428,0.0030070962384343147,0.32455313205718994,26.3,59.237369537353516,59.0,108.0,218.0,0.004091047681868076,0.7722065448760986,920,0.010140575357966662,0.6638486583967641,0.009131322777917799,0.303524460945751,0.014131846633232177,0.29521276595744683,0.36195652173913045,0.24925149700598803,0.08823529411764706,0.6847826086956522,0.04715568862275449,0.007429420505200594,0.5,0.0037425149700598802
yelp,net_rsr,0.4,2,3,GCN,graph,default,2,45954,2722194,0.6682105652493384,0.3031752327512689,0.0028448840603232384,0.35473987460136414,26.3,59.237369537353516,59.0,108.0,218.0,0.004091047681868076,0.7722065448760986,920,0.010140575357966662,0.6683591485921534,0.008504649308738382,0.30428588593238365,0.01346013828626285,0.30407801418439717,0.37282608695652175,0.25673652694610777,0.08823529411764706,0.6847826086956522,0.04715568862275449,0.010401188707280832,0.7,0.005239520958083832
yelp,net_rsr,0.4,2,1,SAGE,none,default,2,45954,2722194,0.8100708905508738,0.46911322865713206,0.09765937179327011,0.112856425344944,10.9,59.237369537353516,59.0,108.0,218.0,0.004091047681868076,0.7722065448760986,920,0.010140575357966662,0.8104269064765768,0.005888767976054213,0.46900799898125567,0.013110624895117063,0.43351063829787234,0.5315217391304348,0.36601796407185627,0.1092436974789916,0.8478260869565217,0.058383233532934134,0.01337295690936107,0.9,0.006736526946107785
yelp,net_rsr,0.4,2,2,SAGE,none,default,2,45954,2722194,0.8321305295468127,0.5114351164404092,0.11208108812570572,0.12976771593093872,10.9,59.237369537353516,59.0,108.0,218.0,0.004091047681868076,0.7722065448760986,920,0.010140575357966662,0.8318408416422632,0.005637558450600203,0.5110503949036034,0.01501530327730693,0.4592198581560284,0.5630434782608695,0.38772455089820357,0.11204481792717087,0.8695652173913043,0.059880239520958084,0.01337295690936107,0.9,0.006736526946107785
yelp,net_rsr,0.4,2,3,SAGE,none,default,2,45954,2722194,0.8104717245752893,0.48026041865962077,0.08880598843097687,0.10271511226892471,10.9,59.237369537353516,59.0,108.0,218.0,0.004091047681868076,0.7722065448760986,920,0.010140575357966662,0.8114510610138004,0.005550661663955838,0.48294731108086836,0.01245328905658248,0.4370567375886525,0.5358695652173913,0.3690119760479042,0.1092436974789916,0.8478260869565217,0.058383233532934134,0.014858841010401188,1.0,0.0074850299401197605
yelp,net_rsr,0.4,2,1,SAGE,graph,default,2,45954,2722194,0.8649415146285839,0.602857189800744,0.3231198489665985,0.4192923605442047,12.5,59.237369537353516,59.0,108.0,218.0,0.004091047681868076,0.7722065448760986,920,0.010140575357966662,0.8653385994150282,0.005229429959900034,0.6037093102388169,0.01317089532531609,0.5336879432624113,0.6543478260869565,0.4505988023952096,0.11764705882352941,0.9130434782608695,0.06287425149700598,0.014858841010401188,1.0,0.0074850299401197605
yelp,net_rsr,0.4,2,2,SAGE,graph,default,2,45954,2722194,0.8734363947766383,0.6287092538307935,0.32540804147720337,0.41217783093452454,12.6,59.237369537353516,59.0,108.0,218.0,0.004091047681868076,0.7722065448760986,920,0.010140575357966662,0.8729270734403594,0.005172878699813277,0.627730500771658,0.014165384617537519,0.5523049645390071,0.6771739130434783,0.4663173652694611,0.12324929971988796,0.9565217391304348,0.0658682634730539,0.014858841010401188,1.0,0.0074850299401197605
yelp,net_rsr,0.4,2,3,SAGE,graph,default,2,45954,2722194,0.8631862579576082,0.6143906797415497,0.2819535732269287,0.36649537086486816,12.6,59.237369537353516,59.0,108.0,218.0,0.004091047681868076,0.7722065448760986,920,0.010140575357966662,0.8632582650347658,0.004915632874084365,0.6156948584755685,0.01355759538839112,0.5407801418439716,0.6630434782608695,0.4565868263473054,0.12044817927170869,0.9347826086956522,0.06437125748502993,0.014858841010401188,1.0,0.0074850299401197605
yelp,net_rsr,0.4,3,1,GCN,none,default,2,45954,2722194,0.5997328313078527,0.23395270759596926,3.533594644977711e-05,0.009027928113937378,24.5,59.237369537353516,60.0,107.0,218.0,0.003851677756756544,0.7722219824790955,908,0.010140575357966662,0.5996781122086198,0.007264371900128661,0.23588256457281287,0.010424128688469207,0.2402482269503546,0.29456521739130437,0.2028443113772455,0.06442577030812324,0.5,0.0344311377245509,0.010401188707280832,0.7,0.005239520958083832
yelp,net_rsr,0.4,3,2,GCN,none,default,2,45954,2722194,0.5994211773753918,0.22899370650857678,3.915594061254524e-05,0.010803693905472755,24.5,59.237369537353516,60.0,107.0,218.0,0.003851677756756544,0.7722219824790955,908,0.010140575357966662,0.5980434022188491,0.008333924408047231,0.2279794468820755,0.011374289525593082,0.22340425531914893,0.27391304347826084,0.18862275449101795,0.05742296918767507,0.44565217391304346,0.030688622754491017,0.010401188707280832,0.7,0.005239520958083832
yelp,net_rsr,0.4,3,3,GCN,none,default,2,45954,2722194,0.6019962525305804,0.23875491912939742,5.5074880947358906e-05,0.012666675262153149,24.5,59.237369537353516,60.0,107.0,218.0,0.003851677756756544,0.7722219824790955,908,0.010140575357966662,0.6029311050574194,0.00849237478111341,0.24076796785905025,0.011587450364523723,0.2402482269503546,0.29456521739130437,0.2028443113772455,0.058823529411764705,0.45652173913043476,0.03143712574850299,0.010401188707280832,0.7,0.005239520958083832
yelp,net_rsr,0.4,3,1,GCN,graph,default,2,45954,2722194,0.654037790635633,0.2943726887110216,0.0028218079824000597,0.3677227199077606,26.3,59.237369537353516,60.0,107.0,218.0,0.003851677756756544,0.7722219824790955,908,0.010140575357966662,0.6539084069301948,0.0076149394489002774,0.2960576712010407,0.012476450083040212,0.28368794326241137,0.34782608695652173,0.23952095808383234,0.08403361344537816,0.6521739130434783,0.04491017964071856,0.01337295690936107,0.9,0.006736526946107785
yelp,net_rsr,0.4,3,2,GCN,graph,default,2,45954,2722194,0.6608104755356904,0.30610195522672246,0.0029317799489945173,0.32009273767471313,26.3,59.237369537353516,60.0,107.0,218.0,0.003851677756756544,0.7722219824790955,908,0.010140575357966662,0.6584762676429226,0.008908894188225257,0.303727435417682,0.012914398766594294,0.2898936170212766,0.35543478260869565,0.24476047904191617,0.09103641456582633,0.7065217391304348,0.048652694610778445,0.01337295690936107,0.9,0.006736526946107785
yelp,net_rsr,0.4,3,3,GCN,graph,default,2,45954,2722194,0.6602291852140932,0.29843101601964145,0.00264540477655828,0.35216429829597473,26.3,59.237369537353516,60.0,107.0,218.0,0.003851677756756544,0.7722219824790955,908,0.010140575357966662,0.6605735082941712,0.008236859914614418,0.2997902828859835,0.013540346944624282,0.2854609929078014,0.35,0.2410179640718563,0.08823529411764706,0.6847826086956522,0.04715568862275449,0.010401188707280832,0.7,0.005239520958083832
yelp,net_rsr,0.4,3,1,SAGE,none,default,2,45954,2722194,0.8101845570569656,0.47216739111766676,0.09994478523731232,0.1159386858344078,10.9,59.237369537353516,60.0,107.0,218.0,0.003851677756756544,0.7722219824790955,908,0.010140575357966662,0.8103609221028996,0.006001366132767351,0.4717060388670036,0.012918178370108724,0.42819148936170215,0.525,0.3615269461077844,0.10644257703081232,0.8260869565217391,0.05688622754491018,0.014858841010401188,1.0,0.0074850299401197605
yelp,net_rsr,0.4,3,2,SAGE,none,default,2,45954,2722194,0.8284768611961414,0.5041951350981282,0.11180342733860016,0.1300995945930481,10.9,59.237369537353516,60.0,107.0,218.0,0.003851677756756544,0.7722219824790955,908,0.010140575357966662,0.828241305352977,0.005458605028372715,0.5038590147418963,0.014221012967875597,0.44680851063829785,0.5478260869565217,0.3772455089820359,0.11624649859943978,0.9021739130434783,0.06212574850299401,0.01337295690936107,0.9,0.006736526946107785
yelp,net_rsr,0.4,3,3,SAGE,none,default,2,45954,2722194,0.8063278991914338,0.47755854241097734,0.08872789144515991,0.10334458202123642,10.9,59.237369537353516,60.0,107.0,218.0,0.003851677756756544,0.7722219824790955,908,0.010140575357966662,0.8072602638399186,0.005605721332093363,0.4805059128783891,0.012268441859379486,0.43351063829787234,0.5315217391304348,0.36601796407185627,0.1134453781512605,0.8804347826086957,0.06062874251497006,0.014858841010401188,1.0,0.0074850299401197605
yelp,net_rsr,0.4,3,1,SAGE,graph,default,2,45954,2722194,0.8651843779345586,0.6062545615485422,0.321809321641922,0.4203525185585022,12.5,59.237369537353516,60.0,107.0,218.0,0.003851677756756544,0.7722219824790955,908,0.010140575357966662,0.8654309431196948,0.005298270044116537,0.6065700673286522,0.012498566928278268,0.5372340425531915,0.658695652173913,0.4535928143712575,0.11624649859943978,0.9021739130434783,0.06212574850299401,0.014858841010401188,1.0,0.0074850299401197605
yelp,net_rsr,0.4,3,2,SAGE,graph,default,2,45954,2722194,0.8704649636572068,0.6337829877737554,0.33424004912376404,0.4169623553752899,12.6,59.237369537353516,60.0,107.0,218.0,0.003851677756756544,0.7722219824790955,908,0.010140575357966662,0.8701155731541813,0.004992661092736452,0.6326853331432064,0.013572960066783204,0.5611702127659575,0.6880434782608695,0.47380239520958084,0.12745098039215685,0.9891304347826086,0.06811377245508982,0.014858841010401188,1.0,0.0074850299401197605
yelp,net_rsr,0.4,3,3,SAGE,graph,default,2,45954,2722194,0.8603136299956096,0.6115733180981211,0.2808390259742737,0.36388176679611206,12.5,59.237369537353516,60.0,107.0,218.0,0.003851677756756544,0.7722219824790955,908,0.010140575357966662,0.8603496549144318,0.004974698539508459,0.6136984117620385,0.014376625260406763,0.5478723404255319,0.6717391304347826,0.4625748502994012,0.12184873949579832,0.9456521739130435,0.06511976047904192,0.014858841010401188,1.0,0.0074850299401197605
yelp,net_rsr,0.6,1,1,GCN,none,default,2,45954,4083292,0.5874854796516945,0.22583443555764487,5.8746904869622085e-06,0.007630995474755764,36.0,88.85607147216797,90.0,161.0,307.0,0.0023501762188971043,0.7718766927719116,851,0.010140575357966662,0.58848052670907,0.008017924276999065,0.2286205258061098,0.009963159531482815,0.22695035460992907,0.2782608695652174,0.19161676646706588,0.06022408963585434,0.4673913043478261,0.03218562874251497,0.008915304606240713,0.6,0.004491017964071856
yelp,net_rsr,0.6,1,2,GCN,none,default,2,45954,4083292,0.593179380800517,0.2265703135321966,7.81090602686163e-06,0.009753584861755371,36.1,88.85607147216797,90.0,161.0,307.0,0.0023501762188971043,0.7718766927719116,851,0.010140575357966662,0.5915109847571347,0.009231502045215835,0.2253741509343166,0.011332683799495077,0.21897163120567376,0.2684782608695652,0.18488023952095808,0.0546218487394958,0.42391304347826086,0.029191616766467067,0.007429420505200594,0.5,0.0037425149700598802
yelp,net_rsr,0.6,1,3,GCN,none,default,2,45954,4083292,0.5901341569661085,0.23374175542269038,9.96089875116013e-06,0.010966798290610313,36.1,88.85607147216797,90.0,161.0,307.0,0.0023501762188971043,0.7718766927719116,851,0.010140575357966662,0.5909597173317697,0.00818075518024921,0.2353520115975644,0.010798939332751013,0.23315602836879432,0.2858695652173913,0.1968562874251497,0.06162464985994398,0.4782608695652174,0.03293413173652695,0.010401188707280832,0.7,0.005239520958083832
yelp,net_rsr,0.6,1,1,GCN,graph,default,2,45954,4083292,0.6405906523256948,0.2793633117985195,0.0007591551402583718,0.4058370292186737,37.9,88.85607147216797,90.0,161.0,307.0,0.0023501762188971043,0.7718766927719116,851,0.010140575357966662,0.6408343604426427,0.007744767869273366,0.28118511630451853,0.011601019164932344,0.2624113475177305,0.3217391304347826,0.2215568862275449,0.0784313725490196,0.6086956521739131,0.041916167664670656,0.010401188707280832,0.7,0.005239520958083832
yelp,net_rsr,0.6,1,2,GCN,graph,default,2,45954,4083292,0.6483830963327927,0.296970950213554,0.0007919073104858398,0.3472801446914673,37.9,88.85607147216797,90.0,161.0,307.0,0.0023501762188971043,0.7718766927719116,851,0.010140575357966662,0.6460328482836231,0.009164410786251442,0.2950941472042745,0.013541933825887342,0.2765957446808511,0.3391304347826087,0.23353293413173654,0.0938375350140056,0.7282608695652174,0.050149700598802395,0.01188707280832095,0.8,0.005988023952095809
yelp,net_rsr,0.6,1,3,GCN,graph,default,2,45954,4083292,0.6468907589606938,0.28557944294155413,0.0006833423976786435,0.37282949686050415,37.9,88.85607147216797,90.0,161.0,307.0,0.0023501762188971043,0.7718766927719116,851,0.010140575357966662,0.6470761164513561,0.008227691166539033,0.28710272041456236,0.012823693887708926,0.27570921985815605,0.33804347826086956,0.23278443113772454,0.08403361344537816,0.6521739130434783,0.04491017964071856,0.010401188707280832,0.7,0.005239520958083832
yelp,net_rsr,0.6,1,1,SAGE,none,default,2,45954,4083292,0.8131913362684,0.47221201499963716,0.09459121525287628,0.10927238315343857,15.7,88.85607147216797,90.0,161.0,307.0,0.0023501762188971043,0.7718766927719116,851,0.010140575357966662,0.8134361496890606,0.0058045276539510585,0.4721977431584158,0.012704991325541282,0.43439716312056736,0.532608695652174,0.36676646706586824,0.10364145658263306,0.8043478260869565,0.05538922155688623,0.01337295690936107,0.9,0.006736526946107785
yelp,net_rsr,0.6,1,2,SAGE,none,default,2,45954,4083292,0.8309539906947816,0.5061745389091155,0.11147872358560562,0.12873123586177826,15.6,88.85607147216797,90.0,161.0,307.0,0.0023501762188971043,0.7718766927719116,851,0.010140575357966662,0.8307234158310085,0.005622044903898888,0.5059081690568751,0.014508553366973634,0.46187943262411346,0.566304347826087,0.38997005988023953,0.10784313725490197,0.8369565217391305,0.05763473053892216,0.01337295690936107,0.9,0.006736526946107785
yelp,net_rsr,0.6,1,3,SAGE,none,default,2,45954,4083292,0.80691376285108,0.47318142094906446,0.08449630439281464,0.09910731017589569,15.6,88.85607147216797,90.0,161.0,307.0,0.0023501762188971043,0.7718766927719116,851,0.010140575357966662,0.8078301769792644,0.005569270549412745,0.47603200572904136,0.01267224704659897,0.4317375886524823,0.5293478260869565,0.36452095808383234,0.11484593837535013,0.8913043478260869,0.061377245508982034,0.01337295690936107,0.9,0.006736526946107785
yelp,net_rsr,0.6,1,1,SAGE,graph,default,2,45954,4083292,0.867446369989146,0.611830083351577,0.31912359595298767,0.41582953929901123,17.4,88.85607147216797,90.0,161.0,307.0,0.0023501762188971043,0.7718766927719116,851,0.010140575357966662,0.8678319084547665,0.0052349660490058686,0.6128353329368241,0.01233409839107846,0.5381205673758865,0.6597826086956522,0.45434131736526945,0.11764705882352941,0.9130434782608695,0.06287425149700598,0.014858841010401188,1.0,0.0074850299401197605
yelp,net_rsr,0.6,1,2,SAGE,graph,default,2,45954,4083292,0.8741679383087184,0.640212730095416,0.33128389716148376,0.4174954891204834,17.3,88.85607147216797,90.0,161.0,307.0,0.0023501762188971043,0.7718766927719116,851,0.010140575357966662,0.8738273668473141,0.005243722328957176,0.6394992179208652,0.014391392742128384,0.5664893617021277,0.6945652173913044,0.4782934131736527,0.12184873949579832,0.9456521739130435,0.06511976047904192,0.014858841010401188,1.0,0.0074850299401197605
yelp,net_rsr,0.6,1,3,SAGE,graph,default,2,45954,4083292,0.8642107333195117,0.6187592836721233,0.2815163731575012,0.36447674036026,17.4,88.85607147216797,90.0,161.0,307.0,0.0023501762188971043,0.7718766927719116,851,0.010140575357966662,0.8641897146521059,0.005047112799414837,0.619852640037251,0.01363413955731856,0.5469858156028369,0.6706521739130434,0.46182634730538924,0.12184873949579832,0.9456521739130435,0.06511976047904192,0.014858841010401188,1.0,0.0074850299401197605
yelp,net_rsr,0.6,2,1,GCN,none,default,2,45954,4083292,0.5861543048068831,0.23297362273516933,6.508565093099605e-06,0.008080687373876572,36.1,88.85607147216797,90.0,161.0,311.0,0.0024372197221964598,0.7720506191253662,851,0.010140575357966662,0.5861759218150762,0.006965260055310797,0.23418919686401454,0.010152687892350395,0.2296099290780142,0.28152173913043477,0.19386227544910178,0.06722689075630252,0.5217391304347826,0.03592814371257485,0.013363028953229399,0.8181818181818182,0.006736526946107785
yelp,net_rsr,0.6,2,2,GCN,none,default,2,45954,4083292,0.5864228931393831,0.22078117241923526,7.376989742624573e-06,0.009439051151275635,36.1,88.85607147216797,90.0,161.0,311.0,0.0024372197221964598,0.7720506191253662,851,0.010140575357966662,0.5847371815402803,0.008791807991854056,0.21938963141215967,0.01049284458608556,0.21897163120567376,0.2684782608695652,0.18488023952095808,0.05322128851540616,0.41304347826086957,0.02844311377245509,0.008915304606240713,0.6,0.004491017964071856
yelp,net_rsr,0.6,2,3,GCN,none,default,2,45954,4083292,0.588375232096906,0.23002855241481246,9.54542792896973e-06,0.010629614815115929,36.1,88.85607147216797,90.0,161.0,311.0,0.0024372197221964598,0.7720506191253662,851,0.010140575357966662,0.5896171998943153,0.009229186382873136,0.23214894036507258,0.011934714452020717,0.22783687943262412,0.2793478260869565,0.19236526946107785,0.058823529411764705,0.45652173913043476,0.03143712574850299,0.010401188707280832,0.7,0.005239520958083832
yelp,net_rsr,0.6,2,1,GCN,graph,default,2,45954,4083292,0.6415385719142164,0.2839981780285137,0.0007675891392864287,0.4063948690891266,37.9,88.85607147216797,90.0,161.0,311.0,0.0024372197221964598,0.7720506191253662,851,0.010140575357966662,0.6410988451364403,0.007791579180972626,0.2860517331695481,0.011743120311167286,0.26861702127659576,0.3293478260869565,0.22679640718562874,0.08263305322128851,0.6413043478260869,0.04416167664670659,0.01188707280832095,0.8,0.005988023952095809
yelp,net_rsr,0.6,2,2,GCN,graph,default,2,45954,4083292,0.6489679595747406,0.29419768495121906,0.0008229133673012257,0.3499678671360016,37.9,88.85607147216797,90.0,161.0,311.0,0.0024372197221964598,0.7720506191253662,851,0.010140575357966662,0.6464396805206672,0.009350164220344546,0.2917322796992769,0.01387035950296293,0.2907801418439716,0.3565217391304348,0.24550898203592814,0.09103641456582633,0.7065217391304348,0.048652694610778445,0.008915304606240713,0.6,0.004491017964071856
yelp,net_rsr,0.6,2,3,GCN,graph,default,2,45954,4083292,0.6478367729916947,0.29051415796344804,0.0007096888148225844,0.38136041164398193,37.9,88.85607147216797,90.0,161.0,311.0,0.0024372197221964598,0.7720506191253662,851,0.010140575357966662,0.6479596735289064,0.008934848756953887,0.2915523645763712,0.013404052516661762,0.28812056737588654,0.3532608695652174,0.2432634730538922,0.0896358543417367,0.6956521739130435,0.04790419161676647,0.008915304606240713,0.6,0.004491017964071856
yelp,net_rsr,0.6,2,1,SAGE,none,default,2,45954,4083292,0.8112932104223325,0.46934815235714455,0.09673549234867096,0.11122522503137589,15.7,88.85607147216797,90.0,161.0,311.0,0.0024372197221964598,0.7720506191253662,851,0.010140575357966662,0.8115544137568943,0.005917135446158633,0.4693384856557848,0.013013700436186073,0.42730496453900707,0.5239130434782608,0.36077844311377244,0.10504201680672269,0.8152173913043478,0.0561377245508982,0.01337295690936107,0.9,0.006736526946107785
yelp,net_rsr,0.6,2,2,SAGE,none,default,2,45954,4083292,0.8307171298949961,0.5063003401137443,0.11125634610652924,0.12790708243846893,15.6,88.85607147216797,90.0,161.0,311.0,0.0024372197221964598,0.7720506191253662,851,0.010140575357966662,0.8304946686418393,0.005599155532456818,0.5059551230637195,0.014384777268076666,0.4521276595744681,0.5543478260869565,0.38173652694610777,0.11064425770308123,0.8586956521739131,0.05913173652694611,0.01337295690936107,0.9,0.006736526946107785
yelp,net_rsr,0.6,2,3,SAGE,none,default,2,45954,4083292,0.8091811857446005,0.47670722041836633,0.08717089891433716,0.0997055321931839,15.6,88.85607147216797,90.0,161.0,311.0,0.0024372197221964598,0.7720506191253662,851,0.010140575357966662,0.8099933725501742,0.005580415915220162,0.47933047962196335,0.012345499721883054,0.4237588652482269,0.5195652173913043,0.35778443113772457,0.10784313725490197,0.8369565217391305,0.05763473053892216,0.014858841010401188,1.0,0.0074850299401197605
yelp,net_rsr,0.6,2,1,SAGE,graph,default,2,45954,4083292,0.8662381036044001,0.6118319967303367,0.31633421778678894,0.41165393590927124,17.4,88.85607147216797,90.0,161.0,311.0,0.0024372197221964598,0.7720506191253662,851,0.010140575357966662,0.8665863059442747,0.00530860756014121,0.6127012094949152,0.01293366723414439,0.5381205673758865,0.6597826086956522,0.45434131736526945,0.11764705882352941,0.9130434782608695,0.06287425149700598,0.014858841010401188,1.0,0.0074850299401197605
yelp,net_rsr,0.6,2,2,SAGE,graph,default,2,45954,4083292,0.8749592210690635,0.6372341265789441,0.3257176876068115,0.4122920036315918,17.3,88.85607147216797,90.0,161.0,311.0,0.0024372197221964598,0.7720506191253662,851,0.010140575357966662,0.8745738429675456,0.005168824330432528,0.6366676499883644,0.013644896811943417,0.5531914893617021,0.6782608695652174,0.46706586826347307,0.12464985994397759,0.967391304347826,0.06661676646706587,0.014858841010401188,1.0,0.0074850299401197605
yelp,net_rsr,0.6,2,3,SAGE,graph,default,2,45954,4083292,0.86326138456285,0.6178058011581742,0.2755494713783264,0.36465686559677124,17.3,88.85607147216797,90.0,161.0,311.0,0.0024372197221964598,0.7720506191253662,851,0.010140575357966662,0.863254768983986,0.0049689171681768516,0.6193531690049994,0.01365039520355836,0.5487588652482269,0.6728260869565217,0.4633233532934132,0.12464985994397759,0.967391304347826,0.06661676646706587,0.014858841010401188,1.0,0.0074850299401197605
yelp,net_rsr,0.6,3,1,GCN,none,default,2,45954,4083292,0.5913735792163128,0.23173254252384534,6.762441898899851e-06,0.007689822930842638,36.1,88.85607147216797,91.0,160.0,309.0,0.002371937269344926,0.772182822227478,845,0.010140575357966662,0.5913372069980705,0.007034244584764031,0.23375497389971325,0.010456747837081814,0.22163120567375885,0.2717391304347826,0.18712574850299402,0.06022408963585434,0.4673913043478261,0.03218562874251497,0.01337295690936107,0.9,0.006736526946107785
yelp,net_rsr,0.6,3,2,GCN,none,default,2,45954,4083292,0.5880384724441138,0.22242966502422123,8.0136242104345e-06,0.009284776635468006,36.1,88.85607147216797,91.0,160.0,309.0,0.002371937269344926,0.772182822227478,845,0.010140575357966662,0.5866934479636753,0.008405392440777676,0.22084761875570894,0.010262781946882377,0.22606382978723405,0.27717391304347827,0.19086826347305388,0.05182072829131653,0.40217391304347827,0.027694610778443114,0.008915304606240713,0.6,0.004491017964071856
yelp,net_rsr,0.6,3,3,GCN,none,default,2,45954,4083292,0.5968338590131346,0.23467179083690182,1.103786507883342e-05,0.010936887934803963,36.1,88.85607147216797,91.0,160.0,309.0,0.002371937269344926,0.772182822227478,845,0.010140575357966662,0.5975227299050094,0.009266069237502821,0.23647806523368792,0.01160306691797149,0.23049645390070922,0.2826086956521739,0.19461077844311378,0.058823529411764705,0.45652173913043476,0.03143712574850299,0.008915304606240713,0.6,0.004491017964071856
yelp,net_rsr,0.6,3,1,GCN,graph,default,2,45954,4083292,0.638864121934339,0.27991215746287407,0.0007779218722134829,0.4091235101222992,37.9,88.85607147216797,91.0,160.0,309.0,0.002371937269344926,0.772182822227478,845,0.010140575357966662,0.6388855154245945,0.007988905435715619,0.28170566547673304,0.012433550147271476,0.2632978723404255,0.32282608695652176,0.22230538922155688,0.07983193277310924,0.6195652173913043,0.04266467065868264,0.01337295690936107,0.9,0.006736526946107785
yelp,net_rsr,0.6,3,2,GCN,graph,default,2,45954,4083292,0.6469609787553202,0.29859410402409214,0.0007857783348299563,0.3509945869445801,37.9,88.85607147216797,91.0,160.0,309.0,0.002371937269344926,0.772182822227478,845,0.010140575357966662,0.6445203162291183,0.009077884805942252,0.2961300799736515,0.013458714345403447,0.28191489361702127,0.3456521739130435,0.23802395209580837,0.0938375350140056,0.7282608695652174,0.050149700598802395,0.01337295690936107,0.9,0.006736526946107785
yelp,net_rsr,0.6,3,3,GCN,graph,default,2,45954,4083292,0.6483255008567387,0.28932840578535846,0.0007000704063102603,0.3752169609069824,37.8,88.85607147216797,91.0,160.0,309.0,0.002371937269344926,0.772182822227478,845,0.010140575357966662,0.6483171270607011,0.008305880131917352,0.29047192935784216,0.013213012067883305,0.2712765957446808,0.33260869565217394,0.22904191616766467,0.0896358543417367,0.6956521739130435,0.04790419161676647,0.010401188707280832,0.7,0.005239520958083832
yelp,net_rsr,0.6,3,1,SAGE,none,default,2,45954,4083292,0.8116783712361428,0.469805226877438,0.09689608216285706,0.11219516396522522,15.7,88.85607147216797,91.0,160.0,309.0,0.002371937269344926,0.772182822227478,845,0.010140575357966662,0.8118564429173332,0.005931668859970579,0.4694256166583463,0.012843231321290364,0.42730496453900707,0.5239130434782608,0.36077844311377244,0.09943977591036414,0.7717391304347826,0.0531437125748503,0.01337295690936107,0.9,0.006736526946107785
yelp,net_rsr,0.6,3,2,SAGE,none,default,2,45954,4083292,0.8314516270412332,0.5100834056275927,0.11172197014093399,0.13017384707927704,15.6,88.85607147216797,91.0,160.0,309.0,0.002371937269344926,0.772182822227478,845,0.010140575357966662,0.8311159370384997,0.005530744282859506,0.5096378941448545,0.014462054030188447,0.4530141843971631,0.5554347826086956,0.38248502994011974,0.1134453781512605,0.8804347826086957,0.06062874251497006,0.01337295690936107,0.9,0.006736526946107785
yelp,net_rsr,0.6,3,3,SAGE,none,default,2,45954,4083292,0.8068688869714747,0.47632972745297336,0.08523022383451462,0.09947025030851364,15.6,88.85607147216797,91.0,160.0,309.0,0.002371937269344926,0.772182822227478,845,0.010140575357966662,0.8076686277407146,0.005628040254308057,0.4790005333346482,0.01244795351890938,0.42641843971631205,0.5228260869565218,0.36002994011976047,0.11484593837535013,0.8913043478260869,0.061377245508982034,0.014858841010401188,1.0,0.0074850299401197605
yelp,net_rsr,0.6,3,1,SAGE,graph,default,2,45954,4083292,0.8679971713904168,0.6154388014434079,0.3198319971561432,0.4175049066543579,17.4,88.85607147216797,91.0,160.0,309.0,0.002371937269344926,0.772182822227478,845,0.010140575357966662,0.8681440966007032,0.005193406921655684,0.616112939452873,0.012393661543955947,0.5354609929078015,0.6565217391304348,0.45209580838323354,0.11904761904761904,0.9239130434782609,0.06362275449101797,0.014858841010401188,1.0,0.0074850299401197605
yelp,net_rsr,0.6,3,2,SAGE,graph,default,2,45954,4083292,0.8740991476822322,0.6425382544558862,0.3306659758090973,0.41615670919418335,17.4,88.85607147216797,91.0,160.0,309.0,0.002371937269344926,0.772182822227478,845,0.010140575357966662,0.8736249628378109,0.005128513526029878,0.6416142730174491,0.013930342090086097,0.5691489361702128,0.6978260869565217,0.4805389221556886,0.12605042016806722,0.9782608695652174,0.06736526946107785,0.014858841010401188,1.0,0.0074850299401197605
yelp,net_rsr,0.6,3,3,SAGE,graph,default,2,45954,4083292,0.863060824633828,0.6208272055712443,0.2771473824977875,0.36169004440307617,17.4,88.85607147216797,91.0,160.0,309.0,0.002371937269344926,0.772182822227478,845,0.010140575357966662,0.8629674611094212,0.005100052991407506,0.6220305008161906,0.01401263409739207,0.5514184397163121,0.6760869565217391,0.4655688622754491,0.12324929971988796,0.9565217391304348,0.0658682634730539,0.014858841010401188,1.0,0.0074850299401197605
yelp,net_rsr,0.8,1,1,GCN,none,default,2,45954,5444388,0.5889153147371246,0.23607014340316432,8.83841494214721e-07,0.006970906630158424,47.6,118.47473907470703,121.0,214.0,396.0,0.0015015015378594398,0.7721951603889465,820,0.010140575357966662,0.5891772625071192,0.007375447157481236,0.23762672543100244,0.010492942712389881,0.23049645390070922,0.2826086956521739,0.19461077844311378,0.06862745098039216,0.532608695652174,0.036676646706586824,0.010401188707280832,0.7,0.005239520958083832
yelp,net_rsr,0.8,1,2,GCN,none,default,2,45954,5444388,0.592847575597278,0.2289070103573528,1.1865139413202996e-06,0.008900118060410023,47.6,118.47473907470703,121.0,214.0,396.0,0.0015015015378594398,0.7721951603889465,820,0.010140575357966662,0.59107185849151,0.008911426619408367,0.22708194192134473,0.010945867444387783,0.2296099290780142,0.28152173913043477,0.19386227544910178,0.056022408963585436,0.43478260869565216,0.029940119760479042,0.010401188707280832,0.7,0.005239520958083832
yelp,net_rsr,0.8,1,3,GCN,none,default,2,45954,5444388,0.588183294815664,0.23511157577352193,1.3710230177821359e-06,0.009622517973184586,47.6,118.47473907470703,121.0,214.0,396.0,0.0015015015378594398,0.7721951603889465,820,0.010140575357966662,0.5888448825556505,0.008284360201681424,0.23677213011898643,0.011352930247101156,0.2296099290780142,0.28152173913043477,0.19386227544910178,0.0700280112044818,0.5434782608695652,0.0374251497005988,0.01337295690936107,0.9,0.006736526946107785
yelp,net_rsr,0.8,1,1,GCN,graph,default,2,45954,5444388,0.6360583314023684,0.2769519833559797,0.00014623021706938744,0.4340805411338806,49.4,118.47473907470703,121.0,214.0,396.0,0.0015015015378594398,0.7721951603889465,820,0.010140575357966662,0.6360492906284575,0.007837900061890163,0.27863835579222085,0.01177183993292863,0.26595744680851063,0.32608695652173914,0.2245508982035928,0.07703081232492998,0.5978260869565217,0.04116766467065868,0.01337295690936107,0.9,0.006736526946107785
yelp,net_rsr,0.8,1,2,GCN,graph,default,2,45954,5444388,0.6439300466023148,0.2962693808576081,0.00015952327521517873,0.3754954934120178,49.5,118.47473907470703,121.0,214.0,396.0,0.0015015015378594398,0.7721951603889465,820,0.010140575357966662,0.6415291234356373,0.009385146866668796,0.2937666367822901,0.013262568007887,0.2783687943262411,0.34130434782608693,0.23502994011976047,0.09243697478991597,0.717391304347826,0.04940119760479042,0.01337295690936107,0.9,0.006736526946107785
yelp,net_rsr,0.8,1,3,GCN,graph,default,2,45954,5444388,0.6420831802535459,0.28432838867588384,0.00013536970072891563,0.39761197566986084,49.4,118.47473907470703,121.0,214.0,396.0,0.0015015015378594398,0.7721951603889465,820,0.010140575357966662,0.6420069115156483,0.00833368289892695,0.28477909825432635,0.013030072004509272,0.274822695035461,0.33695652173913043,0.23203592814371257,0.08823529411764706,0.6847826086956522,0.04715568862275449,0.01188707280832095,0.8,0.005988023952095809
yelp,net_rsr,0.8,1,1,SAGE,none,default,2,45954,5444388,0.8121066452888521,0.46894860427266744,0.09679984301328659,0.11120197176933289,20.4,118.47473907470703,121.0,214.0,396.0,0.0015015015378594398,0.7721951603889465,820,0.010140575357966662,0.8123506887301001,0.005833182705289941,0.46882776364527323,0.012833941875678257,0.43617021276595747,0.5347826086956522,0.36826347305389223,0.10224089635854341,0.7934782608695652,0.05464071856287425,0.01337295690936107,0.9,0.006736526946107785
yelp,net_rsr,0.8,1,2,SAGE,none,default,2,45954,5444388,0.8303464036794029,0.5059508257673856,0.1101532131433487,0.12688963115215302,20.4,118.47473907470703,121.0,214.0,396.0,0.0015015015378594398,0.7721951603889465,820,0.010140575357966662,0.8301190018678923,0.005517252125846463,0.5054753124338885,0.014468910412466788,0.4601063829787234,0.5641304347826087,0.3884730538922156,0.11064425770308123,0.8586956521739131,0.05913173652694611,0.01337295690936107,0.9,0.006736526946107785
yelp,net_rsr,0.8,1,3,SAGE,none,default,2,45954,5444388,0.8052407786260474,0.47024708753450517,0.08434130251407623,0.09808596223592758,20.4,118.47473907470703,121.0,214.0,396.0,0.0015015015378594398,0.7721951603889465,820,0.010140575357966662,0.8061786911674664,0.005596036490350371,0.47289341989111344,0.012684126291179898,0.42819148936170215,0.525,0.3615269461077844,0.11064425770308123,0.8586956521739131,0.05913173652694611,0.01337295690936107,0.9,0.006736526946107785
yelp,net_rsr,0.8,1,1,SAGE,graph,default,2,45954,5444388,0.8686387249685964,0.6177838047811439,0.3169000446796417,0.41420650482177734,22.1,118.47473907470703,121.0,214.0,396.0,0.0015015015378594398,0.7721951603889465,820,0.010140575357966662,0.8688961289990651,0.005228434154751057,0.6185087199421944,0.012400053284185758,0.5381205673758865,0.6597826086956522,0.45434131736526945,0.11904761904761904,0.9239130434782609,0.06362275449101797,0.014858841010401188,1.0,0.0074850299401197605
yelp,net_rsr,0.8,1,2,SAGE,graph,default,2,45954,5444388,0.8763974406075832,0.6456259595548777,0.3254706859588623,0.4153282344341278,22.2,118.47473907470703,121.0,214.0,396.0,0.0015015015378594398,0.7721951603889465,820,0.010140575357966662,0.8760142957618597,0.005201867919220773,0.6449075075972454,0.014320155358417712,0.574468085106383,0.7043478260869566,0.48502994011976047,0.12605042016806722,0.9782608695652174,0.06736526946107785,0.014858841010401188,1.0,0.0074850299401197605
yelp,net_rsr,0.8,1,3,SAGE,graph,default,2,45954,5444388,0.8659767087515396,0.6257033744959362,0.27654415369033813,0.36301466822624207,22.2,118.47473907470703,121.0,214.0,396.0,0.0015015015378594398,0.7721951603889465,820,0.010140575357966662,0.8659117206900611,0.005005138637849639,0.6269317466909168,0.013451725536600475,0.5611702127659575,0.6880434782608695,0.47380239520958084,0.12605042016806722,0.9782608695652174,0.06736526946107785,0.014858841010401188,1.0,0.0074850299401197605
yelp,net_rsr,0.8,2,1,GCN,none,default,2,45954,5444388,0.585352065090796,0.23319296850811405,9.427726013200299e-07,0.007056471426039934,47.6,118.47473907470703,122.0,214.0,396.0,0.0015232623554766178,0.7721848487854004,822,0.010140575357966662,0.5849745851004178,0.007591105470366274,0.23406919331755172,0.010030456107952562,0.23404255319148937,0.28695652173913044,0.19760479041916168,0.06722689075630252,0.5217391304347826,0.03592814371257485,0.010401188707280832,0.7,0.005239520958083832
yelp,net_rsr,0.8,2,2,GCN,none,default,2,45954,5444388,0.5903654440101467,0.22771090644567932,1.3013750503887422e-06,0.00910173263400793,47.6,118.47473907470703,122.0,214.0,396.0,0.0015232623554766178,0.7721848487854004,822,0.010140575357966662,0.5887804763353395,0.008878204864859789,0.22572690296781517,0.01051459149988656,0.22163120567375885,0.2717391304347826,0.18712574850299402,0.0546218487394958,0.42391304347826086,0.029191616766467067,0.008915304606240713,0.6,0.004491017964071856
yelp,net_rsr,0.8,2,3,GCN,none,default,2,45954,5444388,0.5904740131498714,0.23325659675944402,1.5092342664502212e-06,0.00973039586097002,47.6,118.47473907470703,122.0,214.0,396.0,0.0015232623554766178,0.7721848487854004,822,0.010140575357966662,0.5913572883454515,0.009426863079414127,0.23505319981611322,0.012094593872708137,0.22429078014184398,0.275,0.18937125748502995,0.06162464985994398,0.4782608695652174,0.03293413173652695,0.01337295690936107,0.9,0.006736526946107785
yelp,net_rsr,0.8,2,1,GCN,graph,default,2,45954,5444388,0.635543021009915,0.27373135637681045,0.00015715803601779044,0.4384167492389679,49.5,118.47473907470703,122.0,214.0,396.0,0.0015232623554766178,0.7721848487854004,822,0.010140575357966662,0.6353821213937323,0.007999843835292987,0.27544820065255665,0.011659708133160116,0.2650709219858156,0.325,0.22380239520958084,0.07563025210084033,0.5869565217391305,0.040419161676646706,0.010401188707280832,0.7,0.005239520958083832
yelp,net_rsr,0.8,2,2,GCN,graph,default,2,45954,5444388,0.6444081986231204,0.29430548262056483,0.0001691191573627293,0.37708646059036255,49.4,118.47473907470703,122.0,214.0,396.0,0.0015232623554766178,0.7721848487854004,822,0.010140575357966662,0.6421445573435121,0.00926509451596006,0.29204973774128834,0.013193120683958233,0.2774822695035461,0.3402173913043478,0.2342814371257485,0.0938375350140056,0.7282608695652174,0.050149700598802395,0.01188707280832095,0.8,0.005988023952095809
yelp,net_rsr,0.8,2,3,GCN,graph,default,2,45954,5444388,0.6420654109296682,0.28444252478748744,0.00013725587632507086,0.39901435375213623,49.5,118.47473907470703,122.0,214.0,396.0,0.0015232623554766178,0.7721848487854004,822,0.010140575357966662,0.6421584552039444,0.008879869796347372,0.28537922818149736,0.012883762271003777,0.26773049645390073,0.3282608695652174,0.22604790419161677,0.08823529411764706,0.6847826086956522,0.04715568862275449,0.010401188707280832,0.7,0.005239520958083832
yelp,net_rsr,0.8,2,1,SAGE,none,default,2,45954,5444388,0.8105241274071002,0.4683983630375109,0.09609226137399673,0.11170390248298645,20.4,118.47473907470703,122.0,214.0,396.0,0.0015232623554766178,0.7721848487854004,822,0.010140575357966662,0.8106932854067398,0.005926849984747175,0.46825721096791073,0.012872082007935957,0.4308510638297872,0.5282608695652173,0.36377245508982037,0.10224089635854341,0.7934782608695652,0.05464071856287425,0.01337295690936107,0.9,0.006736526946107785
yelp,net_rsr,0.8,2,2,SAGE,none,default,2,45954,5444388,0.8319606014549311,0.5107513150326195,0.11048843711614609,0.12924516201019287,20.4,118.47473907470703,122.0,214.0,396.0,0.0015232623554766178,0.7721848487854004,822,0.010140575357966662,0.8317312304751368,0.00553648572207414,0.5105581409880506,0.014279107686797035,0.46187943262411346,0.566304347826087,0.38997005988023953,0.11204481792717087,0.8695652173913043,0.059880239520958084,0.01337295690936107,0.9,0.006736526946107785
yelp,net_rsr,0.8,2,3,SAGE,none,default,2,45954,5444388,0.8055135591850922,0.46886808921432555,0.08499862998723984,0.09878826141357422,20.4,118.47473907470703,122.0,214.0,396.0,0.0015232623554766178,0.7721848487854004,822,0.010140575357966662,0.8063701899391178,0.005640990415491613,0.47159146145400027,0.012644503562210085,0.4228723404255319,0.5184782608695652,0.3570359281437126,0.1092436974789916,0.8478260869565217,0.058383233532934134,0.01337295690936107,0.9,0.006736526946107785
yelp,net_rsr,0.8,2,1,SAGE,graph,default,2,45954,5444388,0.8690820052867788,0.6182399170200842,0.3171597421169281,0.41321608424186707,22.1,118.47473907470703,122.0,214.0,396.0,0.0015232623554766178,0.7721848487854004,822,0.010140575357966662,0.8692995926960192,0.005202856462126808,0.6189514487729606,0.012507850135577689,0.5354609929078015,0.6565217391304348,0.45209580838323354,0.11904761904761904,0.9239130434782609,0.06362275449101797,0.014858841010401188,1.0,0.0074850299401197605
yelp,net_rsr,0.8,2,2,SAGE,graph,default,2,45954,5444388,0.8761060808627145,0.6459457536607627,0.32254186272621155,0.4120308458805084,22.2,118.47473907470703,122.0,214.0,396.0,0.0015232623554766178,0.7721848487854004,822,0.010140575357966662,0.8757002202885747,0.0051945656496702255,0.6453002401328733,0.013425481455820964,0.5673758865248227,0.6956521739130435,0.47904191616766467,0.12605042016806722,0.9782608695652174,0.06736526946107785,0.014858841010401188,1.0,0.0074850299401197605
yelp,net_rsr,0.8,2,3,SAGE,graph,default,2,45954,5444388,0.865014306925863,0.6232179318920793,0.27678442001342773,0.3657791316509247,22.1,118.47473907470703,122.0,214.0,396.0,0.0015232623554766178,0.7721848487854004,822,0.010140575357966662,0.8650033815540635,0.0050188698368694995,0.6248752829238606,0.013813434299889887,0.5469858156028369,0.6706521739130434,0.46182634730538924,0.12464985994397759,0.967391304347826,0.06661676646706587,0.014858841010401188,1.0,0.0074850299401197605
yelp,net_rsr,0.8,3,1,GCN,none,default,2,45954,5444388,0.5822878809590595,0.22996443542042694,9.827405165196978e-07,0.007100226823240519,47.6,118.47473907470703,122.0,213.0,395.0,0.0013056534808129072,0.772170901298523,814,0.010140575357966662,0.5824759485621872,0.00746582541205859,0.23174121599946285,0.009836485888996906,0.22783687943262412,0.2793478260869565,0.19236526946107785,0.07282913165266107,0.5652173913043478,0.038922155688622756,0.013363028953229399,0.8181818181818182,0.006736526946107785
yelp,net_rsr,0.8,3,2,GCN,none,default,2,45954,5444388,0.5839895438247741,0.22674607734449462,1.2508094187069219e-06,0.008865118026733398,47.6,118.47473907470703,122.0,213.0,395.0,0.0013056534808129072,0.772170901298523,814,0.010140575357966662,0.5819864805771169,0.009112416302049158,0.22473885794563986,0.010601632919622744,0.21719858156028368,0.266304347826087,0.18338323353293412,0.058823529411764705,0.45652173913043476,0.03143712574850299,0.010401188707280832,0.7,0.005239520958083832
yelp,net_rsr,0.8,3,3,GCN,none,default,2,45954,5444388,0.5908749424521629,0.23617009489892826,1.535454430268146e-06,0.009769784286618233,47.6,118.47473907470703,122.0,213.0,395.0,0.0013056534808129072,0.772170901298523,814,0.010140575357966662,0.5918288618083727,0.009317369808646002,0.2380372423264819,0.011935295320099425,0.22872340425531915,0.28043478260869564,0.19311377245508982,0.06302521008403361,0.4891304347826087,0.033682634730538924,0.010401188707280832,0.7,0.005239520958083832
yelp,net_rsr,0.8,3,1,GCN,graph,default,2,45954,5444388,0.6342359038287986,0.27401638754918445,0.00014830809959676117,0.43057122826576233,49.5,118.47473907470703,122.0,213.0,395.0,0.0013056534808129072,0.772170901298523,814,0.010140575357966662,0.6343811472783681,0.0077924558912026605,0.2760856296213223,0.01164698449538192,0.2650709219858156,0.325,0.22380239520958084,0.08397480755773268,0.6451612903225806,0.04491017964071856,0.01337295690936107,0.9,0.006736526946107785
yelp,net_rsr,0.8,3,2,GCN,graph,default,2,45954,5444388,0.6407649155609352,0.29280592277278306,0.0001670434867264703,0.3754105269908905,49.5,118.47473907470703,122.0,213.0,395.0,0.0013056534808129072,0.772170901298523,814,0.010140575357966662,0.6384679880811356,0.009384679620519856,0.2903875431416721,0.01328739703223031,0.28191489361702127,0.3456521739130435,0.23802395209580837,0.09523809523809523,0.7391304347826086,0.05089820359281437,0.01337295690936107,0.9,0.006736526946107785
yelp,net_rsr,0.8,3,3,GCN,graph,default,2,45954,5444388,0.6430747371092845,0.28466548316204215,0.0001423437352059409,0.39645227789878845,49.5,118.47473907470703,122.0,213.0,395.0,0.0013056534808129072,0.772170901298523,814,0.010140575357966662,0.6429727410826319,0.00846065283908243,0.2852731862474961,0.012805688405099441,0.2703900709219858,0.33152173913043476,0.2282934131736527,0.09103641456582633,0.7065217391304348,0.048652694610778445,0.01188707280832095,0.8,0.005988023952095809
yelp,net_rsr,0.8,3,1,SAGE,none,default,2,45954,5444388,0.8125736497981634,0.4701704677757728,0.09931492060422897,0.11402598023414612,20.4,118.47473907470703,122.0,213.0,395.0,0.0013056534808129072,0.772170901298523,814,0.010140575357966662,0.8126591867834695,0.005881786841700788,0.4698178201557881,0.01279044318328109,0.4326241134751773,0.5304347826086957,0.3652694610778443,0.10084033613445378,0.782608695652174,0.05389221556886228,0.01337295690936107,0.9,0.006736526946107785
yelp,net_rsr,0.8,3,2,SAGE,none,default,2,45954,5444388,0.8316257949985976,0.5108123475717957,0.11158205568790436,0.12879076600074768,20.4,118.47473907470703,122.0,213.0,395.0,0.0013056534808129072,0.772170901298523,814,0.010140575357966662,0.8313658505262932,0.005489766385737329,0.5103020364471098,0.014530538156816698,0.4583333333333333,0.5619565217391305,0.3869760479041916,0.11064425770308123,0.8586956521739131,0.05913173652694611,0.014858841010401188,1.0,0.0074850299401197605
yelp,net_rsr,0.8,3,3,SAGE,none,default,2,45954,5444388,0.8078127572502652,0.47534342234862736,0.08342673629522324,0.09691943228244781,20.4,118.47473907470703,122.0,213.0,395.0,0.0013056534808129072,0.772170901298523,814,0.010140575357966662,0.8085712041008217,0.005720194499475678,0.4776965940358723,0.012696823240685527,0.424645390070922,0.5206521739130435,0.35853293413173654,0.11064425770308123,0.8586956521739131,0.05913173652694611,0.01337295690936107,0.9,0.006736526946107785
yelp,net_rsr,0.8,3,1,SAGE,graph,default,2,45954,5444388,0.8697128877428444,0.6213204421825423,0.3178355395793915,0.41396138072013855,22.1,118.47473907470703,122.0,213.0,395.0,0.0013056534808129072,0.772170901298523,814,0.010140575357966662,0.8699198956532992,0.005156124046643424,0.6219540345169058,0.012190666524574355,0.5407801418439716,0.6630434782608695,0.4565868263473054,0.12184873949579832,0.9456521739130435,0.06511976047904192,0.014858841010401188,1.0,0.0074850299401197605
yelp,net_rsr,0.8,3,2,SAGE,graph,default,2,45954,5444388,0.8756422681622498,0.6461825546838917,0.32564717531204224,0.41465499997138977,22.1,118.47473907470703,122.0,213.0,395.0,0.0013056534808129072,0.772170901298523,814,0.010140575357966662,0.8751921415554926,0.005161109343133882,0.6452607680917555,0.013978402525393457,0.5726950354609929,0.7021739130434783,0.48353293413173654,0.12605042016806722,0.9782608695652174,0.06736526946107785,0.014858841010401188,1.0,0.0074850299401197605
yelp,net_rsr,0.8,3,3,SAGE,graph,default,2,45954,5444388,0.8655138488298352,0.6275684889586646,0.27901896834373474,0.3640635311603546,22.2,118.47473907470703,122.0,213.0,395.0,0.0013056534808129072,0.772170901298523,814,0.010140575357966662,0.8653531871386919,0.00513506888683132,0.6285945223733931,0.013678347912506262,0.5576241134751773,0.683695652173913,0.4708083832335329,0.12745098039215685,0.9891304347826086,0.06811377245508982,0.014858841010401188,1.0,0.0074850299401197605
yelp,net_rsr,1.0,1,1,GCN,none,default,2,45954,6805486,0.5844916582313987,0.2382090661648784,4.947185439085899e-10,0.00674919318407774,59.0,148.09344482421875,152.0,270.0,465.0,0.0008704356732778251,0.7722082138061523,803,0.010140575357966662,0.5844813996481494,0.007175184179449639,0.23958334542617557,0.010039897632079008,0.22713212549712772,0.2772384034519957,0.19236526946107785,0.0925414364640884,0.5982142857142857,0.050149700598802395,0.010393466963622866,0.6363636363636364,0.005239520958083832
yelp,net_rsr,1.0,1,2,GCN,none,default,2,45954,6805486,0.5853944161066869,0.2294855083314567,1.2829899809219114e-08,0.00853239931166172,59.0,148.09344482421875,152.0,270.0,465.0,0.0008704356732778251,0.7722082138061523,803,0.010140575357966662,0.5836586097997774,0.008861489246380977,0.2275591327466782,0.011045204465400872,0.22096069868995633,0.26519916142557654,0.18937125748502995,0.07494795281054822,0.5142857142857142,0.040419161676646706,0.007429420505200594,0.5,0.0037425149700598802
yelp,net_rsr,1.0,1,3,GCN,none,default,2,45954,6805486,0.5900806584387234,0.23907676328425204,2.0512938903038958e-08,0.00864214263856411,59.0,148.09344482421875,152.0,270.0,465.0,0.0008704356732778251,0.7722082138061523,803,0.010140575357966662,0.5910086000579764,0.009102227115234268,0.2408126906692159,0.0121021293166057,0.2327433628318584,0.2846320346320346,0.1968562874251497,0.09027777777777778,0.625,0.048652694610778445,0.010401188707280832,0.7,0.005239520958083832
yelp,net_rsr,1.0,1,1,GCN,graph,default,2,45954,6805486,0.6310175124547239,0.26788630266793073,-1.2159347972939827e-09,0.4648543894290924,60.9,148.09344482421875,152.0,270.0,465.0,0.0008704356732778251,0.7722082138061523,803,0.010140575357966662,0.6310629399813663,0.007786748058265085,0.26968897073783726,0.011697827607824294,0.26631393298059963,0.3240343347639485,0.22604790419161677,0.0784313725490196,0.6086956521739131,0.041916167664670656,0.01337295690936107,0.9,0.006736526946107785
yelp,net_rsr,1.0,1,2,GCN,graph,default,2,45954,6805486,0.6414349572240448,0.29033566706506914,1.308322006288165e-09,0.4131041467189789,60.9,148.09344482421875,152.0,270.0,465.0,0.0008704356732778251,0.7722082138061523,803,0.010140575357966662,0.639321770521043,0.009556515738296488,0.2872903393658518,0.01297758782663548,0.28134556574923547,0.3378803777544596,0.2410179640718563,0.09663865546218488,0.75,0.051646706586826345,0.014858841010401188,1.0,0.0074850299401197605
yelp,net_rsr,1.0,1,3,GCN,graph,default,2,45954,6805486,0.6388032393715624,0.2800101075907072,1.0490417423625331e-08,0.41702958941459656,60.9,148.09344482421875,152.0,270.0,465.0,0.0008704356732778251,0.7722082138061523,803,0.010140575357966662,0.6389890271606943,0.008718646686704886,0.28083694137438264,0.01263760906844608,0.2675994752951465,0.3217665615141956,0.22904191616766467,0.08817354793561931,0.6774193548387096,0.04715568862275449,0.011878247958426132,0.7272727272727273,0.005988023952095809
yelp,net_rsr,1.0,1,1,SAGE,none,default,2,45954,6805486,0.8147086364440161,0.47434398252071464,0.09684357047080994,0.11257492750883102,25.2,148.09344482421875,152.0,270.0,465.0,0.0008704356732778251,0.7722082138061523,803,0.010140575357966662,0.8148579309428784,0.005693342156844352,0.4741996570688768,0.012873717532593625,0.4352836879432624,0.533695652173913,0.36751497005988026,0.10084033613445378,0.782608695652174,0.05389221556886228,0.014858841010401188,1.0,0.0074850299401197605
yelp,net_rsr,1.0,1,2,SAGE,none,default,2,45954,6805486,0.8322763046971231,0.512338586812463,0.10909833759069443,0.12771259248256683,25.2,148.09344482421875,152.0,270.0,465.0,0.0008704356732778251,0.7722082138061523,803,0.010140575357966662,0.832089563344139,0.0055361554054499315,0.512078629790759,0.014381277787384503,0.4592198581560284,0.5630434782608695,0.38772455089820357,0.1134453781512605,0.8804347826086957,0.06062874251497006,0.01337295690936107,0.9,0.006736526946107785
yelp,net_rsr,1.0,1,3,SAGE,none,default,2,45954,6805486,0.8028952278741905,0.4641328241674452,0.08406242728233337,0.09756239503622055,25.2,148.09344482421875,152.0,270.0,465.0,0.0008704356732778251,0.7722082138061523,803,0.010140575357966662,0.8037254946545522,0.005613290270897422,0.4667370007032487,0.012825434469167481,0.42021276595744683,0.5152173913043478,0.35479041916167664,0.10504201680672269,0.8152173913043478,0.0561377245508982,0.01337295690936107,0.9,0.006736526946107785
yelp,net_rsr,1.0,1,1,SAGE,graph,default,2,45954,6805486,0.8706744320676366,0.6258370539530556,0.3159853219985962,0.4132246673107147,26.9,148.09344482421875,152.0,270.0,465.0,0.0008704356732778251,0.7722082138061523,803,0.010140575357966662,0.870882779920249,0.005128063732291846,0.626467359750459,0.012070120094304058,0.5372340425531915,0.658695652173913,0.4535928143712575,0.12324929971988796,0.9565217391304348,0.0658682634730539,0.014858841010401188,1.0,0.0074850299401197605
yelp,net_rsr,1.0,1,2,SAGE,graph,default,2,45954,6805486,0.8772013953254386,0.651306716902682,0.32588958740234375,0.41517090797424316,27.0,148.09344482421875,152.0,270.0,465.0,0.0008704356732778251,0.7722082138061523,803,0.010140575357966662,0.8768531299579898,0.0051520416841300785,0.6508190740730917,0.013637845222200663,0.5726950354609929,0.7021739130434783,0.48353293413173654,0.12745098039215685,0.9891304347826086,0.06811377245508982,0.014858841010401188,1.0,0.0074850299401197605
yelp,net_rsr,1.0,1,3,SAGE,graph,default,2,45954,6805486,0.866150686153152,0.6301291097583621,0.2783021628856659,0.3644088804721832,26.9,148.09344482421875,152.0,270.0,465.0,0.0008704356732778251,0.7722082138061523,803,0.010140575357966662,0.8660243394965416,0.005021792065271253,0.6312785020555113,0.013419466956261382,0.5558510638297872,0.6815217391304348,0.469311377245509,0.12745098039215685,0.9891304347826086,0.06811377245508982,0.014858841010401188,1.0,0.0074850299401197605
yelp,net_rsr,1.0,2,1,GCN,none,default,2,45954,6805486,0.5844611693110724,0.2379695880725704,-9.86754855603067e-09,0.006738665513694286,59.0,148.09344482421875,152.0,270.0,465.0,0.0008704356732778251,0.7722082138061523,803,0.010140575357966662,0.5844475307766356,0.007169950087510045,0.23935662390451193,0.01000729889876182,0.2276923076923077,0.27582534611288606,0.19386227544910178,0.0925414364640884,0.5982142857142857,0.050149700598802395,0.010393466963622866,0.6363636363636364,0.005239520958083832
yelp,net_rsr,1.0,2,2,GCN,none,default,2,45954,6805486,0.5853739313633426,0.22995172659553348,6.836652577391078e-09,0.008532396517693996,59.0,148.09344482421875,152.0,270.0,465.0,0.0008704356732778251,0.7722082138061523,803,0.010140575357966662,0.583637869553692,0.008862745265970211,0.22801381654179267,0.01105704733525896,0.22096069868995633,0.26519916142557654,0.18937125748502995,0.08916323731138547,0.5327868852459017,0.048652694610778445,0.010385756676557863,0.5833333333333334,0.005239520958083832
yelp,net_rsr,1.0,2,3,GCN,none,default,2,45954,6805486,0.5900677959254607,0.2391060757318249,2.4437904477814243e-10,0.008642137050628662,59.0,148.09344482421875,152.0,270.0,465.0,0.0008704356732778251,0.7722082138061523,803,0.010140575357966662,0.590995983439992,0.009103248404966987,0.24085428913993895,0.012107893456538838,0.2327433628318584,0.2846320346320346,0.1968562874251497,0.09027777777777778,0.625,0.048652694610778445,0.010401188707280832,0.7,0.005239520958083832
yelp,net_rsr,1.0,2,1,GCN,graph,default,2,45954,6805486,0.6308425822743515,0.2681965038927714,-2.3990869291168337e-09,0.4652000069618225,60.9,148.09344482421875,152.0,270.0,465.0,0.0008704356732778251,0.7722082138061523,803,0.010140575357966662,0.6308676046927852,0.007776911917019899,0.27010657142567734,0.011755169386335338,0.26631393298059963,0.3240343347639485,0.22604790419161677,0.0784313725490196,0.6086956521739131,0.041916167664670656,0.01337295690936107,0.9,0.006736526946107785
yelp,net_rsr,1.0,2,2,GCN,graph,default,2,45954,6805486,0.6414337186116565,0.2907067171114765,-3.5494565064908556e-09,0.41272175312042236,60.9,148.09344482421875,152.0,270.0,465.0,0.0008704356732778251,0.7722082138061523,803,0.010140575357966662,0.6393166047213038,0.009554000003472314,0.28772088865713347,0.013019062754679702,0.27797202797202797,0.33403361344537813,0.23802395209580837,0.09663865546218488,0.75,0.051646706586826345,0.017804154302670624,1.0,0.008982035928143712
yelp,net_rsr,1.0,2,3,GCN,graph,default,2,45954,6805486,0.6388300600936619,0.27998724365862,5.000829528256645e-09,0.4168504774570465,60.9,148.09344482421875,152.0,270.0,465.0,0.0008704356732778251,0.7722082138061523,803,0.010140575357966662,0.6390175268177318,0.008725856091804526,0.2808070109004709,0.012598649461124389,0.26860413914575076,0.32620320855614976,0.2282934131736527,0.08817354793561931,0.6774193548387096,0.04715568862275449,0.011869436201780416,0.6666666666666666,0.005988023952095809
yelp,net_rsr,1.0,2,1,SAGE,none,default,2,45954,6805486,0.8147081600546361,0.474437256263942,0.09726060181856155,0.11304508149623871,25.2,148.09344482421875,152.0,270.0,465.0,0.0008704356732778251,0.7722082138061523,803,0.010140575357966662,0.8148547107474177,0.005697992387828835,0.47428521282426855,0.01288022888910662,0.43439716312056736,0.532608695652174,0.36676646706586824,0.10084033613445378,0.782608695652174,0.05389221556886228,0.014858841010401188,1.0,0.0074850299401197605
yelp,net_rsr,1.0,2,2,SAGE,none,default,2,45954,6805486,0.8322363832670706,0.5123858422740206,0.10905110090970993,0.1276439130306244,25.2,148.09344482421875,152.0,270.0,465.0,0.0008704356732778251,0.7722082138061523,803,0.010140575357966662,0.8320528322943395,0.00553127451726198,0.5121284479112069,0.01439255674677108,0.4583333333333333,0.5619565217391305,0.3869760479041916,0.1134453781512605,0.8804347826086957,0.06062874251497006,0.01337295690936107,0.9,0.006736526946107785
yelp,net_rsr,1.0,2,3,SAGE,none,default,2,45954,6805486,0.8025338388904473,0.463363387179962,0.08320704847574234,0.09657552093267441,25.2,148.09344482421875,152.0,270.0,465.0,0.0008704356732778251,0.7722082138061523,803,0.010140575357966662,0.8033612344204869,0.005612956665469278,0.46595616976901044,0.01284500818500889,0.41932624113475175,0.5141304347826087,0.35404191616766467,0.10504201680672269,0.8152173913043478,0.0561377245508982,0.01337295690936107,0.9,0.006736526946107785
yelp,net_rsr,1.0,2,1,SAGE,graph,default,2,45954,6805486,0.8706910580570022,0.625752184070134,0.3163391053676605,0.4135977327823639,26.9,148.09344482421875,152.0,270.0,465.0,0.0008704356732778251,0.7722082138061523,803,0.010140575357966662,0.870899976568966,0.005129908733039878,0.6263912479285847,0.012070181787452639,0.5372340425531915,0.658695652173913,0.4535928143712575,0.12324929971988796,0.9565217391304348,0.0658682634730539,0.014858841010401188,1.0,0.0074850299401197605
yelp,net_rsr,1.0,2,2,SAGE,graph,default,2,45954,6805486,0.8772162586740977,0.6512676154450262,0.3260286748409271,0.4153083562850952,26.9,148.09344482421875,152.0,270.0,465.0,0.0008704356732778251,0.7722082138061523,803,0.010140575357966662,0.8768734818316516,0.005152201471425482,0.6507715170387783,0.013652736600267315,0.5718085106382979,0.7010869565217391,0.48278443113772457,0.12745098039215685,0.9891304347826086,0.06811377245508982,0.014858841010401188,1.0,0.0074850299401197605
yelp,net_rsr,1.0,2,3,SAGE,graph,default,2,45954,6805486,0.8661120986133639,0.6300594630808264,0.2780328094959259,0.36431875824928284,27.0,148.09344482421875,152.0,270.0,465.0,0.0008704356732778251,0.7722082138061523,803,0.010140575357966662,0.8659914523040014,0.005024827398853035,0.6312248265830517,0.013431688300939075,0.5549645390070922,0.6804347826086956,0.468562874251497,0.12745098039215685,0.9891304347826086,0.06811377245508982,0.014858841010401188,1.0,0.0074850299401197605
yelp,net_rsr,1.0,3,1,GCN,none,default,2,45954,6805486,0.5844773189110577,0.23807489161831047,-3.924965685797588e-09,0.006738634314388037,59.0,148.09344482421875,152.0,270.0,465.0,0.0008704356732778251,0.7722082138061523,803,0.010140575357966662,0.584464637888917,0.007169702889040218,0.2395145287816808,0.010003085249543324,0.227792436235708,0.27611940298507465,0.19386227544910178,0.08356545961002786,0.6,0.04491017964071856,0.010393466963622866,0.6363636363636364,0.005239520958083832
yelp,net_rsr,1.0,3,2,GCN,none,default,2,45954,6805486,0.5853971791650914,0.22987834888473843,7.769465071305603e-09,0.008532395586371422,59.0,148.09344482421875,152.0,270.0,465.0,0.0008704356732778251,0.7722082138061523,803,0.010140575357966662,0.5836610744174265,0.008859353226408722,0.2279585569351919,0.011045660376377314,0.21956617972554227,0.26868905742145177,0.18562874251497005,0.08916323731138547,0.5327868852459017,0.048652694610778445,0.007429420505200594,0.5,0.0037425149700598802
yelp,net_rsr,1.0,3,3,GCN,none,default,2,45954,6805486,0.5900666049520105,0.23912175860204243,1.0028481156609814e-08,0.008642137981951237,59.0,148.09344482421875,152.0,270.0,465.0,0.0008704356732778251,0.7722082138061523,803,0.010140575357966662,0.5909978279278433,0.009102118755062217,0.24085491631297767,0.012101526150213412,0.2327433628318584,0.2846320346320346,0.1968562874251497,0.09027777777777778,0.625,0.048652694610778445,0.010401188707280832,0.7,0.005239520958083832
yelp,net_rsr,1.0,3,1,GCN,graph,default,2,45954,6805486,0.6309424334884203,0.2684267312198273,8.153915764808062e-09,0.465007483959198,60.9,148.09344482421875,152.0,270.0,465.0,0.0008704356732778251,0.7722082138061523,803,0.010140575357966662,0.63098022115009,0.007781095654490439,0.2703290784399067,0.011839992024381825,0.2650709219858156,0.325,0.22380239520958084,0.0784313725490196,0.6086956521739131,0.041916167664670656,0.013363028953229399,0.8181818181818182,0.006736526946107785
yelp,net_rsr,1.0,3,2,GCN,graph,default,2,45954,6805486,0.6412946129126675,0.29087705268073927,6.812810759981858e-09,0.41305357217788696,60.9,148.09344482421875,152.0,270.0,465.0,0.0008704356732778251,0.7722082138061523,803,0.010140575357966662,0.6391853172368042,0.009564640446822436,0.2879175637967468,0.013050283539057976,0.27913159060700043,0.34201954397394135,0.23577844311377247,0.09663865546218488,0.75,0.051646706586826345,0.01337295690936107,0.9,0.006736526946107785
yelp,net_rsr,1.0,3,3,GCN,graph,default,2,45954,6805486,0.638821103973316,0.2801088434496984,5.2750110945964934e-09,0.41686761379241943,60.9,148.09344482421875,152.0,270.0,465.0,0.0008704356732778251,0.7722082138061523,803,0.010140575357966662,0.6390119327552914,0.008710858590463623,0.28089745384768994,0.012598173084472482,0.26649076517150394,0.3230277185501066,0.22679640718562874,0.08817354793561931,0.6774193548387096,0.04715568862275449,0.01188707280832095,0.8,0.005988023952095809
yelp,net_rsr,1.0,3,1,SAGE,none,default,2,45954,6805486,0.8146070702281791,0.47413450446428296,0.09572970867156982,0.11131319403648376,25.2,148.09344482421875,152.0,270.0,465.0,0.0008704356732778251,0.7722082138061523,803,0.010140575357966662,0.8147554868467259,0.005692194088137671,0.4739847899730944,0.012897642648131024,0.43351063829787234,0.5315217391304348,0.36601796407185627,0.10084033613445378,0.782608695652174,0.05389221556886228,0.014858841010401188,1.0,0.0074850299401197605
yelp,net_rsr,1.0,3,2,SAGE,none,default,2,45954,6805486,0.8322021308706417,0.5120630987641941,0.10997829586267471,0.12866228818893433,25.2,148.09344482421875,152.0,270.0,465.0,0.0008704356732778251,0.7722082138061523,803,0.010140575357966662,0.8320153368048723,0.005537008621769369,0.5118079373831239,0.014371847930752663,0.4583333333333333,0.5619565217391305,0.3869760479041916,0.1134453781512605,0.8804347826086957,0.06062874251497006,0.01337295690936107,0.9,0.006736526946107785
yelp,net_rsr,1.0,3,3,SAGE,none,default,2,45954,6805486,0.8026609872159957,0.463610638523013,0.08371077477931976,0.09714406728744507,25.2,148.09344482421875,152.0,270.0,465.0,0.0008704356732778251,0.7722082138061523,803,0.010140575357966662,0.8034927941883971,0.005613696930248371,0.4662272786305939,0.012848515048323347,0.42021276595744683,0.5152173913043478,0.35479041916167664,0.10504201680672269,0.8152173913043478,0.0561377245508982,0.01337295690936107,0.9,0.006736526946107785
yelp,net_rsr,1.0,3,1,SAGE,graph,default,2,45954,6805486,0.8706796723508176,0.6258423284908619,0.31618979573249817,0.4134078919887543,26.9,148.09344482421875,152.0,270.0,465.0,0.0008704356732778251,0.7722082138061523,803,0.010140575357966662,0.8708913302667065,0.005130084982758421,0.626483249479126,0.012067930227447737,0.5372340425531915,0.658695652173913,0.4535928143712575,0.12324929971988796,0.9565217391304348,0.0658682634730539,0.014858841010401188,1.0,0.0074850299401197605
yelp,net_rsr,1.0,3,2,SAGE,graph,default,2,45954,6805486,0.8772713769253754,0.6514140374753206,0.3260704576969147,0.41534674167633057,27.0,148.09344482421875,152.0,270.0,465.0,0.0008704356732778251,0.7722082138061523,803,0.010140575357966662,0.8769236632218823,0.005150417199878158,0.6509188022777481,0.013651351747780075,0.5709219858156028,0.7,0.4820359281437126,0.12745098039215685,0.9891304347826086,0.06811377245508982,0.014858841010401188,1.0,0.0074850299401197605
yelp,net_rsr,1.0,3,3,SAGE,graph,default,2,45954,6805486,0.8662013263442565,0.6300594053544913,0.27828437089920044,0.36443963646888733,26.9,148.09344482421875,152.0,270.0,465.0,0.0008704356732778251,0.7722082138061523,803,0.010140575357966662,0.8660769097173285,0.005020763837652439,0.6312389419342046,0.013444291314427488,0.5558510638297872,0.6815217391304348,0.469311377245509,0.12745098039215685,0.9891304347826086,0.06811377245508982,0.014858841010401188,1.0,0.0074850299401197605
amazon,net_uvu,0.05,1,1,GCN,none,default,2,11944,103674,0.9133415049370105,0.7543255730514485,0.001116375788114965,0.23229767382144928,1.2,8.680006980895996,4.0,21.0,320.0,0.16292698681354523,0.9691532850265503,2054,0.8179839249832552,0.913165507014651,0.01261078113991875,0.7551461344424417,0.029357530383472816,0.6237623762376238,0.5271966527196653,0.7636363636363637,0.24338624338624337,0.9583333333333334,0.1393939393939394,0.03571428571428571,1.0,0.01818181818181818
amazon,net_uvu,0.05,1,2,GCN,none,default,2,11944,103674,0.8405733741913517,0.6040414664659632,0.0012535561108961701,0.23675601184368134,1.2,8.680006980895996,4.0,21.0,320.0,0.16292698681354523,0.9691532850265503,2054,0.8179839249832552,0.8427497037533765,0.019159010544744604,0.6020353449750345,0.041753159192899576,0.5,0.4225941422594142,0.6121212121212121,0.2328042328042328,0.9166666666666666,0.13333333333333333,0.07017543859649122,1.0,0.03636363636363636
amazon,net_uvu,0.05,1,3,GCN,none,default,2,11944,103674,0.9237208035410284,0.7704751344649247,0.0010969223221763968,0.22405239939689636,1.2,8.680006980895996,4.0,21.0,320.0,0.16292698681354523,0.9691532850265503,2054,0.8179839249832552,0.9245531504323565,0.013346202928132217,0.771268707716777,0.03195047854084474,0.6534653465346535,0.5523012552301255,0.8,0.24338624338624337,0.9583333333333334,0.1393939393939394,0.03571428571428571,1.0,0.01818181818181818
amazon,net_uvu,0.05,1,1,GCN,graph,default,2,11944,103674,0.9259421178072863,0.7885157267976826,0.02929391711950302,0.24424274265766144,1.5,8.680006980895996,4.0,21.0,320.0,0.16292698681354523,0.9691532850265503,2054,0.8179839249832552,0.9271783111514847,0.012198882318998796,0.7901946711659603,0.027027143990914305,0.6633663366336634,0.5606694560669456,0.8121212121212121,0.25396825396825395,1.0,0.14545454545454545,0.03571428571428571,1.0,0.01818181818181818
amazon,net_uvu,0.05,1,2,GCN,graph,default,2,11944,103674,0.9317630234933605,0.8189635543555002,0.02796878106892109,0.23935379087924957,1.5,8.680006980895996,4.0,21.0,320.0,0.16292698681354523,0.9691532850265503,2054,0.8179839249832552,0.9327475888701386,0.014964081446077259,0.8181858688641906,0.029495372842935044,0.698019801980198,0.5899581589958159,0.8545454545454545,0.24338624338624337,0.9583333333333334,0.1393939393939394,0.07017543859649122,1.0,0.03636363636363636
amazon,net_uvu,0.05,1,3,GCN,graph,default,2,11944,103674,0.9283295880149812,0.7926420135483906,0.03266962990164757,0.2849535346031189,1.5,8.680006980895996,4.0,21.0,320.0,0.16292698681354523,0.9691532850265503,2054,0.8179839249832552,0.9292924040536995,0.013541831073956283,0.7924367189618562,0.02892177479857601,0.6683168316831684,0.5648535564853556,0.8181818181818182,0.25396825396825395,1.0,0.14545454545454545,0.03571428571428571,1.0,0.01818181818181818
amazon,net_uvu,0.05,1,1,SAGE,none,default,2,11944,103674,0.9245652025876746,0.7620407839360667,0.11509692668914795,0.36198651790618896,0.9,8.680006980895996,4.0,21.0,320.0,0.16292698681354523,0.9691532850265503,2054,0.8179839249832552,0.9245103889969932,0.013881869173366299,0.7614276051032435,0.03721303848389042,0.6534653465346535,0.5523012552301255,0.8,0.2513089005235602,0.9230769230769231,0.14545454545454545,0.20430107526881722,0.9047619047619048,0.11515151515151516
amazon,net_uvu,0.05,1,2,SAGE,none,default,2,11944,103674,0.9613047327204631,0.8657548563458516,0.16144883632659912,0.4204411506652832,0.9,8.680006980895996,4.0,21.0,320.0,0.16292698681354523,0.9691532850265503,2054,0.8179839249832552,0.9601791190146285,0.009135017920323514,0.8632929709973499,0.025168562432152302,0.7178217821782178,0.606694560669456,0.8787878787878788,0.24338624338624337,0.9583333333333334,0.1393939393939394,0.09248554913294797,1.0,0.048484848484848485
amazon,net_uvu,0.05,1,3,SAGE,none,default,2,11944,103674,0.7567558733401429,0.5417099362488653,0.15808263421058655,0.32610416412353516,0.9,8.680006980895996,4.0,21.0,320.0,0.16292698681354523,0.9691532850265503,2054,0.8179839249832552,0.7547612288772093,0.02544711803133904,0.5375576518523941,0.039872222219492326,0.41089108910891087,0.3472803347280335,0.503030303030303,0.25396825396825395,1.0,0.14545454545454545,0.10344827586206896,1.0,0.05454545454545454
amazon,net_uvu,0.05,1,1,SAGE,graph,default,2,11944,103674,0.962668028600613,0.8267228394097434,0.17798615992069244,0.3383781611919403,1.2,8.680006980895996,4.0,21.0,320.0,0.16292698681354523,0.9691532850265503,2054,0.8179839249832552,0.9621006866996135,0.00804328626479187,0.8287498202453021,0.033806461667989,0.6831683168316832,0.5774058577405857,0.8363636363636363,0.24338624338624337,0.9583333333333334,0.1393939393939394,0.05847953216374269,0.8333333333333334,0.030303030303030304
amazon,net_uvu,0.05,1,2,SAGE,graph,default,2,11944,103674,0.9742921348314607,0.888086083239551,0.16086098551750183,0.33334213495254517,1.2,8.680006980895996,4.0,21.0,320.0,0.16292698681354523,0.9691532850265503,2054,0.8179839249832552,0.9738113440252305,0.00765138215230857,0.8858860315756643,0.023934940228690856,0.7277227722772277,0.6150627615062761,0.8909090909090909,0.24338624338624337,0.9583333333333334,0.1393939393939394,0.08139534883720931,1.0,0.04242424242424243
amazon,net_uvu,0.05,1,3,SAGE,graph,default,2,11944,103674,0.9692448076268301,0.8412959273464705,0.15420831739902496,0.32682591676712036,1.3,8.680006980895996,4.0,21.0,320.0,0.16292698681354523,0.9691532850265503,2054,0.8179839249832552,0.9686487499789779,0.006682822817644627,0.8452139789886514,0.02841707472134459,0.693069306930693,0.5857740585774058,0.8484848484848485,0.24338624338624337,0.9583333333333334,0.1393939393939394,0.1348314606741573,0.9230769230769231,0.07272727272727272
amazon,net_uvu,0.05,2,1,GCN,none,default,2,11944,103674,0.9127095675859721,0.7669141680455204,0.0008440897800028324,0.2365618199110031,1.2,8.680006980895996,4.0,21.0,330.0,0.16409912705421448,0.9686131477355957,2097,0.8112860013395847,0.9130116555317307,0.01402338429674568,0.7677549640751269,0.03907639746016102,0.6386138613861386,0.5397489539748954,0.7818181818181819,0.24338624338624337,0.9583333333333334,0.1393939393939394,0.05847953216374269,0.8333333333333334,0.030303030303030304
amazon,net_uvu,0.05,2,2,GCN,none,default,2,11944,103674,0.9182485529451823,0.793741648167276,0.0010632070479914546,0.24601566791534424,1.2,8.680006980895996,4.0,21.0,330.0,0.16409912705421448,0.9686131477355957,2097,0.8112860013395847,0.9183360683239243,0.01557102269402304,0.7945413859135891,0.030941085559830838,0.6633663366336634,0.5606694560669456,0.8121212121212121,0.24338624338624337,0.9583333333333334,0.1393939393939394,0.03571428571428571,1.0,0.01818181818181818
amazon,net_uvu,0.05,2,3,GCN,none,default,2,11944,103674,0.9150248552945182,0.7953319567596031,0.0008237073780037463,0.228952094912529,1.2,8.680006980895996,4.0,21.0,330.0,0.16409912705421448,0.9686131477355957,2097,0.8112860013395847,0.9135930729616247,0.014763733625394428,0.7941459776254439,0.02864847308894289,0.6534653465346535,0.5523012552301255,0.8,0.25396825396825395,1.0,0.14545454545454545,0.03571428571428571,1.0,0.01818181818181818
amazon,net_uvu,0.05,2,1,GCN,graph,default,2,11944,103674,0.9353939393939394,0.7814817143326391,0.02814652770757675,0.25730693340301514,1.5,8.680006980895996,4.0,21.0,330.0,0.16409912705421448,0.9686131477355957,2097,0.8112860013395847,0.9362218686194688,0.010533684406854647,0.783767561866084,0.03749198520875574,0.6534653465346535,0.5523012552301255,0.8,0.24338624338624337,0.9583333333333334,0.1393939393939394,0.05847953216374269,0.8333333333333334,0.030303030303030304
amazon,net_uvu,0.05,2,2,GCN,graph,default,2,11944,103674,0.9299448416751788,0.8099188933467302,0.026567449793219566,0.24315646290779114,1.5,8.680006980895996,4.0,21.0,330.0,0.16409912705421448,0.9686131477355957,2097,0.8112860013395847,0.9294983619430235,0.014496550391657537,0.8080903072743582,0.029890013069967244,0.6881188118811881,0.5815899581589958,0.8424242424242424,0.24338624338624337,0.9583333333333334,0.1393939393939394,0.08139534883720931,1.0,0.04242424242424243
amazon,net_uvu,0.05,2,3,GCN,graph,default,2,11944,103674,0.924789921688798,0.8054638082646798,0.028901534155011177,0.285541296005249,1.5,8.680006980895996,4.0,21.0,330.0,0.16409912705421448,0.9686131477355957,2097,0.8112860013395847,0.9234081707148222,0.013576506759529365,0.8037549964237478,0.026059975019204845,0.6584158415841584,0.5564853556485355,0.806060606060606,0.25396825396825395,1.0,0.14545454545454545,0.03571428571428571,1.0,0.01818181818181818
amazon,net_uvu,0.05,2,1,SAGE,none,default,2,11944,103674,0.921771876064011,0.7864696792164293,0.1309303641319275,0.3837279975414276,0.9,8.680006980895996,4.0,21.0,330.0,0.16409912705421448,0.9686131477355957,2097,0.8112860013395847,0.9206358704568914,0.014847566249721349,0.7870221021449991,0.033359325507772514,0.6534653465346535,0.5523012552301255,0.8,0.2617801047120419,0.9615384615384616,0.15151515151515152,0.2617801047120419,0.9615384615384616,0.15151515151515152
amazon,net_uvu,0.05,2,2,SAGE,none,default,2,11944,103674,0.8918733401430032,0.8244949786508854,0.20342054963111877,0.46802881360054016,0.9,8.680006980895996,4.0,21.0,330.0,0.16409912705421448,0.9686131477355957,2097,0.8112860013395847,0.8925622428608193,0.018986338172606632,0.8255842037949644,0.0270976184295094,0.6683168316831684,0.5648535564853556,0.8181818181818182,0.24338624338624337,0.9583333333333334,0.1393939393939394,0.09248554913294797,1.0,0.048484848484848485
amazon,net_uvu,0.05,2,3,SAGE,none,default,2,11944,103674,0.9396418113721484,0.8246028029195462,0.16287805140018463,0.3509012460708618,0.9,8.680006980895996,4.0,21.0,330.0,0.16409912705421448,0.9686131477355957,2097,0.8112860013395847,0.9400264558621079,0.012570230944549555,0.8281257245895598,0.02825525652881758,0.6683168316831684,0.5648535564853556,0.8181818181818182,0.24338624338624337,0.9583333333333334,0.1393939393939394,0.07017543859649122,1.0,0.03636363636363636
amazon,net_uvu,0.05,2,1,SAGE,graph,default,2,11944,103674,0.9626435137895812,0.8310911478781267,0.17536139488220215,0.3407476544380188,1.2,8.680006980895996,4.0,21.0,330.0,0.16409912705421448,0.9686131477355957,2097,0.8112860013395847,0.9626180256496459,0.007800129534882251,0.8330088077027037,0.03217748473899885,0.6831683168316832,0.5774058577405857,0.8363636363636363,0.24338624338624337,0.9583333333333334,0.1393939393939394,0.05847953216374269,0.8333333333333334,0.030303030303030304
amazon,net_uvu,0.05,2,2,SAGE,graph,default,2,11944,103674,0.9690949948927478,0.8820754602704702,0.14976495504379272,0.3271816372871399,1.2,8.680006980895996,4.0,21.0,330.0,0.16409912705421448,0.9686131477355957,2097,0.8112860013395847,0.9684939620757943,0.008165445078773226,0.8798147219367088,0.024087831226610186,0.7277227722772277,0.6150627615062761,0.8909090909090909,0.24338624338624337,0.9583333333333334,0.1393939393939394,0.08139534883720931,1.0,0.04242424242424243
amazon,net_uvu,0.05,2,3,SAGE,graph,default,2,11944,103674,0.9688035410282602,0.8473590765388798,0.141362726688385,0.3225450813770294,1.2,8.680006980895996,4.0,21.0,330.0,0.16409912705421448,0.9686131477355957,2097,0.8112860013395847,0.9688747725364552,0.00712373425406135,0.8516230573222271,0.029120013676454486,0.698019801980198,0.5899581589958159,0.8545454545454545,0.24338624338624337,0.9583333333333334,0.1393939393939394,0.1348314606741573,0.9230769230769231,0.07272727272727272
amazon,net_uvu,0.05,3,1,GCN,none,default,2,11944,103674,0.8998651685393259,0.7404975755113744,0.0008025115239433944,0.23360472917556763,1.2,8.680006980895996,4.0,21.0,307.0,0.16585732996463776,0.9681694507598877,2082,0.8158070997990623,0.8989618579738174,0.01655787692404572,0.7395512784955685,0.03369119943538937,0.6336633663366337,0.5355648535564853,0.7757575757575758,0.24338624338624337,0.9583333333333334,0.1393939393939394,0.07017543859649122,1.0,0.03636363636363636
amazon,net_uvu,0.05,3,2,GCN,none,default,2,11944,103674,0.9255321756894791,0.7912163964820826,0.0009947963990271091,0.23837539553642273,1.2,8.680006980895996,4.0,21.0,307.0,0.16585732996463776,0.9681694507598877,2082,0.8158070997990623,0.9259726674445617,0.015585537360212608,0.7929740373835601,0.03244530487429418,0.6633663366336634,0.5606694560669456,0.8121212121212121,0.2328042328042328,0.9166666666666666,0.13333333333333333,0.08139534883720931,1.0,0.04242424242424243
amazon,net_uvu,0.05,3,3,GCN,none,default,2,11944,103674,0.9196649642492339,0.7804679757232634,0.0008129373309202492,0.22433225810527802,1.2,8.680006980895996,4.0,21.0,307.0,0.16585732996463776,0.9681694507598877,2082,0.8158070997990623,0.9194915258365515,0.015454328087002577,0.7823034753383876,0.031893179637628354,0.6534653465346535,0.5523012552301255,0.8,0.25396825396825395,1.0,0.14545454545454545,0.058823529411764705,1.0,0.030303030303030304
amazon,net_uvu,0.05,3,1,GCN,graph,default,2,11944,103674,0.9227020769492681,0.7649266978358001,0.03041807934641838,0.26467788219451904,1.5,8.680006980895996,4.0,21.0,307.0,0.16585732996463776,0.9681694507598877,2082,0.8158070997990623,0.9225710216208644,0.01283904391941978,0.7648587336404974,0.0303492626487177,0.6386138613861386,0.5397489539748954,0.7818181818181819,0.25396825396825395,1.0,0.14545454545454545,0.058823529411764705,1.0,0.030303030303030304
amazon,net_uvu,0.05,3,2,GCN,graph,default,2,11944,103674,0.9378032005447736,0.8092436145182562,0.02910503000020981,0.24803422391414642,1.5,8.680006980895996,4.0,21.0,307.0,0.16585732996463776,0.9681694507598877,2082,0.8158070997990623,0.9378700321862532,0.013963604102994645,0.8101469849362546,0.03088787497863272,0.6881188118811881,0.5815899581589958,0.8424242424242424,0.2328042328042328,0.9166666666666666,0.13333333333333333,0.08139534883720931,1.0,0.04242424242424243
amazon,net_uvu,0.05,3,3,GCN,graph,default,2,11944,103674,0.9313912155260469,0.7976370485423352,0.029664117842912674,0.2819393575191498,1.5,8.680006980895996,4.0,21.0,307.0,0.16585732996463776,0.9681694507598877,2082,0.8158070997990623,0.9300003704025863,0.013598189757580566,0.7979073430955306,0.02961617182884507,0.6633663366336634,0.5606694560669456,0.8121212121212121,0.25396825396825395,1.0,0.14545454545454545,0.047337278106508875,1.0,0.024242424242424242
amazon,net_uvu,0.05,3,1,SAGE,none,default,2,11944,103674,0.9192822608103506,0.7734491161050848,0.12148093432188034,0.3673688471317291,0.9,8.680006980895996,4.0,21.0,307.0,0.16585732996463776,0.9681694507598877,2082,0.8158070997990623,0.9183029203032038,0.013775709102015704,0.7718900368408357,0.032250893703023344,0.6237623762376238,0.5271966527196653,0.7636363636363637,0.3564356435643564,0.972972972972973,0.21818181818181817,0.3564356435643564,0.972972972972973,0.21818181818181817
amazon,net_uvu,0.05,3,2,SAGE,none,default,2,11944,103674,0.940889342866871,0.8464656061684103,0.16337427496910095,0.43945664167404175,0.9,8.680006980895996,4.0,21.0,307.0,0.16585732996463776,0.9681694507598877,2082,0.8158070997990623,0.9400443674608312,0.012454259164074038,0.8462345500828141,0.026545081924855392,0.6732673267326733,0.5690376569037657,0.8242424242424242,0.24338624338624337,0.9583333333333334,0.1393939393939394,0.08139534883720931,1.0,0.04242424242424243
amazon,net_uvu,0.05,3,3,SAGE,none,default,2,11944,103674,0.9376574736125298,0.8102464537418328,0.16449470818042755,0.3507443964481354,0.9,8.680006980895996,4.0,21.0,307.0,0.16585732996463776,0.9681694507598877,2082,0.8158070997990623,0.9401427844024886,0.012787828392678445,0.8156547423020288,0.032540842913001446,0.6633663366336634,0.5606694560669456,0.8121212121212121,0.24338624338624337,0.9583333333333334,0.1393939393939394,0.12429378531073447,0.9166666666666666,0.06666666666666667
amazon,net_uvu,0.05,3,1,SAGE,graph,default,2,11944,103674,0.9625291113381,0.8418302935192931,0.16937460005283356,0.3386705219745636,1.2,8.680006980895996,4.0,21.0,307.0,0.16585732996463776,0.9681694507598877,2082,0.8158070997990623,0.9625578794098036,0.008378191461370487,0.84408139690446,0.0320035013348101,0.7128712871287128,0.602510460251046,0.8727272727272727,0.24338624338624337,0.9583333333333334,0.1393939393939394,0.05847953216374269,0.8333333333333334,0.030303030303030304
amazon,net_uvu,0.05,3,2,SAGE,graph,default,2,11944,103674,0.9699720803541029,0.8790331016208072,0.15917620062828064,0.3325954079627991,1.2,8.680006980895996,4.0,21.0,307.0,0.16585732996463776,0.9681694507598877,2082,0.8158070997990623,0.9699795047883985,0.00787686530552997,0.8782713494858174,0.025524722703600632,0.7227722772277227,0.6108786610878661,0.8848484848484849,0.24338624338624337,0.9583333333333334,0.1393939393939394,0.08139534883720931,1.0,0.04242424242424243
amazon,net_uvu,0.05,3,3,SAGE,graph,default,2,11944,103674,0.9673067756213823,0.8504911830682096,0.14395245909690857,0.31919121742248535,1.2,8.680006980895996,4.0,21.0,307.0,0.16585732996463776,0.9681694507598877,2082,0.8158070997990623,0.9678953831379021,0.008274210712873506,0.8548677774848692,0.028774712127118553,0.7079207920792079,0.5983263598326359,0.8666666666666667,0.24338624338624337,0.9583333333333334,0.1393939393939394,0.12429378531073447,0.9166666666666666,0.06666666666666667
amazon,net_uvu,0.1,1,1,GCN,none,default,2,11944,207348,0.9002669390534559,0.7289070529512272,0.0004594643251039088,0.15012475848197937,2.2,17.360013961791992,9.0,42.0,651.0,0.08807769417762756,0.9682562351226807,1136,0.8964333556597455,0.9005004761041674,0.01447933166183035,0.7302449455161084,0.0307387433239169,0.6039603960396039,0.5104602510460251,0.7393939393939394,0.25396825396825395,1.0,0.14545454545454545,0.03571428571428571,1.0,0.01818181818181818
amazon,net_uvu,0.1,1,2,GCN,none,default,2,11944,207348,0.9264691862444672,0.7840420998556944,0.0004717288538813591,0.15150994062423706,2.2,17.360013961791992,9.0,42.0,651.0,0.08807769417762756,0.9682562351226807,1136,0.8964333556597455,0.9271996248997648,0.015301377729319332,0.7833424370860128,0.03213769605909562,0.6633663366336634,0.5606694560669456,0.8121212121212121,0.2328042328042328,0.9166666666666666,0.13333333333333333,0.03571428571428571,1.0,0.01818181818181818
amazon,net_uvu,0.1,1,3,GCN,none,default,2,11944,207348,0.89644126659857,0.732890945024987,0.0004433761932887137,0.14603187143802643,2.2,17.360013961791992,9.0,42.0,651.0,0.08807769417762756,0.9682562351226807,1136,0.8964333556597455,0.8965574164900179,0.016708804532218697,0.734600297934137,0.03478201707661995,0.6386138613861386,0.5397489539748954,0.7818181818181819,0.24338624338624337,0.9583333333333334,0.1393939393939394,0.03571428571428571,1.0,0.01818181818181818
amazon,net_uvu,0.1,1,1,GCN,graph,default,2,11944,207348,0.9091794347974123,0.7479277794175336,0.020521365106105804,0.21425966918468475,2.5,17.360013961791992,9.0,42.0,651.0,0.08807769417762756,0.9682562351226807,1136,0.8964333556597455,0.9093997446633404,0.013800211404198195,0.7489897812246508,0.02874806993684387,0.6237623762376238,0.5271966527196653,0.7636363636363637,0.25396825396825395,1.0,0.14545454545454545,0.03571428571428571,1.0,0.01818181818181818
amazon,net_uvu,0.1,1,2,GCN,graph,default,2,11944,207348,0.9231692202928158,0.7908793260693217,0.019420146942138672,0.21448251605033875,2.5,17.360013961791992,9.0,42.0,651.0,0.08807769417762756,0.9682562351226807,1136,0.8964333556597455,0.9234622207685426,0.015583340454092189,0.7904376346965433,0.03161323028113769,0.6881188118811881,0.5815899581589958,0.8424242424242424,0.24338624338624337,0.9583333333333334,0.1393939393939394,0.03571428571428571,1.0,0.01818181818181818
amazon,net_uvu,0.1,1,3,GCN,graph,default,2,11944,207348,0.8997684712291455,0.743880791051154,0.02212641015648842,0.2420951873064041,2.5,17.360013961791992,9.0,42.0,651.0,0.08807769417762756,0.9682562351226807,1136,0.8964333556597455,0.8999928586017216,0.016315096538868857,0.7437559628991595,0.034061147436287534,0.6386138613861386,0.5397489539748954,0.7818181818181819,0.24338624338624337,0.9583333333333334,0.1393939393939394,0.03571428571428571,1.0,0.01818181818181818
amazon,net_uvu,0.1,1,1,SAGE,none,default,2,11944,207348,0.890053796390875,0.7586648924897511,0.12249530106782913,0.2751070559024811,1.1,17.360013961791992,9.0,42.0,651.0,0.08807769417762756,0.9682562351226807,1136,0.8964333556597455,0.8873737376135449,0.0165978002684239,0.757904590250778,0.03323475210625229,0.6287128712871287,0.5313807531380753,0.7696969696969697,0.32323232323232326,0.9696969696969697,0.19393939393939394,0.32323232323232326,0.9696969696969697,0.19393939393939394
amazon,net_uvu,0.1,1,2,SAGE,none,default,2,11944,207348,0.951926455566905,0.8544113046217663,0.15426519513130188,0.32984447479248047,1.1,17.360013961791992,9.0,42.0,651.0,0.08807769417762756,0.9682562351226807,1136,0.8964333556597455,0.9508546534859379,0.01052287868932938,0.8533805804681264,0.025152292196519495,0.693069306930693,0.5857740585774058,0.8484848484848485,0.24338624338624337,0.9583333333333334,0.1393939393939394,0.11428571428571428,1.0,0.06060606060606061
amazon,net_uvu,0.1,1,3,SAGE,none,default,2,11944,207348,0.9428232890704802,0.8102299414035571,0.15660680830478668,0.2681160867214203,1.1,17.360013961791992,9.0,42.0,651.0,0.08807769417762756,0.9682562351226807,1136,0.8964333556597455,0.9438758996344592,0.01004625943098184,0.8159399381593073,0.030779258085490924,0.6534653465346535,0.5523012552301255,0.8,0.24338624338624337,0.9583333333333334,0.1393939393939394,0.15555555555555556,0.9333333333333333,0.08484848484848485
amazon,net_uvu,0.1,1,1,SAGE,graph,default,2,11944,207348,0.9634279877425945,0.8304655428871531,0.1769169121980667,0.32291287183761597,1.4,17.360013961791992,9.0,42.0,651.0,0.08807769417762756,0.9682562351226807,1136,0.8964333556597455,0.9631827210943628,0.008053514466944368,0.8329020970100878,0.03305884947048639,0.7029702970297029,0.5941422594142259,0.8606060606060606,0.24338624338624337,0.9583333333333334,0.1393939393939394,0.05847953216374269,0.8333333333333334,0.030303030303030304
amazon,net_uvu,0.1,1,2,SAGE,graph,default,2,11944,207348,0.9720885257065033,0.8858838963794066,0.1455199271440506,0.2975192964076996,1.4,17.360013961791992,9.0,42.0,651.0,0.08807769417762756,0.9682562351226807,1136,0.8964333556597455,0.9713779679418589,0.007819943335546366,0.8841758152836832,0.02388739431041074,0.7277227722772277,0.6150627615062761,0.8909090909090909,0.24338624338624337,0.9583333333333334,0.1393939393939394,0.08139534883720931,1.0,0.04242424242424243
amazon,net_uvu,0.1,1,3,SAGE,graph,default,2,11944,207348,0.9673013278855976,0.8422841313063685,0.1433882713317871,0.3012425899505615,1.4,17.360013961791992,9.0,42.0,651.0,0.08807769417762756,0.9682562351226807,1136,0.8964333556597455,0.968069729557619,0.006638633931822914,0.8472851209704931,0.02885169236821978,0.698019801980198,0.5899581589958159,0.8545454545454545,0.25263157894736843,0.96,0.14545454545454545,0.1452513966480447,0.9285714285714286,0.07878787878787878
amazon,net_uvu,0.1,2,1,GCN,none,default,2,11944,207348,0.9164235614572693,0.7401795279478067,0.0005327390972524881,0.15362116694450378,2.2,17.360013961791992,9.0,41.0,634.0,0.09377092868089676,0.9686034917831421,1212,0.8886470194239786,0.9162885322683583,0.012501248532449005,0.7395347434090368,0.031569085110054566,0.6237623762376238,0.5271966527196653,0.7636363636363637,0.25396825396825395,1.0,0.14545454545454545,0.03571428571428571,1.0,0.01818181818181818
amazon,net_uvu,0.1,2,2,GCN,none,default,2,11944,207348,0.9209778685733742,0.7731980392471027,0.0005626752972602844,0.1575486660003662,2.2,17.360013961791992,9.0,41.0,634.0,0.09377092868089676,0.9686034917831421,1212,0.8886470194239786,0.9220197249866565,0.01590842148905101,0.7732855402823112,0.035761588335305995,0.6633663366336634,0.5606694560669456,0.8121212121212121,0.2328042328042328,0.9166666666666666,0.13333333333333333,0.03571428571428571,1.0,0.01818181818181818
amazon,net_uvu,0.1,2,3,GCN,none,default,2,11944,207348,0.8961838610827374,0.7617807475438786,0.0004963736282661557,0.14903998374938965,2.2,17.360013961791992,9.0,41.0,634.0,0.09377092868089676,0.9686034917831421,1212,0.8886470194239786,0.8938200468494482,0.017168931039639044,0.7595639642601103,0.03092376053114793,0.6386138613861386,0.5397489539748954,0.7818181818181819,0.25396825396825395,1.0,0.14545454545454545,0.03571428571428571,1.0,0.01818181818181818
amazon,net_uvu,0.1,2,1,GCN,graph,default,2,11944,207348,0.9256411304051755,0.7594534947961403,0.019153082743287086,0.21727290749549866,2.5,17.360013961791992,9.0,41.0,634.0,0.09377092868089676,0.9686034917831421,1212,0.8886470194239786,0.9260141788246657,0.011756547341665593,0.7591377773003174,0.029500589854254924,0.6584158415841584,0.5564853556485355,0.806060606060606,0.24338624338624337,0.9583333333333334,0.1393939393939394,0.03571428571428571,1.0,0.01818181818181818
amazon,net_uvu,0.1,2,2,GCN,graph,default,2,11944,207348,0.9268505277494042,0.7925469256477574,0.01823803037405014,0.21487464010715485,2.5,17.360013961791992,9.0,41.0,634.0,0.09377092868089676,0.9686034917831421,1212,0.8886470194239786,0.9276107766122634,0.01590740939793674,0.7921915412523077,0.033927399299930966,0.6831683168316832,0.5774058577405857,0.8363636363636363,0.24338624338624337,0.9583333333333334,0.1393939393939394,0.03571428571428571,1.0,0.01818181818181818
amazon,net_uvu,0.1,2,3,GCN,graph,default,2,11944,207348,0.9091195097037794,0.7690701739106782,0.022647127509117126,0.2517629563808441,2.5,17.360013961791992,9.0,41.0,634.0,0.09377092868089676,0.9686034917831421,1212,0.8886470194239786,0.9061967253114696,0.015781018080857925,0.7648597638324338,0.0294105916731622,0.6584158415841584,0.5564853556485355,0.806060606060606,0.24338624338624337,0.9583333333333334,0.1393939393939394,0.03571428571428571,1.0,0.01818181818181818
amazon,net_uvu,0.1,2,1,SAGE,none,default,2,11944,207348,0.9187265917602997,0.7691481561850683,0.11684463918209076,0.2721385657787323,1.1,17.360013961791992,9.0,41.0,634.0,0.09377092868089676,0.9686034917831421,1212,0.8886470194239786,0.9182274272428184,0.01581978165799602,0.7697958045020326,0.03765979862016957,0.6485148514851485,0.5481171548117155,0.793939393939394,0.30456852791878175,0.9375,0.18181818181818182,0.30456852791878175,0.9375,0.18181818181818182
amazon,net_uvu,0.1,2,2,SAGE,none,default,2,11944,207348,0.9473067756213823,0.8450627161984122,0.15421897172927856,0.318447083234787,1.1,17.360013961791992,9.0,41.0,634.0,0.09377092868089676,0.9686034917831421,1212,0.8886470194239786,0.946127934738014,0.010212717670731354,0.8442436017717385,0.02502297690088456,0.6881188118811881,0.5815899581589958,0.8424242424242424,0.24338624338624337,0.9583333333333334,0.1393939393939394,0.11428571428571428,1.0,0.06060606060606061
amazon,net_uvu,0.1,2,3,SAGE,none,default,2,11944,207348,0.946955396663262,0.8168470583114716,0.1630202680826187,0.27734625339508057,1.1,17.360013961791992,9.0,41.0,634.0,0.09377092868089676,0.9686034917831421,1212,0.8886470194239786,0.9490675384467835,0.010624195017375099,0.8223226673491414,0.031454684078402524,0.6732673267326733,0.5690376569037657,0.8242424242424242,0.25263157894736843,0.96,0.14545454545454545,0.17582417582417584,0.9411764705882353,0.09696969696969697
amazon,net_uvu,0.1,2,1,SAGE,graph,default,2,11944,207348,0.9654504596527069,0.8281494770060607,0.1672118604183197,0.31236961483955383,1.4,17.360013961791992,9.0,41.0,634.0,0.09377092868089676,0.9686034917831421,1212,0.8886470194239786,0.9657874554667188,0.007048797126142932,0.8303940070848964,0.032504025490733834,0.6881188118811881,0.5815899581589958,0.8424242424242424,0.24338624338624337,0.9583333333333334,0.1393939393939394,0.06976744186046512,0.8571428571428571,0.03636363636363636
amazon,net_uvu,0.1,2,2,SAGE,graph,default,2,11944,207348,0.9768389513108613,0.8871813107770667,0.1410527229309082,0.29425743222236633,1.4,17.360013961791992,9.0,41.0,634.0,0.09377092868089676,0.9686034917831421,1212,0.8886470194239786,0.9766571544870746,0.006150333979994185,0.8858233126634792,0.023551621484356196,0.7326732673267327,0.6192468619246861,0.896969696969697,0.24338624338624337,0.9583333333333334,0.1393939393939394,0.08139534883720931,1.0,0.04242424242424243
amazon,net_uvu,0.1,2,3,SAGE,graph,default,2,11944,207348,0.9714266258086484,0.8443489526226434,0.1368298977613449,0.29057005047798157,1.4,17.360013961791992,9.0,41.0,634.0,0.09377092868089676,0.9686034917831421,1212,0.8886470194239786,0.9718082036871034,0.006005822741346594,0.8487455528907223,0.029140711205607465,0.698019801980198,0.5899581589958159,0.8545454545454545,0.24338624338624337,0.9583333333333334,0.1393939393939394,0.1348314606741573,0.9230769230769231,0.07272727272727272
amazon,net_uvu,0.1,3,1,GCN,none,default,2,11944,207348,0.9241348314606743,0.7687539786405804,0.00042663890053518116,0.15536537766456604,2.2,17.360013961791992,9.0,41.0,631.0,0.09745478630065918,0.9687385559082031,1239,0.8886470194239786,0.9237502707666827,0.012453801986113988,0.7689642159698166,0.03231764103670336,0.6584158415841584,0.5564853556485355,0.806060606060606,0.25396825396825395,1.0,0.14545454545454545,0.03571428571428571,1.0,0.01818181818181818
amazon,net_uvu,0.1,3,2,GCN,none,default,2,11944,207348,0.9207940074906368,0.7631853018096039,0.0004473169392440468,0.15574924647808075,2.2,17.360013961791992,9.0,41.0,631.0,0.09745478630065918,0.9687385559082031,1239,0.8886470194239786,0.9214038010571071,0.014571334412824138,0.7637191551568793,0.03149711542844604,0.6435643564356436,0.5439330543933054,0.7878787878787878,0.2328042328042328,0.9166666666666666,0.13333333333333333,0.03571428571428571,1.0,0.01818181818181818
amazon,net_uvu,0.1,3,3,GCN,none,default,2,11944,207348,0.9058345250255364,0.7543301492587426,0.00039491173811256886,0.15072062611579895,2.2,17.360013961791992,9.0,41.0,631.0,0.09745478630065918,0.9687385559082031,1239,0.8886470194239786,0.904298169147089,0.01645571208638783,0.7545254168783085,0.03375261345348755,0.6435643564356436,0.5439330543933054,0.7878787878787878,0.25396825396825395,1.0,0.14545454545454545,0.047337278106508875,1.0,0.024242424242424242
amazon,net_uvu,0.1,3,1,GCN,graph,default,2,11944,207348,0.9256329588014981,0.7720177307255959,0.020541677251458168,0.2300366461277008,2.5,17.360013961791992,9.0,41.0,631.0,0.09745478630065918,0.9687385559082031,1239,0.8886470194239786,0.9251738478377213,0.012258992743746101,0.7726299834604824,0.031409538008890805,0.6534653465346535,0.5523012552301255,0.8,0.25396825396825395,1.0,0.14545454545454545,0.047337278106508875,1.0,0.024242424242424242
amazon,net_uvu,0.1,3,2,GCN,graph,default,2,11944,207348,0.924100783112019,0.7821640267661671,0.019901424646377563,0.21920272707939148,2.5,17.360013961791992,9.0,41.0,631.0,0.09745478630065918,0.9687385559082031,1239,0.8886470194239786,0.9242870296403991,0.014209248665773624,0.7822339064638166,0.027882825349723743,0.6584158415841584,0.5564853556485355,0.806060606060606,0.25396825396825395,1.0,0.14545454545454545,0.058823529411764705,1.0,0.030303030303030304
amazon,net_uvu,0.1,3,3,GCN,graph,default,2,11944,207348,0.9169124957439564,0.7713505603011024,0.023479875177145004,0.2591777443885803,2.5,17.360013961791992,9.0,41.0,631.0,0.09745478630065918,0.9687385559082031,1239,0.8886470194239786,0.9152286828563786,0.015635017792527715,0.770302927126839,0.03249275206863838,0.6485148514851485,0.5481171548117155,0.793939393939394,0.25396825396825395,1.0,0.14545454545454545,0.047337278106508875,1.0,0.024242424242424242
amazon,net_uvu,0.1,3,1,SAGE,none,default,2,11944,207348,0.9237453183520599,0.7922020082526633,0.12111629545688629,0.2738349437713623,1.1,17.360013961791992,9.0,41.0,631.0,0.09745478630065918,0.9687385559082031,1239,0.8886470194239786,0.9230539546210462,0.015037699519034019,0.7919028784232656,0.03330852298094053,0.6485148514851485,0.5481171548117155,0.793939393939394,0.3316582914572864,0.9705882352941176,0.2,0.3316582914572864,0.9705882352941176,0.2
amazon,net_uvu,0.1,3,2,SAGE,none,default,2,11944,207348,0.9537010554988083,0.8455080852147127,0.15073718130588531,0.3259020149707794,1.1,17.360013961791992,9.0,41.0,631.0,0.09745478630065918,0.9687385559082031,1239,0.8886470194239786,0.9528155678344183,0.0104021231143818,0.845584971418498,0.031222527213559836,0.6831683168316832,0.5774058577405857,0.8363636363636363,0.24338624338624337,0.9583333333333334,0.1393939393939394,0.08092485549132948,0.875,0.04242424242424243
amazon,net_uvu,0.1,3,3,SAGE,none,default,2,11944,207348,0.938347974123255,0.8006291716535145,0.16794627904891968,0.27954769134521484,1.1,17.360013961791992,9.0,41.0,631.0,0.09745478630065918,0.9687385559082031,1239,0.8886470194239786,0.9408195802024915,0.012251275398106085,0.8073679536586778,0.031089561271484843,0.6584158415841584,0.5564853556485355,0.806060606060606,0.24338624338624337,0.9583333333333334,0.1393939393939394,0.15555555555555556,0.9333333333333333,0.08484848484848485
amazon,net_uvu,0.1,3,1,SAGE,graph,default,2,11944,207348,0.9723745318352061,0.8476962464614458,0.1752385050058365,0.3217725455760956,1.4,17.360013961791992,9.0,41.0,631.0,0.09745478630065918,0.9687385559082031,1239,0.8886470194239786,0.9724758205274208,0.005521949227127539,0.8502091389678604,0.03094050339681293,0.7029702970297029,0.5941422594142259,0.8606060606060606,0.24338624338624337,0.9583333333333334,0.1393939393939394,0.06976744186046512,0.8571428571428571,0.03636363636363636
amazon,net_uvu,0.1,3,2,SAGE,graph,default,2,11944,207348,0.9740987402110998,0.8833100469102527,0.14273762702941895,0.2981705665588379,1.4,17.360013961791992,9.0,41.0,631.0,0.09745478630065918,0.9687385559082031,1239,0.8886470194239786,0.9738083770996449,0.006820959900781196,0.8824318061786947,0.024322578649939093,0.7178217821782178,0.606694560669456,0.8787878787878788,0.24338624338624337,0.9583333333333334,0.1393939393939394,0.08139534883720931,1.0,0.04242424242424243
amazon,net_uvu,0.1,3,3,SAGE,graph,default,2,11944,207348,0.9759141981613892,0.8497878568579017,0.13632884621620178,0.2907981276512146,1.4,17.360013961791992,9.0,41.0,631.0,0.09745478630065918,0.9687385559082031,1239,0.8886470194239786,0.9762706023477483,0.004785295142427344,0.8544383037588168,0.02794553534986268,0.693069306930693,0.5857740585774058,0.8484848484848485,0.24338624338624337,0.9583333333333334,0.1393939393939394,0.1452513966480447,0.9285714285714286,0.07878787878787878
amazon,net_uvu,0.2,1,1,GCN,none,default,2,11944,414694,0.9034770173646579,0.707125454938562,0.0002539253036957234,0.0866897776722908,4.0,34.7198600769043,18.0,83.0,1309.0,0.044876087456941605,0.9686756730079651,585,0.9457468184862693,0.9027921321088838,0.012566321332530524,0.7060973821916902,0.033135600967327664,0.599009900990099,0.5062761506276151,0.7333333333333333,0.24338624338624337,0.9583333333333334,0.1393939393939394,0.03571428571428571,1.0,0.01818181818181818
amazon,net_uvu,0.2,1,2,GCN,none,default,2,11944,414694,0.906561797752809,0.7411177051657221,0.00028424354968592525,0.09079781174659729,4.0,34.7198600769043,18.0,83.0,1309.0,0.044876087456941605,0.9686756730079651,585,0.9457468184862693,0.9074562460518694,0.017320188748862916,0.7391562033470436,0.0319661982708964,0.6336633663366337,0.5355648535564853,0.7757575757575758,0.2328042328042328,0.9166666666666666,0.13333333333333333,0.03571428571428571,1.0,0.01818181818181818
amazon,net_uvu,0.2,1,3,GCN,none,default,2,11944,414694,0.8841552604698674,0.6952261065054202,0.0002331919240532443,0.08512349426746368,4.0,34.7198600769043,18.0,83.0,1309.0,0.044876087456941605,0.9686756730079651,585,0.9457468184862693,0.8831079823371516,0.017314582430275345,0.6974398658903078,0.03922916589315406,0.6138613861386139,0.5188284518828452,0.7515151515151515,0.2222222222222222,0.875,0.12727272727272726,0.03571428571428571,1.0,0.01818181818181818
amazon,net_uvu,0.2,1,1,GCN,graph,default,2,11944,414694,0.8968226081035068,0.7110232132333999,0.01531862374395132,0.20156992971897125,4.3,34.7198600769043,18.0,83.0,1309.0,0.044876087456941605,0.9686756730079651,585,0.9457468184862693,0.8964137784133867,0.014165573892404483,0.7088366635175903,0.031326784734630526,0.594059405940594,0.502092050209205,0.7272727272727273,0.25396825396825395,1.0,0.14545454545454545,0.03571428571428571,1.0,0.01818181818181818
amazon,net_uvu,0.2,1,2,GCN,graph,default,2,11944,414694,0.9040503915560095,0.7406264837892275,0.013966110534965992,0.194410502910614,4.3,34.7198600769043,18.0,83.0,1309.0,0.044876087456941605,0.9686756730079651,585,0.9457468184862693,0.9046470688493361,0.01742854791292013,0.7381205745508248,0.031337541594365546,0.6386138613861386,0.5397489539748954,0.7818181818181819,0.24338624338624337,0.9583333333333334,0.1393939393939394,0.03571428571428571,1.0,0.01818181818181818
amazon,net_uvu,0.2,1,3,GCN,graph,default,2,11944,414694,0.8859203268641472,0.7010745212690485,0.017111757770180702,0.22207783162593842,4.3,34.7198600769043,18.0,83.0,1309.0,0.044876087456941605,0.9686756730079651,585,0.9457468184862693,0.8844371703681255,0.016947040194058273,0.7013230545574669,0.03846136160852349,0.6237623762376238,0.5271966527196653,0.7636363636363637,0.2328042328042328,0.9166666666666666,0.13333333333333333,0.03571428571428571,1.0,0.01818181818181818
amazon,net_uvu,0.2,1,1,SAGE,none,default,2,11944,414694,0.8771712631937351,0.7599762446590428,0.12900593876838684,0.19533784687519073,1.7,34.7198600769043,18.0,83.0,1309.0,0.044876087456941605,0.9686756730079651,585,0.9457468184862693,0.8757957885724353,0.020715040974471882,0.7616590901432047,0.034372464778142466,0.6386138613861386,0.5397489539748954,0.7818181818181819,0.5240174672489083,0.9375,0.36363636363636365,0.5240174672489083,0.9375,0.36363636363636365
amazon,net_uvu,0.2,1,2,SAGE,none,default,2,11944,414694,0.9483037112700033,0.8457205179167225,0.15022248029708862,0.2395104467868805,1.7,34.7198600769043,18.0,83.0,1309.0,0.044876087456941605,0.9686756730079651,585,0.9457468184862693,0.9469691028517724,0.011579907786412214,0.8445120667680258,0.029170359724241483,0.6831683168316832,0.5774058577405857,0.8363636363636363,0.25263157894736843,0.96,0.14545454545454545,0.21505376344086022,0.9523809523809523,0.12121212121212122
amazon,net_uvu,0.2,1,3,SAGE,none,default,2,11944,414694,0.9422526387470208,0.7965242746936932,0.14868101477622986,0.19447392225265503,1.7,34.7198600769043,18.0,83.0,1309.0,0.044876087456941605,0.9686756730079651,585,0.9457468184862693,0.9435915094987267,0.009731693526944663,0.8026648535489582,0.03169935784090669,0.6633663366336634,0.5606694560669456,0.8121212121212121,0.24338624338624337,0.9583333333333334,0.1393939393939394,0.16574585635359115,0.9375,0.09090909090909091
amazon,net_uvu,0.2,1,1,SAGE,graph,default,2,11944,414694,0.9675900578821928,0.8366468616563659,0.16058409214019775,0.2875584363937378,2.0,34.7198600769043,18.0,83.0,1309.0,0.044876087456941605,0.9686756730079651,585,0.9457468184862693,0.9675095754510789,0.006509451494653397,0.8389190182223493,0.03207952252460851,0.7029702970297029,0.5941422594142259,0.8606060606060606,0.24338624338624337,0.9583333333333334,0.1393939393939394,0.05847953216374269,0.8333333333333334,0.030303030303030304
amazon,net_uvu,0.2,1,2,SAGE,graph,default,2,11944,414694,0.9745890364317331,0.8890156047177135,0.13782426714897156,0.2725566029548645,2.0,34.7198600769043,18.0,83.0,1309.0,0.044876087456941605,0.9686756730079651,585,0.9457468184862693,0.9740028615377192,0.006924602012643664,0.88743729241588,0.024037742992116293,0.7227722772277227,0.6108786610878661,0.8848484848484849,0.24338624338624337,0.9583333333333334,0.1393939393939394,0.08139534883720931,1.0,0.04242424242424243
amazon,net_uvu,0.2,1,3,SAGE,graph,default,2,11944,414694,0.9708586993530814,0.8422494743963539,0.12976574897766113,0.26473650336265564,2.0,34.7198600769043,18.0,83.0,1309.0,0.044876087456941605,0.9686756730079651,585,0.9457468184862693,0.9710865035053086,0.005768236923247808,0.8465394473282113,0.028743824161006674,0.693069306930693,0.5857740585774058,0.8484848484848485,0.24338624338624337,0.9583333333333334,0.1393939393939394,0.1452513966480447,0.9285714285714286,0.07878787878787878
amazon,net_uvu,0.2,2,1,GCN,none,default,2,11944,414694,0.8970541368743616,0.6800085006767319,0.00017128512263298035,0.09144951403141022,4.0,34.7198600769043,17.0,81.0,1279.0,0.04613194987177849,0.9683236479759216,612,0.941728064300067,0.8961954887410302,0.014030226134683374,0.681115362985384,0.033728116715128764,0.5841584158415841,0.49372384937238495,0.7151515151515152,0.2328042328042328,0.9166666666666666,0.13333333333333333,0.03571428571428571,1.0,0.01818181818181818
amazon,net_uvu,0.2,2,2,GCN,none,default,2,11944,414694,0.9110888661899897,0.7039151346207495,0.00018498838471714407,0.09371230751276016,3.9,34.7198600769043,17.0,81.0,1279.0,0.04613194987177849,0.9683236479759216,612,0.941728064300067,0.9117888748180737,0.015878312702671673,0.7029311839035952,0.04217790544648919,0.6435643564356436,0.5439330543933054,0.7878787878787878,0.21164021164021163,0.8333333333333334,0.12121212121212122,0.03571428571428571,1.0,0.01818181818181818
amazon,net_uvu,0.2,2,3,GCN,none,default,2,11944,414694,0.8835791624106232,0.6971779840015687,0.00016166077693924308,0.08746221661567688,4.0,34.7198600769043,17.0,81.0,1279.0,0.04613194987177849,0.9683236479759216,612,0.941728064300067,0.8817071883862836,0.0175991890042349,0.6969207445089627,0.03571589045620095,0.6237623762376238,0.5271966527196653,0.7636363636363637,0.24338624338624337,0.9583333333333334,0.1393939393939394,0.03571428571428571,1.0,0.01818181818181818
amazon,net_uvu,0.2,2,1,GCN,graph,default,2,11944,414694,0.894768811712632,0.6808651705485508,0.014435072429478168,0.19823399186134338,4.3,34.7198600769043,17.0,81.0,1279.0,0.04613194987177849,0.9683236479759216,612,0.941728064300067,0.8940114157697672,0.0147258519397361,0.6816713805651594,0.03275243814732135,0.594059405940594,0.502092050209205,0.7272727272727273,0.24338624338624337,0.9583333333333334,0.1393939393939394,0.03571428571428571,1.0,0.01818181818181818
amazon,net_uvu,0.2,2,2,GCN,graph,default,2,11944,414694,0.9161852230166837,0.7283807408735065,0.013190589845180511,0.19224727153778076,4.3,34.7198600769043,17.0,81.0,1279.0,0.04613194987177849,0.9683236479759216,612,0.941728064300067,0.9167840839485955,0.016025719997472602,0.7272520697799828,0.04137524786633301,0.6534653465346535,0.5523012552301255,0.8,0.2222222222222222,0.875,0.12727272727272726,0.03571428571428571,1.0,0.01818181818181818
amazon,net_uvu,0.2,2,3,GCN,graph,default,2,11944,414694,0.8918515491998638,0.7107153600590168,0.01666892319917679,0.21822866797447205,4.2,34.7198600769043,17.0,81.0,1279.0,0.04613194987177849,0.9683236479759216,612,0.941728064300067,0.8896147387006218,0.016882084994590593,0.708309119120658,0.0353813250099985,0.6336633663366337,0.5355648535564853,0.7757575757575758,0.2328042328042328,0.9166666666666666,0.13333333333333333,0.03571428571428571,1.0,0.01818181818181818
amazon,net_uvu,0.2,2,1,SAGE,none,default,2,11944,414694,0.9200544773578482,0.7675186880496311,0.11277105659246445,0.18706081807613373,1.7,34.7198600769043,17.0,81.0,1279.0,0.04613194987177849,0.9683236479759216,612,0.941728064300067,0.9193224430931753,0.014720491599920244,0.7682134090188204,0.0354571885680334,0.6485148514851485,0.5481171548117155,0.793939393939394,0.4351851851851852,0.9215686274509803,0.28484848484848485,0.4351851851851852,0.9215686274509803,0.28484848484848485
amazon,net_uvu,0.2,2,2,SAGE,none,default,2,11944,414694,0.9580851208716377,0.8659254179974069,0.14141668379306793,0.2307378202676773,1.7,34.7198600769043,17.0,81.0,1279.0,0.04613194987177849,0.9683236479759216,612,0.941728064300067,0.9566706460958275,0.008410374411541922,0.8639349431712976,0.023608376788625898,0.7128712871287128,0.602510460251046,0.8727272727272727,0.2617801047120419,0.9615384615384616,0.15151515151515152,0.18681318681318682,1.0,0.10303030303030303
amazon,net_uvu,0.2,2,3,SAGE,none,default,2,11944,414694,0.9424705481784132,0.8089804658238535,0.15524587035179138,0.20405347645282745,1.7,34.7198600769043,17.0,81.0,1279.0,0.04613194987177849,0.9683236479759216,612,0.941728064300067,0.9447363755052546,0.010803391532248808,0.8162769207691878,0.032032527694736135,0.6633663366336634,0.5606694560669456,0.8121212121212121,0.24338624338624337,0.9583333333333334,0.1393939393939394,0.18579234972677597,0.9444444444444444,0.10303030303030303
amazon,net_uvu,0.2,2,1,SAGE,graph,default,2,11944,414694,0.963404834865509,0.8259331959440718,0.16783934831619263,0.29865914583206177,2.0,34.7198600769043,17.0,81.0,1279.0,0.04613194987177849,0.9683236479759216,612,0.941728064300067,0.9635092646074714,0.007319020219402446,0.8281811376253814,0.032779623065543974,0.698019801980198,0.5899581589958159,0.8545454545454545,0.24338624338624337,0.9583333333333334,0.1393939393939394,0.06976744186046512,0.8571428571428571,0.03636363636363636
amazon,net_uvu,0.2,2,2,SAGE,graph,default,2,11944,414694,0.9779720803541028,0.8878611790231716,0.13677296042442322,0.26808157563209534,2.0,34.7198600769043,17.0,81.0,1279.0,0.04613194987177849,0.9683236479759216,612,0.941728064300067,0.9777226482921632,0.00536972538680013,0.8861084550281083,0.024014703521738186,0.7277227722772277,0.6150627615062761,0.8909090909090909,0.24338624338624337,0.9583333333333334,0.1393939393939394,0.08139534883720931,1.0,0.04242424242424243
amazon,net_uvu,0.2,2,3,SAGE,graph,default,2,11944,414694,0.9676268300987402,0.8364114340629173,0.13118760287761688,0.26238393783569336,2.0,34.7198600769043,17.0,81.0,1279.0,0.04613194987177849,0.9683236479759216,612,0.941728064300067,0.9679006723318685,0.0061969789074897835,0.8408204466489798,0.028995208350715715,0.6881188118811881,0.5815899581589958,0.8424242424242424,0.24338624338624337,0.9583333333333334,0.1393939393939394,0.1348314606741573,0.9230769230769231,0.07272727272727272
amazon,net_uvu,0.2,3,1,GCN,none,default,2,11944,414694,0.9034688457609805,0.6840111079688612,0.00019523667288012803,0.09078484773635864,3.9,34.7198600769043,17.0,83.0,1267.0,0.04864367097616196,0.9682223796844482,631,0.9411419959812458,0.9027692443939955,0.0140683156471778,0.6847016386444126,0.03505093623528548,0.599009900990099,0.5062761506276151,0.7333333333333333,0.2328042328042328,0.9166666666666666,0.13333333333333333,0.03571428571428571,1.0,0.01818181818181818
amazon,net_uvu,0.2,3,2,GCN,none,default,2,11944,414694,0.9060265577119508,0.7002610537993904,0.0002258184686070308,0.09475991129875183,4.0,34.7198600769043,17.0,83.0,1267.0,0.04864367097616196,0.9682223796844482,631,0.9411419959812458,0.9074836290277629,0.017148043276432524,0.7032547013862523,0.040764739512900716,0.6485148514851485,0.5481171548117155,0.793939393939394,0.21164021164021163,0.8333333333333334,0.12121212121212122,0.023809523809523808,0.6666666666666666,0.012121212121212121
amazon,net_uvu,0.2,3,3,GCN,none,default,2,11944,414694,0.8923309499489275,0.6985302428301482,0.00019653789058793336,0.08733130246400833,4.0,34.7198600769043,17.0,83.0,1267.0,0.04864367097616196,0.9682223796844482,631,0.9411419959812458,0.8907855894005682,0.017482438908672456,0.700953163006734,0.03682004439422871,0.6237623762376238,0.5271966527196653,0.7636363636363637,0.2328042328042328,0.9166666666666666,0.13333333333333333,0.03571428571428571,1.0,0.01818181818181818
amazon,net_uvu,0.2,3,1,GCN,graph,default,2,11944,414694,0.899197820905686,0.6876814452633705,0.01443744171410799,0.1931108683347702,4.2,34.7198600769043,17.0,83.0,1267.0,0.04864367097616196,0.9682223796844482,631,0.9411419959812458,0.8984287140630951,0.015068402136904033,0.6882092724293531,0.034207485175916846,0.594059405940594,0.502092050209205,0.7272727272727273,0.24338624338624337,0.9583333333333334,0.1393939393939394,0.03571428571428571,1.0,0.01818181818181818
amazon,net_uvu,0.2,3,2,GCN,graph,default,2,11944,414694,0.9026843718079673,0.7157516266209049,0.013008887879550457,0.1904950737953186,4.2,34.7198600769043,17.0,83.0,1267.0,0.04864367097616196,0.9682223796844482,631,0.9411419959812458,0.9032525346717687,0.017313945120187,0.7170298588472888,0.035638947485053654,0.6435643564356436,0.5439330543933054,0.7878787878787878,0.2328042328042328,0.9166666666666666,0.13333333333333333,0.03571428571428571,1.0,0.01818181818181818
amazon,net_uvu,0.2,3,3,GCN,graph,default,2,11944,414694,0.8975199182839634,0.7112752918837476,0.01809128187596798,0.22752930223941803,4.3,34.7198600769043,17.0,83.0,1267.0,0.04864367097616196,0.9682223796844482,631,0.9411419959812458,0.8962171088142691,0.01736949144344845,0.7120995046436752,0.03677040024501043,0.6435643564356436,0.5439330543933054,0.7878787878787878,0.24338624338624337,0.9583333333333334,0.1393939393939394,0.03571428571428571,1.0,0.01818181818181818
amazon,net_uvu,0.2,3,1,SAGE,none,default,2,11944,414694,0.9158760640108955,0.7761680532402477,0.11200530081987381,0.18499697744846344,1.7,34.7198600769043,17.0,83.0,1267.0,0.04864367097616196,0.9682223796844482,631,0.9411419959812458,0.9157613463696133,0.014546573892603122,0.7763820825239311,0.03333633920404589,0.6336633663366337,0.5355648535564853,0.7757575757575758,0.41148325358851673,0.9772727272727273,0.2606060606060606,0.41148325358851673,0.9772727272727273,0.2606060606060606
amazon,net_uvu,0.2,3,2,SAGE,none,default,2,11944,414694,0.9505236636023153,0.8525544246777503,0.1392039656639099,0.23009034991264343,1.7,34.7198600769043,17.0,83.0,1267.0,0.04864367097616196,0.9682223796844482,631,0.9411419959812458,0.9501794964318233,0.01075299208615042,0.8526876506350312,0.030044966218726175,0.7029702970297029,0.5941422594142259,0.8606060606060606,0.25263157894736843,0.96,0.14545454545454545,0.11363636363636363,0.9090909090909091,0.06060606060606061
amazon,net_uvu,0.2,3,3,SAGE,none,default,2,11944,414694,0.9388995573714676,0.79900356999176,0.15079519152641296,0.2000013142824173,1.7,34.7198600769043,17.0,83.0,1267.0,0.04864367097616196,0.9682223796844482,631,0.9411419959812458,0.9398371893018281,0.010585044231972445,0.8032511904358531,0.03182283879153302,0.6534653465346535,0.5523012552301255,0.8,0.24338624338624337,0.9583333333333334,0.1393939393939394,0.16574585635359115,0.9375,0.09090909090909091
amazon,net_uvu,0.2,3,1,SAGE,graph,default,2,11944,414694,0.9709145386448756,0.8400580334569382,0.16614781320095062,0.2990594804286957,2.0,34.7198600769043,17.0,83.0,1267.0,0.04864367097616196,0.9682223796844482,631,0.9411419959812458,0.9707824938439288,0.005728877810502995,0.8424029758685472,0.031682834093433775,0.7128712871287128,0.602510460251046,0.8727272727272727,0.24338624338624337,0.9583333333333334,0.1393939393939394,0.06976744186046512,0.8571428571428571,0.03636363636363636
amazon,net_uvu,0.2,3,2,SAGE,graph,default,2,11944,414694,0.9745045965270684,0.8780759627206985,0.1403595507144928,0.27607712149620056,2.0,34.7198600769043,17.0,83.0,1267.0,0.04864367097616196,0.9682223796844482,631,0.9411419959812458,0.9743159865674731,0.006299782171991275,0.8772849578011371,0.025387628784943432,0.7128712871287128,0.602510460251046,0.8727272727272727,0.24338624338624337,0.9583333333333334,0.1393939393939394,0.08139534883720931,1.0,0.04242424242424243
amazon,net_uvu,0.2,3,3,SAGE,graph,default,2,11944,414694,0.9725338781069117,0.8482776727322098,0.1316274106502533,0.26463833451271057,2.0,34.7198600769043,17.0,83.0,1267.0,0.04864367097616196,0.9682223796844482,631,0.9411419959812458,0.972808396600863,0.005538715845250881,0.852470486326789,0.02844864407898453,0.693069306930693,0.5857740585774058,0.8484848484848485,0.24338624338624337,0.9583333333333334,0.1393939393939394,0.1452513966480447,0.9285714285714286,0.07878787878787878
amazon,net_uvu,0.4,1,1,GCN,none,default,2,11944,829390,0.8963840653728294,0.6497856367292641,0.00013595558993984014,0.046223025768995285,7.4,69.43988800048828,36.0,165.0,2623.0,0.02017749473452568,0.968335747718811,271,0.9732083054253181,0.8951655372640297,0.012439530255137304,0.6491245241782743,0.034239382474627315,0.5643564356435643,0.4769874476987448,0.6909090909090909,0.25396825396825395,1.0,0.14545454545454545,0.03571428571428571,1.0,0.01818181818181818
amazon,net_uvu,0.4,1,2,GCN,none,default,2,11944,829390,0.8990616275110658,0.6593650517551372,0.0001621414558030665,0.04939112067222595,7.4,69.43988800048828,36.0,165.0,2623.0,0.02017749473452568,0.968335747718811,271,0.9732083054253181,0.9005675277429461,0.01641596386393859,0.6631887167116735,0.03992136187325188,0.6039603960396039,0.5104602510460251,0.7393939393939394,0.2328042328042328,0.9166666666666666,0.13333333333333333,0.023809523809523808,0.6666666666666666,0.012121212121212121
amazon,net_uvu,0.4,1,3,GCN,none,default,2,11944,829390,0.8751896493020088,0.6494873496177539,0.00011611257650656626,0.0447792187333107,7.4,69.43988800048828,36.0,165.0,2623.0,0.02017749473452568,0.968335747718811,271,0.9732083054253181,0.8739943912943344,0.017742019543322055,0.6519190140281443,0.03703159869895818,0.5891089108910891,0.497907949790795,0.7212121212121212,0.24338624338624337,0.9583333333333334,0.1393939393939394,0.03571428571428571,1.0,0.01818181818181818
amazon,net_uvu,0.4,1,1,GCN,graph,default,2,11944,829390,0.8865726932243787,0.6450390224141594,0.012561595998704433,0.18418553471565247,7.7,69.43988800048828,36.0,165.0,2623.0,0.02017749473452568,0.968335747718811,271,0.9732083054253181,0.8852342606781808,0.013884902525030315,0.64387364213627,0.03493618118429381,0.5742574257425742,0.48535564853556484,0.703030303030303,0.2328042328042328,0.9166666666666666,0.13333333333333333,0.03571428571428571,1.0,0.01818181818181818
amazon,net_uvu,0.4,1,2,GCN,graph,default,2,11944,829390,0.8975635001702417,0.6931918206586372,0.012495486065745354,0.18757455050945282,7.7,69.43988800048828,36.0,165.0,2623.0,0.02017749473452568,0.968335747718811,271,0.9732083054253181,0.8986555062242713,0.016949141414691254,0.6930331019373971,0.03511423350425869,0.6287128712871287,0.5313807531380753,0.7696969696969697,0.24338624338624337,0.9583333333333334,0.1393939393939394,0.03571428571428571,1.0,0.01818181818181818
amazon,net_uvu,0.4,1,3,GCN,graph,default,2,11944,829390,0.876870275791624,0.6530192960698853,0.01403415109962225,0.20463943481445312,7.7,69.43988800048828,36.0,165.0,2623.0,0.02017749473452568,0.968335747718811,271,0.9732083054253181,0.8755921841182999,0.017538394320595528,0.6545927515651067,0.03697052549666569,0.6138613861386139,0.5188284518828452,0.7515151515151515,0.2328042328042328,0.9166666666666666,0.13333333333333333,0.03571428571428571,1.0,0.01818181818181818
amazon,net_uvu,0.4,1,1,SAGE,none,default,2,11944,829390,0.909130405175349,0.7785393796915729,0.10688388347625732,0.1243366226553917,3.1,69.43988800048828,36.0,165.0,2623.0,0.02017749473452568,0.968335747718811,271,0.9732083054253181,0.9063474110260853,0.015355451664859281,0.7770019734188949,0.03376749600179537,0.6435643564356436,0.5439330543933054,0.7878787878787878,0.2708333333333333,0.9629629629629629,0.15757575757575756,0.22459893048128343,0.9545454545454546,0.12727272727272726
amazon,net_uvu,0.4,1,2,SAGE,none,default,2,11944,829390,0.9597003745318352,0.8545939177213528,0.1299184262752533,0.1609136462211609,3.1,69.43988800048828,36.0,165.0,2623.0,0.02017749473452568,0.968335747718811,271,0.9732083054253181,0.95945574076666,0.00807510465654401,0.8531896373993141,0.02631310933592539,0.693069306930693,0.5857740585774058,0.8484848484848485,0.2631578947368421,1.0,0.15151515151515152,0.22580645161290322,1.0,0.12727272727272726
amazon,net_uvu,0.4,1,3,SAGE,none,default,2,11944,829390,0.9362764725910793,0.7844590040280169,0.143417626619339,0.14661316573619843,3.1,69.43988800048828,36.0,165.0,2623.0,0.02017749473452568,0.968335747718811,271,0.9732083054253181,0.9381414490309248,0.010902313946428037,0.790794151193899,0.03244638617684047,0.6485148514851485,0.5481171548117155,0.793939393939394,0.25263157894736843,0.96,0.14545454545454545,0.18579234972677597,0.9444444444444444,0.10303030303030303
amazon,net_uvu,0.4,1,1,SAGE,graph,default,2,11944,829390,0.9710030643513791,0.8372951085535696,0.16284841299057007,0.2813938558101654,3.4,69.43988800048828,36.0,165.0,2623.0,0.02017749473452568,0.968335747718811,271,0.9732083054253181,0.9708350883813572,0.005806143302000205,0.8397455203668324,0.032002443338067336,0.7128712871287128,0.602510460251046,0.8727272727272727,0.24338624338624337,0.9583333333333334,0.1393939393939394,0.05847953216374269,0.8333333333333334,0.030303030303030304
amazon,net_uvu,0.4,1,2,SAGE,graph,default,2,11944,829390,0.9743166496424923,0.8832251256371247,0.13434003293514252,0.2587205469608307,3.4,69.43988800048828,36.0,165.0,2623.0,0.02017749473452568,0.968335747718811,271,0.9732083054253181,0.9742844606235931,0.006466839748755852,0.8824968396143359,0.024460237926187067,0.7227722772277227,0.6108786610878661,0.8848484848484849,0.24338624338624337,0.9583333333333334,0.1393939393939394,0.08139534883720931,1.0,0.04242424242424243
amazon,net_uvu,0.4,1,3,SAGE,graph,default,2,11944,829390,0.9700619679945522,0.8427480813037197,0.1273515373468399,0.24570441246032715,3.4,69.43988800048828,36.0,165.0,2623.0,0.02017749473452568,0.968335747718811,271,0.9732083054253181,0.970240899265224,0.006138386936096197,0.8469939412896652,0.029143420087493762,0.698019801980198,0.5899581589958159,0.8545454545454545,0.24338624338624337,0.9583333333333334,0.1393939393939394,0.1348314606741573,0.9230769230769231,0.07272727272727272
amazon,net_uvu,0.4,2,1,GCN,none,default,2,11944,829390,0.8872345931222335,0.627409660243537,0.00010923850641120225,0.047763925045728683,7.4,69.43988800048828,35.0,164.0,2578.0,0.020596114918589592,0.9683213233947754,284,0.9717849966510381,0.8864599309715563,0.013750671301188266,0.6266420289523896,0.035371409947201615,0.5643564356435643,0.4769874476987448,0.6909090909090909,0.2328042328042328,0.9166666666666666,0.13333333333333333,0.03571428571428571,1.0,0.01818181818181818
amazon,net_uvu,0.4,2,2,GCN,none,default,2,11944,829390,0.8969124957439565,0.6363608170101791,0.00012531352695077658,0.05019984021782875,7.4,69.43988800048828,35.0,164.0,2578.0,0.020596114918589592,0.9683213233947754,284,0.9717849966510381,0.8985703730869864,0.0170228348065529,0.6363989418036856,0.04443506829557484,0.6237623762376238,0.5271966527196653,0.7636363636363637,0.21164021164021163,0.8333333333333334,0.12121212121212122,0.03571428571428571,1.0,0.01818181818181818
amazon,net_uvu,0.4,2,3,GCN,none,default,2,11944,829390,0.8703901940755873,0.6571662510851225,9.486733324592933e-05,0.04624449089169502,7.4,69.43988800048828,35.0,164.0,2578.0,0.020596114918589592,0.9683213233947754,284,0.9717849966510381,0.8689637733396945,0.018360091637208264,0.6582271768519729,0.03755640935367822,0.5891089108910891,0.497907949790795,0.7212121212121212,0.2328042328042328,0.9166666666666666,0.13333333333333333,0.03571428571428571,1.0,0.01818181818181818
amazon,net_uvu,0.4,2,1,GCN,graph,default,2,11944,829390,0.871945522642152,0.6193084610851313,0.012077114544808865,0.18520313501358032,7.7,69.43988800048828,35.0,164.0,2578.0,0.020596114918589592,0.9683213233947754,284,0.9717849966510381,0.8708043002639849,0.015962505538761895,0.6183990236721102,0.03532068443600294,0.5643564356435643,0.4769874476987448,0.6909090909090909,0.2222222222222222,0.875,0.12727272727272726,0.03571428571428571,1.0,0.01818181818181818
amazon,net_uvu,0.4,2,2,GCN,graph,default,2,11944,829390,0.8975035750766087,0.6615341792892787,0.013010538183152676,0.19747425615787506,7.7,69.43988800048828,35.0,164.0,2578.0,0.020596114918589592,0.9683213233947754,284,0.9717849966510381,0.8984761105596742,0.016596160234146392,0.6603568898633572,0.04235134363524529,0.6336633663366337,0.5355648535564853,0.7757575757575758,0.2222222222222222,0.875,0.12727272727272726,0.03571428571428571,1.0,0.01818181818181818
amazon,net_uvu,0.4,2,3,GCN,graph,default,2,11944,829390,0.8749581205311543,0.678256679600404,0.014138897880911827,0.2022848278284073,7.7,69.43988800048828,35.0,164.0,2578.0,0.020596114918589592,0.9683213233947754,284,0.9717849966510381,0.8730743317081453,0.017905736442816487,0.6783037121603498,0.036140478529450876,0.6089108910891089,0.5146443514644351,0.7454545454545455,0.24338624338624337,0.9583333333333334,0.1393939393939394,0.03571428571428571,1.0,0.01818181818181818
amazon,net_uvu,0.4,2,1,SAGE,none,default,2,11944,829390,0.8058971739870618,0.5339000509207807,0.11178173869848251,0.1302812546491623,3.1,69.43988800048828,35.0,164.0,2578.0,0.020596114918589592,0.9683213233947754,284,0.9717849966510381,0.8022961074340874,0.02226613753393248,0.5335241763733686,0.03439598851684695,0.4900990099009901,0.41422594142259417,0.6,0.29743589743589743,0.9666666666666667,0.17575757575757575,0.29743589743589743,0.9666666666666667,0.17575757575757575
amazon,net_uvu,0.4,2,2,SAGE,none,default,2,11944,829390,0.9606768811712632,0.8585271103643175,0.1303110420703888,0.159860298037529,3.1,69.43988800048828,35.0,164.0,2578.0,0.020596114918589592,0.9683213233947754,284,0.9717849966510381,0.9599409264768373,0.008061696744393141,0.8572668581970276,0.024881098512058563,0.7029702970297029,0.5941422594142259,0.8606060606060606,0.2617801047120419,0.9615384615384616,0.15151515151515152,0.18681318681318682,1.0,0.10303030303030303
amazon,net_uvu,0.4,2,3,SAGE,none,default,2,11944,829390,0.9381300646918624,0.80660197022331,0.15654900670051575,0.15596455335617065,3.1,69.43988800048828,35.0,164.0,2578.0,0.020596114918589592,0.9683213233947754,284,0.9717849966510381,0.9395422241150662,0.011398626623747658,0.812327025881379,0.032428302729444,0.6683168316831684,0.5648535564853556,0.8181818181818182,0.2617801047120419,0.9615384615384616,0.15151515151515152,0.1956521739130435,0.9473684210526315,0.10909090909090909
amazon,net_uvu,0.4,2,1,SAGE,graph,default,2,11944,829390,0.9692856656452162,0.8321667549973647,0.16103233397006989,0.28206878900527954,3.4,69.43988800048828,35.0,164.0,2578.0,0.020596114918589592,0.9683213233947754,284,0.9717849966510381,0.9693159581536821,0.0060693530239613125,0.8346280215574738,0.03286858823975495,0.7079207920792079,0.5983263598326359,0.8666666666666667,0.24338624338624337,0.9583333333333334,0.1393939393939394,0.06976744186046512,0.8571428571428571,0.03636363636363636
amazon,net_uvu,0.4,2,2,SAGE,graph,default,2,11944,829390,0.9781218930881852,0.8891285763391925,0.13137277960777283,0.25782090425491333,3.4,69.43988800048828,35.0,164.0,2578.0,0.020596114918589592,0.9683213233947754,284,0.9717849966510381,0.9780410558688363,0.0058423058863426155,0.8880551590714637,0.024172529456456388,0.7227722772277227,0.6108786610878661,0.8848484848484849,0.24338624338624337,0.9583333333333334,0.1393939393939394,0.09248554913294797,1.0,0.048484848484848485
amazon,net_uvu,0.4,2,3,SAGE,graph,default,2,11944,829390,0.9704773578481444,0.8400914574210296,0.12783056497573853,0.244371235370636,3.4,69.43988800048828,35.0,164.0,2578.0,0.020596114918589592,0.9683213233947754,284,0.9717849966510381,0.9705686099936258,0.005655937607720429,0.8442750385320231,0.029135780857469564,0.6881188118811881,0.5815899581589958,0.8424242424242424,0.24338624338624337,0.9583333333333334,0.1393939393939394,0.1452513966480447,0.9285714285714286,0.07878787878787878
amazon,net_uvu,0.4,3,1,GCN,none,default,2,11944,829390,0.886910452843037,0.631571758439903,0.00013746903277933598,0.04610753059387207,7.4,69.43988800048828,35.0,165.0,2580.0,0.021014735102653503,0.9683020114898682,282,0.9725385130609511,0.8854935419541602,0.014539167061123766,0.6299038551757239,0.035739212594822226,0.5742574257425742,0.48535564853556484,0.703030303030303,0.2328042328042328,0.9166666666666666,0.13333333333333333,0.03571428571428571,1.0,0.01818181818181818
amazon,net_uvu,0.4,3,2,GCN,none,default,2,11944,829390,0.899437521280218,0.6602882200932875,0.00016577186761423945,0.04926060512661934,7.4,69.43988800048828,35.0,165.0,2580.0,0.021014735102653503,0.9683020114898682,282,0.9725385130609511,0.9001112239881891,0.017262055150027763,0.6612559037070135,0.03968564471438598,0.6237623762376238,0.5271966527196653,0.7636363636363637,0.21164021164021163,0.8333333333333334,0.12121212121212122,0.03571428571428571,1.0,0.01818181818181818
amazon,net_uvu,0.4,3,3,GCN,none,default,2,11944,829390,0.8746326183180116,0.6391004992942932,0.00012718320067506284,0.044871751219034195,7.4,69.43988800048828,35.0,165.0,2580.0,0.021014735102653503,0.9683020114898682,282,0.9725385130609511,0.8730372567542061,0.017994556581621284,0.6395245652491751,0.03719879549504601,0.5643564356435643,0.4769874476987448,0.6909090909090909,0.2328042328042328,0.9166666666666666,0.13333333333333333,0.03571428571428571,1.0,0.01818181818181818
amazon,net_uvu,0.4,3,1,GCN,graph,default,2,11944,829390,0.880956077630235,0.62746871837625,0.011687778867781162,0.17301397025585175,7.7,69.43988800048828,35.0,165.0,2580.0,0.021014735102653503,0.9683020114898682,282,0.9725385130609511,0.8797397717199484,0.015650743999086995,0.6262530296406148,0.035802439410669094,0.5841584158415841,0.49372384937238495,0.7151515151515152,0.2222222222222222,0.875,0.12727272727272726,0.03571428571428571,1.0,0.01818181818181818
amazon,net_uvu,0.4,3,2,GCN,graph,default,2,11944,829390,0.8980483486550902,0.6854043239436037,0.012515358626842499,0.18972234427928925,7.7,69.43988800048828,35.0,165.0,2580.0,0.021014735102653503,0.9683020114898682,282,0.9725385130609511,0.8980331510888437,0.01701810534784489,0.6866158127019877,0.03616726097342507,0.6188118811881188,0.5230125523012552,0.7575757575757576,0.2328042328042328,0.9166666666666666,0.13333333333333333,0.03571428571428571,1.0,0.01818181818181818
amazon,net_uvu,0.4,3,3,GCN,graph,default,2,11944,829390,0.8819843377596187,0.6545473377689534,0.014089362695813179,0.2014411985874176,7.7,69.43988800048828,35.0,165.0,2580.0,0.021014735102653503,0.9683020114898682,282,0.9725385130609511,0.8799719645745233,0.01764670721790468,0.6533208648950984,0.03873571117559595,0.5891089108910891,0.497907949790795,0.7212121212121212,0.2222222222222222,0.875,0.12727272727272726,0.03571428571428571,1.0,0.01818181818181818
amazon,net_uvu,0.4,3,1,SAGE,none,default,2,11944,829390,0.8683731699012598,0.7619182755048283,0.12731000781059265,0.1386939436197281,3.1,69.43988800048828,35.0,165.0,2580.0,0.021014735102653503,0.9683020114898682,282,0.9725385130609511,0.8668151265649506,0.020243330651594935,0.7620362238136953,0.033258347982417315,0.6287128712871287,0.5313807531380753,0.7696969696969697,0.4818181818181818,0.9636363636363636,0.3212121212121212,0.4818181818181818,0.9636363636363636,0.3212121212121212
amazon,net_uvu,0.4,3,2,SAGE,none,default,2,11944,829390,0.9469050051072524,0.8311151299842873,0.1456538289785385,0.17727908492088318,3.1,69.43988800048828,35.0,165.0,2580.0,0.021014735102653503,0.9683020114898682,282,0.9725385130609511,0.9467808261211418,0.010684392661817437,0.8290297728224126,0.030244247421360802,0.6732673267326733,0.5690376569037657,0.8242424242424242,0.29743589743589743,0.9666666666666667,0.17575757575757575,0.29743589743589743,0.9666666666666667,0.17575757575757575
amazon,net_uvu,0.4,3,3,SAGE,none,default,2,11944,829390,0.9238147769833163,0.7788549406969749,0.1415206789970398,0.14614824950695038,3.1,69.43988800048828,35.0,165.0,2580.0,0.021014735102653503,0.9683020114898682,282,0.9725385130609511,0.9254059868658879,0.014916732042775575,0.7861143794065106,0.034424099073757645,0.6386138613861386,0.5397489539748954,0.7818181818181819,0.2617801047120419,0.9615384615384616,0.15151515151515152,0.20540540540540542,0.95,0.11515151515151516
amazon,net_uvu,0.4,3,1,SAGE,graph,default,2,11944,829390,0.9695934627170582,0.836422859678193,0.16458989679813385,0.2831171452999115,3.4,69.43988800048828,35.0,165.0,2580.0,0.021014735102653503,0.9683020114898682,282,0.9725385130609511,0.9694010740422655,0.0059745104442532546,0.8386422910969202,0.03208342302703699,0.7029702970297029,0.5941422594142259,0.8606060606060606,0.24338624338624337,0.9583333333333334,0.1393939393939394,0.06976744186046512,0.8571428571428571,0.03636363636363636
amazon,net_uvu,0.4,3,2,SAGE,graph,default,2,11944,829390,0.9774436499829758,0.8831149468644779,0.13050062954425812,0.25636911392211914,3.4,69.43988800048828,35.0,165.0,2580.0,0.021014735102653503,0.9683020114898682,282,0.9725385130609511,0.97734844779863,0.005885650157126401,0.8818588217273984,0.02480018522140275,0.7227722772277227,0.6108786610878661,0.8848484848484849,0.24338624338624337,0.9583333333333334,0.1393939393939394,0.08139534883720931,1.0,0.04242424242424243
amazon,net_uvu,0.4,3,3,SAGE,graph,default,2,11944,829390,0.9714770173646579,0.8428905003191108,0.12218058109283447,0.24204878509044647,3.4,69.43988800048828,35.0,165.0,2580.0,0.021014735102653503,0.9683020114898682,282,0.9725385130609511,0.9717546553930226,0.005760243520377647,0.8471832823249145,0.029072565757287786,0.6881188118811881,0.5815899581589958,0.8424242424242424,0.24338624338624337,0.9583333333333334,0.1393939393939394,0.1452513966480447,0.9285714285714286,0.07878787878787878
amazon,net_uvu,0.6,1,1,GCN,none,default,2,11944,1244084,0.8790956758597208,0.587608350598354,8.145521860569715e-05,0.03181559219956398,10.8,104.15974426269531,54.0,247.0,3883.0,0.01297722663730383,0.9681130647659302,180,0.9813295378432686,0.8778489192953893,0.014151754767379952,0.5892459159822502,0.03615475927213228,0.5544554455445545,0.4686192468619247,0.6787878787878788,0.20105820105820105,0.7916666666666666,0.11515151515151516,0.03571428571428571,1.0,0.01818181818181818
amazon,net_uvu,0.6,1,2,GCN,none,default,2,11944,1244084,0.8887517875383044,0.5915333704686936,9.83905338216573e-05,0.033931151032447815,10.8,104.15974426269531,54.0,247.0,3883.0,0.01297722663730383,0.9681130647659302,180,0.9813295378432686,0.8901678214531276,0.01728318445586055,0.5927795908829139,0.04523119304521344,0.599009900990099,0.5062761506276151,0.7333333333333333,0.21164021164021163,0.8333333333333334,0.12121212121212122,0.023809523809523808,0.6666666666666666,0.012121212121212121
amazon,net_uvu,0.6,1,3,GCN,none,default,2,11944,1244084,0.8561620701395982,0.5838344266277781,9.061364107765257e-05,0.03518740087747574,10.8,104.15974426269531,54.0,247.0,3883.0,0.01297722663730383,0.9681130647659302,180,0.9813295378432686,0.8545166831506255,0.019215737313356858,0.5859181210113161,0.040007792385490175,0.5643564356435643,0.4769874476987448,0.6909090909090909,0.21164021164021163,0.8333333333333334,0.12121212121212122,0.03571428571428571,1.0,0.01818181818181818
amazon,net_uvu,0.6,1,1,GCN,graph,default,2,11944,1244084,0.8710439223697651,0.5860874837896497,0.012946023605763912,0.18242523074150085,11.1,104.15974426269531,54.0,247.0,3883.0,0.01297722663730383,0.9681130647659302,180,0.9813295378432686,0.8697001311211626,0.015383605771891408,0.5873562569846049,0.035843156944548336,0.5544554455445545,0.4686192468619247,0.6787878787878788,0.21164021164021163,0.8333333333333334,0.12121212121212122,0.03571428571428571,1.0,0.01818181818181818
amazon,net_uvu,0.6,1,2,GCN,graph,default,2,11944,1244084,0.8883595505617977,0.6263348729134948,0.012705693021416664,0.17685659229755402,11.2,104.15974426269531,54.0,247.0,3883.0,0.01297722663730383,0.9681130647659302,180,0.9813295378432686,0.8892944290045404,0.01786789598184767,0.6243736881252145,0.044978678233782626,0.6138613861386139,0.5188284518828452,0.7515151515151515,0.2222222222222222,0.875,0.12727272727272726,0.03571428571428571,1.0,0.01818181818181818
amazon,net_uvu,0.6,1,3,GCN,graph,default,2,11944,1244084,0.8667007150153218,0.6013042465053643,0.013775017112493515,0.19644229114055634,11.1,104.15974426269531,54.0,247.0,3883.0,0.01297722663730383,0.9681130647659302,180,0.9813295378432686,0.8649750442783183,0.01849477660421741,0.6031779199833652,0.038946294615676676,0.5891089108910891,0.497907949790795,0.7212121212121212,0.21164021164021163,0.8333333333333334,0.12121212121212122,0.03571428571428571,1.0,0.01818181818181818
amazon,net_uvu,0.6,1,1,SAGE,none,default,2,11944,1244084,0.9230003404834867,0.7794301483388654,0.11241790652275085,0.10957332700490952,4.4,104.15974426269531,54.0,247.0,3883.0,0.01297722663730383,0.9681130647659302,180,0.9813295378432686,0.9227186409239981,0.015429874099210346,0.780771973434889,0.035423045254032774,0.6534653465346535,0.5523012552301255,0.8,0.4351851851851852,0.9215686274509803,0.28484848484848485,0.4351851851851852,0.9215686274509803,0.28484848484848485
amazon,net_uvu,0.6,1,2,SAGE,none,default,2,11944,1244084,0.9126945863125638,0.8334483831643288,0.14798696339130402,0.15040385723114014,4.4,104.15974426269531,54.0,247.0,3883.0,0.01297722663730383,0.9681130647659302,180,0.9813295378432686,0.9136491876867011,0.018793922305879385,0.8335654350952524,0.029426292963483782,0.698019801980198,0.5899581589958159,0.8545454545454545,0.4265402843601896,0.9782608695652174,0.2727272727272727,0.4265402843601896,0.9782608695652174,0.2727272727272727
amazon,net_uvu,0.6,1,3,SAGE,none,default,2,11944,1244084,0.9494531835205992,0.8108009798315247,0.14473700523376465,0.1271292120218277,4.4,104.15974426269531,54.0,247.0,3883.0,0.01297722663730383,0.9681130647659302,180,0.9813295378432686,0.9508524098154677,0.009953121432652095,0.816738297546315,0.03149583154338504,0.6732673267326733,0.5690376569037657,0.8242424242424242,0.25263157894736843,0.96,0.14545454545454545,0.1956521739130435,0.9473684210526315,0.10909090909090909
amazon,net_uvu,0.6,1,1,SAGE,graph,default,2,11944,1244084,0.971317671092952,0.8358324061116765,0.16540531814098358,0.27828091382980347,4.7,104.15974426269531,54.0,247.0,3883.0,0.01297722663730383,0.9681130647659302,180,0.9813295378432686,0.9713150185293654,0.0055323079589286285,0.8382912374433773,0.03202906755698301,0.698019801980198,0.5899581589958159,0.8545454545454545,0.24338624338624337,0.9583333333333334,0.1393939393939394,0.06976744186046512,0.8571428571428571,0.03636363636363636
amazon,net_uvu,0.6,1,2,SAGE,graph,default,2,11944,1244084,0.9776887980932925,0.8860714261680814,0.13243086636066437,0.25232505798339844,4.7,104.15974426269531,54.0,247.0,3883.0,0.01297722663730383,0.9681130647659302,180,0.9813295378432686,0.9776304807297399,0.005557733191841164,0.8850273984004966,0.02415893451829717,0.7277227722772277,0.6150627615062761,0.8909090909090909,0.24338624338624337,0.9583333333333334,0.1393939393939394,0.08139534883720931,1.0,0.04242424242424243
amazon,net_uvu,0.6,1,3,SAGE,graph,default,2,11944,1244084,0.9704977868573375,0.8406915352437717,0.12280396372079849,0.23289524018764496,4.7,104.15974426269531,54.0,247.0,3883.0,0.01297722663730383,0.9681130647659302,180,0.9813295378432686,0.9708435096691104,0.0059139686608587535,0.8454286843621505,0.029302035862826988,0.693069306930693,0.5857740585774058,0.8484848484848485,0.24338624338624337,0.9583333333333334,0.1393939393939394,0.1348314606741573,0.9230769230769231,0.07272727272727272
amazon,net_uvu,0.6,2,1,GCN,none,default,2,11944,1244084,0.8817759618658496,0.6109300664909172,8.41075525386259e-05,0.03239632025361061,10.8,104.15974426269531,54.0,246.0,3887.0,0.0126423304900527,0.968227207660675,179,0.9814969859343603,0.8808685301295743,0.014206622826734332,0.6096833225679653,0.03559862567470621,0.5495049504950495,0.46443514644351463,0.6727272727272727,0.2222222222222222,0.875,0.12727272727272726,0.03571428571428571,1.0,0.01818181818181818
amazon,net_uvu,0.6,2,2,GCN,none,default,2,11944,1244084,0.8970023833844059,0.6227751053023175,9.992690320359543e-05,0.035025592893362045,10.8,104.15974426269531,54.0,246.0,3887.0,0.0126423304900527,0.968227207660675,179,0.9814969859343603,0.8986518808881527,0.017066186288461002,0.6227982081880027,0.04404799898649689,0.594059405940594,0.502092050209205,0.7272727272727273,0.21164021164021163,0.8333333333333334,0.12121212121212122,0.03571428571428571,1.0,0.01818181818181818
amazon,net_uvu,0.6,2,3,GCN,none,default,2,11944,1244084,0.866495062989445,0.6157350004418081,7.372753316303715e-05,0.03148134425282478,10.8,104.15974426269531,54.0,246.0,3887.0,0.0126423304900527,0.968227207660675,179,0.9814969859343603,0.8647852742453636,0.0179652426762067,0.6174054054254735,0.03873211855014187,0.5792079207920792,0.4895397489539749,0.7090909090909091,0.2222222222222222,0.875,0.12727272727272726,0.03571428571428571,1.0,0.01818181818181818
amazon,net_uvu,0.6,2,1,GCN,graph,default,2,11944,1244084,0.872468505277494,0.6075245815147547,0.011618245393037796,0.17255012691020966,11.2,104.15974426269531,54.0,246.0,3887.0,0.0126423304900527,0.968227207660675,179,0.9814969859343603,0.8714419462783879,0.01567768810362474,0.6071593040168114,0.03689254917450261,0.5544554455445545,0.4686192468619247,0.6787878787878788,0.2222222222222222,0.875,0.12727272727272726,0.03571428571428571,1.0,0.01818181818181818
amazon,net_uvu,0.6,2,2,GCN,graph,default,2,11944,1244084,0.899083418454205,0.6413864083771181,0.01232774555683136,0.18349076807498932,11.1,104.15974426269531,54.0,246.0,3887.0,0.0126423304900527,0.968227207660675,179,0.9814969859343603,0.9003225397327749,0.016729550662376053,0.6411859906057247,0.04426612420654203,0.6138613861386139,0.5188284518828452,0.7515151515151515,0.2222222222222222,0.875,0.12727272727272726,0.03571428571428571,1.0,0.01818181818181818
amazon,net_uvu,0.6,2,3,GCN,graph,default,2,11944,1244084,0.8743452502553627,0.6351643435022866,0.013453698717057705,0.19618728756904602,11.2,104.15974426269531,54.0,246.0,3887.0,0.0126423304900527,0.968227207660675,179,0.9814969859343603,0.8722966928499567,0.017236590301936007,0.636206246763905,0.037491657285610346,0.599009900990099,0.5062761506276151,0.7333333333333333,0.2328042328042328,0.9166666666666666,0.13333333333333333,0.03571428571428571,1.0,0.01818181818181818
amazon,net_uvu,0.6,2,1,SAGE,none,default,2,11944,1244084,0.933612529792305,0.794547342134288,0.11202630400657654,0.11083699017763138,4.4,104.15974426269531,54.0,246.0,3887.0,0.0126423304900527,0.968227207660675,179,0.9814969859343603,0.9330337402379293,0.012797453272037093,0.7947619582044985,0.031613086112374636,0.6633663366336634,0.5606694560669456,0.8121212121212121,0.5857740585774058,0.9459459459459459,0.42424242424242425,0.5857740585774058,0.9459459459459459,0.42424242424242425
amazon,net_uvu,0.6,2,2,SAGE,none,default,2,11944,1244084,0.9534191351719442,0.8481135221108466,0.1267978847026825,0.1302715688943863,4.4,104.15974426269531,54.0,246.0,3887.0,0.0126423304900527,0.968227207660675,179,0.9814969859343603,0.9529038689515228,0.009932175761411038,0.8472199761608808,0.027800235400045465,0.698019801980198,0.5899581589958159,0.8545454545454545,0.25263157894736843,0.96,0.14545454545454545,0.25263157894736843,0.96,0.14545454545454545
amazon,net_uvu,0.6,2,3,SAGE,none,default,2,11944,1244084,0.9252175689479061,0.7824112856858357,0.15295076370239258,0.1333669275045395,4.4,104.15974426269531,54.0,246.0,3887.0,0.0126423304900527,0.968227207660675,179,0.9814969859343603,0.9262586428650772,0.012585774087032176,0.7877411496850243,0.030607139878255335,0.6386138613861386,0.5397489539748954,0.7818181818181819,0.29743589743589743,0.9666666666666667,0.17575757575757575,0.29743589743589743,0.9666666666666667,0.17575757575757575
amazon,net_uvu,0.6,2,1,SAGE,graph,default,2,11944,1244084,0.971524685052775,0.8370589358846074,0.1648145467042923,0.27583304047584534,4.7,104.15974426269531,54.0,246.0,3887.0,0.0126423304900527,0.968227207660675,179,0.9814969859343603,0.9713153300251787,0.00571190025341356,0.8394188853853298,0.032389158680853486,0.7029702970297029,0.5941422594142259,0.8606060606060606,0.24338624338624337,0.9583333333333334,0.1393939393939394,0.06976744186046512,0.8571428571428571,0.03636363636363636
amazon,net_uvu,0.6,2,2,SAGE,graph,default,2,11944,1244084,0.9771467483827034,0.8840056953111001,0.13310855627059937,0.2526656985282898,4.7,104.15974426269531,54.0,246.0,3887.0,0.0126423304900527,0.968227207660675,179,0.9814969859343603,0.9769979286645949,0.006110654036322159,0.8828111289600248,0.024403388395479942,0.7227722772277227,0.6108786610878661,0.8848484848484849,0.24338624338624337,0.9583333333333334,0.1393939393939394,0.08139534883720931,1.0,0.04242424242424243
amazon,net_uvu,0.6,2,3,SAGE,graph,default,2,11944,1244084,0.9693823629553966,0.8391013814662643,0.12363038212060928,0.23108425736427307,4.7,104.15974426269531,54.0,246.0,3887.0,0.0126423304900527,0.968227207660675,179,0.9814969859343603,0.9694742507849264,0.006113676220283373,0.8435698217774434,0.029550420959360654,0.6831683168316832,0.5774058577405857,0.8363636363636363,0.24338624338624337,0.9583333333333334,0.1393939393939394,0.1452513966480447,0.9285714285714286,0.07878787878787878
amazon,net_uvu,0.6,3,1,GCN,none,default,2,11944,1244084,0.8780251957780048,0.5935095957656842,6.692011811537668e-05,0.03038552775979042,10.8,104.15974426269531,54.0,246.0,3948.0,0.012056262232363224,0.9681597352027893,169,0.9825853985264568,0.8768300509357861,0.014746346263897396,0.591536060685933,0.03677028788850093,0.5495049504950495,0.46443514644351463,0.6727272727272727,0.2222222222222222,0.875,0.12727272727272726,0.03571428571428571,1.0,0.01818181818181818
amazon,net_uvu,0.6,3,2,GCN,none,default,2,11944,1244084,0.8947660878447395,0.6369259174037086,8.390320726903155e-05,0.03321995958685875,10.8,104.15974426269531,54.0,246.0,3948.0,0.012056262232363224,0.9681597352027893,169,0.9825853985264568,0.8960546036727208,0.01736997827616052,0.6369126630127151,0.040939812011539255,0.6089108910891089,0.5146443514644351,0.7454545454545455,0.2222222222222222,0.875,0.12727272727272726,0.03571428571428571,1.0,0.01818181818181818
amazon,net_uvu,0.6,3,3,GCN,none,default,2,11944,1244084,0.8614409261150834,0.5826223980587983,6.237926572794095e-05,0.03012426197528839,10.8,104.15974426269531,54.0,246.0,3948.0,0.012056262232363224,0.9681597352027893,169,0.9825853985264568,0.8607162689535821,0.018904101233106967,0.5825749780385242,0.04038708913027089,0.5594059405940595,0.47280334728033474,0.6848484848484848,0.21164021164021163,0.8333333333333334,0.12121212121212122,0.03571428571428571,1.0,0.01818181818181818
amazon,net_uvu,0.6,3,1,GCN,graph,default,2,11944,1244084,0.8754130064691863,0.594601610316385,0.012638972140848637,0.18016831576824188,11.1,104.15974426269531,54.0,246.0,3948.0,0.012056262232363224,0.9681597352027893,169,0.9825853985264568,0.8740943237923627,0.015259069332664296,0.5931918852254595,0.034592344435076014,0.5594059405940595,0.47280334728033474,0.6848484848484848,0.21164021164021163,0.8333333333333334,0.12121212121212122,0.03571428571428571,1.0,0.01818181818181818
amazon,net_uvu,0.6,3,2,GCN,graph,default,2,11944,1244084,0.8966046986721143,0.6534197112436252,0.013258661143481731,0.1872245967388153,11.1,104.15974426269531,54.0,246.0,3948.0,0.012056262232363224,0.9681597352027893,169,0.9825853985264568,0.8970038286234895,0.017133173296603636,0.653679821472283,0.038899276537100895,0.6188118811881188,0.5230125523012552,0.7575757575757576,0.2222222222222222,0.875,0.12727272727272726,0.03571428571428571,1.0,0.01818181818181818
amazon,net_uvu,0.6,3,3,GCN,graph,default,2,11944,1244084,0.8756213823629555,0.6046665227343704,0.01426083967089653,0.19791874289512634,11.1,104.15974426269531,54.0,246.0,3948.0,0.012056262232363224,0.9681597352027893,169,0.9825853985264568,0.8744794814910162,0.01744359029702246,0.6041342466503431,0.04026206835724387,0.5792079207920792,0.4895397489539749,0.7090909090909091,0.20105820105820105,0.7916666666666666,0.11515151515151516,0.03571428571428571,1.0,0.01818181818181818
amazon,net_uvu,0.6,3,1,SAGE,none,default,2,11944,1244084,0.9358038815117466,0.8025148895405909,0.10770337283611298,0.10469119995832443,4.4,104.15974426269531,54.0,246.0,3948.0,0.012056262232363224,0.9681597352027893,169,0.9825853985264568,0.9355382869231045,0.013157476909727529,0.8034707987081109,0.03255864529447303,0.6782178217821783,0.5732217573221757,0.8303030303030303,0.4019138755980861,0.9545454545454546,0.2545454545454545,0.4019138755980861,0.9545454545454546,0.2545454545454545
amazon,net_uvu,0.6,3,2,SAGE,none,default,2,11944,1244084,0.953966632618318,0.8457003825451174,0.12749986350536346,0.13324172794818878,4.4,104.15974426269531,54.0,246.0,3948.0,0.012056262232363224,0.9681597352027893,169,0.9825853985264568,0.9534640324426416,0.009095078340589771,0.8434368164232997,0.026249277984595542,0.6831683168316832,0.5774058577405857,0.8363636363636363,0.25263157894736843,0.96,0.14545454545454545,0.22580645161290322,1.0,0.12727272727272726
amazon,net_uvu,0.6,3,3,SAGE,none,default,2,11944,1244084,0.9363581886278516,0.8004126473663746,0.1417483687400818,0.12462103366851807,4.4,104.15974426269531,54.0,246.0,3948.0,0.012056262232363224,0.9681597352027893,169,0.9825853985264568,0.9364088216214722,0.01245588858260665,0.8051251007180454,0.03141427379430227,0.6534653465346535,0.5523012552301255,0.8,0.25263157894736843,0.96,0.14545454545454545,0.17582417582417584,0.9411764705882353,0.09696969696969697
amazon,net_uvu,0.6,3,1,SAGE,graph,default,2,11944,1244084,0.9717180796731358,0.8416664349756277,0.1660824567079544,0.2791721820831299,4.7,104.15974426269531,54.0,246.0,3948.0,0.012056262232363224,0.9681597352027893,169,0.9825853985264568,0.9715338463151366,0.005828139965851545,0.8439728603384311,0.03193876917001111,0.7128712871287128,0.602510460251046,0.8727272727272727,0.24338624338624337,0.9583333333333334,0.1393939393939394,0.06976744186046512,0.8571428571428571,0.03636363636363636
amazon,net_uvu,0.6,3,2,SAGE,graph,default,2,11944,1244084,0.9796336397684712,0.8885451806680126,0.13533766567707062,0.251329630613327,4.7,104.15974426269531,54.0,246.0,3948.0,0.012056262232363224,0.9681597352027893,169,0.9825853985264568,0.979646697220786,0.005474928526577999,0.8872171531634759,0.0237506414716998,0.7178217821782178,0.606694560669456,0.8787878787878788,0.24338624338624337,0.9583333333333334,0.1393939393939394,0.08139534883720931,1.0,0.04242424242424243
amazon,net_uvu,0.6,3,3,SAGE,graph,default,2,11944,1244084,0.9727517875383043,0.8445815444000857,0.12499985098838806,0.23508073389530182,4.7,104.15974426269531,54.0,246.0,3948.0,0.012056262232363224,0.9681597352027893,169,0.9825853985264568,0.9731954625331114,0.005398134331194738,0.8491026671407539,0.02903657277540053,0.693069306930693,0.5857740585774058,0.8484848484848485,0.24338624338624337,0.9583333333333334,0.1393939393939394,0.1452513966480447,0.9285714285714286,0.07878787878787878
amazon,net_uvu,0.8,1,1,GCN,none,default,2,11944,1658780,0.8781831801157644,0.5764290448052792,7.101446681190282e-05,0.025855017825961113,14.2,138.87977600097656,72.0,330.0,5154.0,0.009125920943915844,0.9681307673454285,134,0.9849296718017415,0.8771343496217271,0.014306690127556322,0.5779162611000457,0.03813717833717261,0.5396039603960396,0.4560669456066946,0.6606060606060606,0.20105820105820105,0.7916666666666666,0.11515151515151516,0.03571428571428571,1.0,0.01818181818181818
amazon,net_uvu,0.8,1,2,GCN,none,default,2,11944,1658780,0.8860905686074225,0.5769743904557751,9.128283272730187e-05,0.027775799855589867,14.2,138.87977600097656,72.0,330.0,5154.0,0.009125920943915844,0.9681307673454285,134,0.9849296718017415,0.887549357663455,0.017376795736706474,0.575668444994404,0.04422100664582215,0.5693069306930693,0.4811715481171548,0.696969696969697,0.20105820105820105,0.7916666666666666,0.11515151515151516,0.03571428571428571,1.0,0.01818181818181818
amazon,net_uvu,0.8,1,3,GCN,none,default,2,11944,1658780,0.8625263874702077,0.5679133223891913,6.737203511875123e-05,0.02561078406870365,14.2,138.87977600097656,72.0,330.0,5154.0,0.009125920943915844,0.9681307673454285,134,0.9849296718017415,0.8606249097336495,0.017892095515194193,0.5697180005983369,0.039657327108814894,0.5396039603960396,0.4560669456066946,0.6606060606060606,0.20105820105820105,0.7916666666666666,0.11515151515151516,0.03571428571428571,1.0,0.01818181818181818
amazon,net_uvu,0.8,1,1,GCN,graph,default,2,11944,1658780,0.8704038134150494,0.5735428173643228,0.011434650048613548,0.17055463790893555,14.6,138.87977600097656,72.0,330.0,5154.0,0.009125920943915844,0.9681307673454285,134,0.9849296718017415,0.8693083393656502,0.015542833286473986,0.5758424217656628,0.03716417152925985,0.5495049504950495,0.46443514644351463,0.6727272727272727,0.21164021164021163,0.8333333333333334,0.12121212121212122,0.03571428571428571,1.0,0.01818181818181818
amazon,net_uvu,0.8,1,2,GCN,graph,default,2,11944,1658780,0.8858481443649983,0.6075039722633092,0.013362121768295765,0.18899014592170715,14.6,138.87977600097656,72.0,330.0,5154.0,0.009125920943915844,0.9681307673454285,134,0.9849296718017415,0.8869675158834233,0.017786026632839413,0.6055689111692548,0.04499026337999276,0.594059405940594,0.502092050209205,0.7272727272727273,0.2222222222222222,0.875,0.12727272727272726,0.03571428571428571,1.0,0.01818181818181818
amazon,net_uvu,0.8,1,3,GCN,graph,default,2,11944,1658780,0.8660074906367041,0.5736597450173464,0.013616490177810192,0.1985890120267868,14.6,138.87977600097656,72.0,330.0,5154.0,0.009125920943915844,0.9681307673454285,134,0.9849296718017415,0.864150578448509,0.018183865009789264,0.5744993403470133,0.03924672397442334,0.5742574257425742,0.48535564853556484,0.703030303030303,0.20105820105820105,0.7916666666666666,0.11515151515151516,0.047337278106508875,1.0,0.024242424242424242
amazon,net_uvu,0.8,1,1,SAGE,none,default,2,11944,1658780,0.9142771535580525,0.7857738288807317,0.10879423469305038,0.09496696293354034,5.7,138.87977600097656,72.0,330.0,5154.0,0.009125920943915844,0.9681307673454285,134,0.9849296718017415,0.9123007093133135,0.015149845647325503,0.7840480414956944,0.03319721848448741,0.6435643564356436,0.5439330543933054,0.7878787878787878,0.34,0.9714285714285714,0.20606060606060606,0.34,0.9714285714285714,0.20606060606060606
amazon,net_uvu,0.8,1,2,SAGE,none,default,2,11944,1658780,0.9357902621722847,0.8327153271562964,0.12847870588302612,0.12297646701335907,5.7,138.87977600097656,72.0,330.0,5154.0,0.009125920943915844,0.9681307673454285,134,0.9849296718017415,0.9341050961886285,0.014397511114131808,0.8292576634747586,0.027888111827964256,0.6732673267326733,0.5690376569037657,0.8242424242424242,0.27225130890052357,1.0,0.15757575757575756,0.27225130890052357,1.0,0.15757575757575756
amazon,net_uvu,0.8,1,3,SAGE,none,default,2,11944,1658780,0.9318297582567245,0.7834206297793928,0.14782580733299255,0.11908777058124542,5.7,138.87977600097656,72.0,330.0,5154.0,0.009125920943915844,0.9681307673454285,134,0.9849296718017415,0.9328743056129858,0.011967744486399692,0.788814105648887,0.032058764427713576,0.6435643564356436,0.5439330543933054,0.7878787878787878,0.24338624338624337,0.9583333333333334,0.1393939393939394,0.17582417582417584,0.9411764705882353,0.09696969696969697
amazon,net_uvu,0.8,1,1,SAGE,graph,default,2,11944,1658780,0.9711324480762683,0.8354984679643875,0.1635265052318573,0.2741643488407135,6.0,138.87977600097656,72.0,330.0,5154.0,0.009125920943915844,0.9681307673454285,134,0.9849296718017415,0.9709762179852389,0.005712255501982941,0.8377043354376315,0.03207334123026742,0.698019801980198,0.5899581589958159,0.8545454545454545,0.24338624338624337,0.9583333333333334,0.1393939393939394,0.06976744186046512,0.8571428571428571,0.03636363636363636
amazon,net_uvu,0.8,1,2,SAGE,graph,default,2,11944,1658780,0.9779938712972421,0.8862403014478406,0.13405975699424744,0.25043779611587524,6.0,138.87977600097656,72.0,330.0,5154.0,0.009125920943915844,0.9681307673454285,134,0.9849296718017415,0.9779813928975546,0.005720405971811407,0.8851310854746989,0.023769451474752963,0.7277227722772277,0.6150627615062761,0.8909090909090909,0.25396825396825395,1.0,0.14545454545454545,0.08139534883720931,1.0,0.04242424242424243
amazon,net_uvu,0.8,1,3,SAGE,graph,default,2,11944,1658780,0.9698018386108274,0.8386974583516004,0.12473199516534805,0.22949431836605072,6.0,138.87977600097656,72.0,330.0,5154.0,0.009125920943915844,0.9681307673454285,134,0.9849296718017415,0.9701387563881008,0.006002724393528178,0.8435041741969003,0.029363039814848273,0.6881188118811881,0.5815899581589958,0.8424242424242424,0.24338624338624337,0.9583333333333334,0.1393939393939394,0.1452513966480447,0.9285714285714286,0.07878787878787878
amazon,net_uvu,0.8,2,1,GCN,none,default,2,11944,1658780,0.8724276472591079,0.5747490300295381,8.625892223790288e-05,0.02492985688149929,14.2,138.87977600097656,72.0,327.0,5195.0,0.008707300759851933,0.9682043194770813,129,0.9858506363027462,0.8713118393686163,0.014664283189849445,0.5732189898673241,0.03628333835412931,0.5445544554455446,0.4602510460251046,0.6666666666666666,0.20105820105820105,0.7916666666666666,0.11515151515151516,0.03571428571428571,1.0,0.01818181818181818
amazon,net_uvu,0.8,2,2,GCN,none,default,2,11944,1658780,0.8898740211099762,0.5986977643411531,0.00010282330185873434,0.02718360349535942,14.2,138.87977600097656,72.0,327.0,5195.0,0.008707300759851933,0.9682043194770813,129,0.9858506363027462,0.8912045009018343,0.0174263694127031,0.5971667676679694,0.04274233099237045,0.5792079207920792,0.4895397489539749,0.7090909090909091,0.20105820105820105,0.7916666666666666,0.11515151515151516,0.03571428571428571,1.0,0.01818181818181818
amazon,net_uvu,0.8,2,3,GCN,none,default,2,11944,1658780,0.856902962206333,0.582421077315199,8.180112490663305e-05,0.02477138303220272,14.2,138.87977600097656,72.0,327.0,5195.0,0.008707300759851933,0.9682043194770813,129,0.9858506363027462,0.85513073412405,0.018548733113842798,0.5835205661043845,0.04101805819384093,0.5495049504950495,0.46443514644351463,0.6727272727272727,0.2222222222222222,0.875,0.12727272727272726,0.03571428571428571,1.0,0.01818181818181818
amazon,net_uvu,0.8,2,1,GCN,graph,default,2,11944,1658780,0.8673094994892747,0.569192389674838,0.011901498772203922,0.18029649555683136,14.6,138.87977600097656,72.0,327.0,5195.0,0.008707300759851933,0.9682043194770813,129,0.9858506363027462,0.8659458166758804,0.015495247842540092,0.5690441861409758,0.036216688600491674,0.5346534653465347,0.45188284518828453,0.6545454545454545,0.21164021164021163,0.8333333333333334,0.12121212121212122,0.03571428571428571,1.0,0.01818181818181818
amazon,net_uvu,0.8,2,2,GCN,graph,default,2,11944,1658780,0.8936533878106911,0.608358957703954,0.012557507492601871,0.17981372773647308,14.6,138.87977600097656,72.0,327.0,5195.0,0.008707300759851933,0.9682043194770813,129,0.9858506363027462,0.8946679786761186,0.017386829308168743,0.6073138019671758,0.045635856216709444,0.6089108910891089,0.5146443514644351,0.7454545454545455,0.2222222222222222,0.875,0.12727272727272726,0.03571428571428571,1.0,0.01818181818181818
amazon,net_uvu,0.8,2,3,GCN,graph,default,2,11944,1658780,0.8661123595505619,0.5941396712618824,0.014465106651186943,0.20133253931999207,14.6,138.87977600097656,72.0,327.0,5195.0,0.008707300759851933,0.9682043194770813,129,0.9858506363027462,0.8640855568178146,0.01771505563421577,0.5944640115904292,0.040454875421968066,0.5891089108910891,0.497907949790795,0.7212121212121212,0.2222222222222222,0.875,0.12727272727272726,0.03571428571428571,1.0,0.01818181818181818
amazon,net_uvu,0.8,2,1,SAGE,none,default,2,11944,1658780,0.9201961184882532,0.7814565492200402,0.10687360912561417,0.09350201487541199,5.7,138.87977600097656,72.0,327.0,5195.0,0.008707300759851933,0.9682043194770813,129,0.9858506363027462,0.9195549638374159,0.015572821851020092,0.7804765928505897,0.03277103886787531,0.6386138613861386,0.5397489539748954,0.7818181818181819,0.3564356435643564,0.972972972972973,0.21818181818181817,0.3564356435643564,0.972972972972973,0.21818181818181817
amazon,net_uvu,0.8,2,2,SAGE,none,default,2,11944,1658780,0.9584310520939734,0.8574286429323493,0.12609614431858063,0.11781813949346542,5.7,138.87977600097656,72.0,327.0,5195.0,0.008707300759851933,0.9682043194770813,129,0.9858506363027462,0.9580151700918433,0.008798733923026708,0.8554569694474388,0.02623746837206318,0.698019801980198,0.5899581589958159,0.8545454545454545,0.2708333333333333,0.9629629629629629,0.15757575757575756,0.18681318681318682,1.0,0.10303030303030303
amazon,net_uvu,0.8,2,3,SAGE,none,default,2,11944,1658780,0.92814708886619,0.7896400073041318,0.14384113252162933,0.11588554829359055,5.7,138.87977600097656,72.0,327.0,5195.0,0.008707300759851933,0.9682043194770813,129,0.9858506363027462,0.9305573902393449,0.012895242786806172,0.7971960788314889,0.03183910546164348,0.6485148514851485,0.5481171548117155,0.793939393939394,0.25263157894736843,0.96,0.14545454545454545,0.17582417582417584,0.9411764705882353,0.09696969696969697
amazon,net_uvu,0.8,2,1,SAGE,graph,default,2,11944,1658780,0.9724072182499149,0.8388374298116851,0.16322502493858337,0.27297088503837585,6.0,138.87977600097656,72.0,327.0,5195.0,0.008707300759851933,0.9682043194770813,129,0.9858506363027462,0.9723332652625245,0.005598380028828144,0.8413964967422015,0.03199127599268814,0.7029702970297029,0.5941422594142259,0.8606060606060606,0.24338624338624337,0.9583333333333334,0.1393939393939394,0.06976744186046512,0.8571428571428571,0.03636363636363636
amazon,net_uvu,0.8,2,2,SAGE,graph,default,2,11944,1658780,0.9771767109295199,0.88648163747528,0.13485056161880493,0.2511085569858551,6.0,138.87977600097656,72.0,327.0,5195.0,0.008707300759851933,0.9682043194770813,129,0.9858506363027462,0.97695780322138,0.006140073923584101,0.8851505939023484,0.023878474738965427,0.7277227722772277,0.6150627615062761,0.8909090909090909,0.24338624338624337,0.9583333333333334,0.1393939393939394,0.08139534883720931,1.0,0.04242424242424243
amazon,net_uvu,0.8,2,3,SAGE,graph,default,2,11944,1658780,0.9704610146407899,0.8412433889235087,0.11895770579576492,0.2267550230026245,6.0,138.87977600097656,72.0,327.0,5195.0,0.008707300759851933,0.9682043194770813,129,0.9858506363027462,0.9706604155411905,0.0061135994343013665,0.8457619266802192,0.02925155167574036,0.6881188118811881,0.5815899581589958,0.8424242424242424,0.24338624338624337,0.9583333333333334,0.1393939393939394,0.1452513966480447,0.9285714285714286,0.07878787878787878
amazon,net_uvu,0.8,3,1,GCN,none,default,2,11944,1658780,0.8765052774940416,0.576901129912397,4.8854588385438547e-05,0.02398066781461239,14.2,138.87977600097656,72.0,327.0,5198.0,0.00862357672303915,0.9680789709091187,125,0.9861855324849297,0.875195088007304,0.01463285955847252,0.5757642548770993,0.03664604616196645,0.5544554455445545,0.4686192468619247,0.6787878787878788,0.21164021164021163,0.8333333333333334,0.12121212121212122,0.03571428571428571,1.0,0.01818181818181818
amazon,net_uvu,0.8,3,2,GCN,none,default,2,11944,1658780,0.8900660537963908,0.5917377259478404,6.413368100766093e-05,0.026648705825209618,14.2,138.87977600097656,72.0,327.0,5198.0,0.00862357672303915,0.9680789709091187,125,0.9861855324849297,0.8916101975516415,0.017649564400856188,0.5926149525550182,0.0446487059292658,0.599009900990099,0.5062761506276151,0.7333333333333333,0.19047619047619047,0.75,0.10909090909090909,0.03571428571428571,1.0,0.01818181818181818
amazon,net_uvu,0.8,3,3,GCN,none,default,2,11944,1658780,0.8539829758256724,0.5535012953084214,6.923400360392407e-05,0.029592594131827354,14.2,138.87977600097656,72.0,327.0,5198.0,0.00862357672303915,0.9680789709091187,125,0.9861855324849297,0.8523484192066572,0.019067258625082847,0.5539385141397635,0.04123343828583974,0.5346534653465347,0.45188284518828453,0.6545454545454545,0.20105820105820105,0.7916666666666666,0.11515151515151516,0.047337278106508875,1.0,0.024242424242424242
amazon,net_uvu,0.8,3,1,GCN,graph,default,2,11944,1658780,0.873745999319033,0.5759178271269144,0.012371913529932499,0.18127009272575378,14.6,138.87977600097656,72.0,327.0,5198.0,0.00862357672303915,0.9680789709091187,125,0.9861855324849297,0.8721617574015341,0.015310577400517002,0.5748336125635516,0.03484379101969928,0.5495049504950495,0.46443514644351463,0.6727272727272727,0.21164021164021163,0.8333333333333334,0.12121212121212122,0.03571428571428571,1.0,0.01818181818181818
amazon,net_uvu,0.8,3,2,GCN,graph,default,2,11944,1658780,0.8889179434797412,0.60713051647466,0.012701275758445263,0.18256966769695282,14.6,138.87977600097656,72.0,327.0,5198.0,0.00862357672303915,0.9680789709091187,125,0.9861855324849297,0.8898671183774738,0.0180740352162465,0.6079024309273927,0.044563958398793006,0.6039603960396039,0.5104602510460251,0.7393939393939394,0.19047619047619047,0.75,0.10909090909090909,0.03571428571428571,1.0,0.01818181818181818
amazon,net_uvu,0.8,3,3,GCN,graph,default,2,11944,1658780,0.8647885597548519,0.5716115311596303,0.013537932187318802,0.19961465895175934,14.6,138.87977600097656,72.0,327.0,5198.0,0.00862357672303915,0.9680789709091187,125,0.9861855324849297,0.8633777128874618,0.01835361230866756,0.5721694721928023,0.04123997268203468,0.5643564356435643,0.4769874476987448,0.6909090909090909,0.19047619047619047,0.75,0.10909090909090909,0.03571428571428571,1.0,0.01818181818181818
amazon,net_uvu,0.8,3,1,SAGE,none,default,2,11944,1658780,0.9317153558052436,0.7954610704535348,0.110813669860363,0.09704527258872986,5.7,138.87977600097656,72.0,327.0,5198.0,0.00862357672303915,0.9680789709091187,125,0.9861855324849297,0.930390494940612,0.012426859615783402,0.7960316338786281,0.03077134573474309,0.6584158415841584,0.5564853556485355,0.806060606060606,0.6872586872586872,0.9468085106382979,0.5393939393939394,0.6872586872586872,0.9468085106382979,0.5393939393939394
amazon,net_uvu,0.8,3,2,SAGE,none,default,2,11944,1658780,0.955116104868914,0.8478947909091104,0.12917689979076385,0.12188699096441269,5.7,138.87977600097656,72.0,327.0,5198.0,0.00862357672303915,0.9680789709091187,125,0.9861855324849297,0.9544119133018526,0.009075596213454506,0.8462364638173772,0.02825248289458101,0.6881188118811881,0.5815899581589958,0.8424242424242424,0.30612244897959184,0.967741935483871,0.18181818181818182,0.30612244897959184,0.967741935483871,0.18181818181818182
amazon,net_uvu,0.8,3,3,SAGE,none,default,2,11944,1658780,0.8678815117466803,0.7610229511086889,0.14243610203266144,0.11378389596939087,5.7,138.87977600097656,72.0,327.0,5198.0,0.00862357672303915,0.9680789709091187,125,0.9861855324849297,0.8652621149313572,0.020330556606451704,0.763678217735004,0.03514484631121644,0.6386138613861386,0.5397489539748954,0.7818181818181819,0.27979274611398963,0.9642857142857143,0.16363636363636364,0.24338624338624337,0.9583333333333334,0.1393939393939394
amazon,net_uvu,0.8,3,1,SAGE,graph,default,2,11944,1658780,0.9706939053455907,0.8372817086674832,0.16577675938606262,0.27523356676101685,6.0,138.87977600097656,72.0,327.0,5198.0,0.00862357672303915,0.9680789709091187,125,0.9861855324849297,0.9706207137017521,0.005839869182803525,0.8395508633954303,0.0324389095091938,0.7128712871287128,0.602510460251046,0.8727272727272727,0.24338624338624337,0.9583333333333334,0.1393939393939394,0.06976744186046512,0.8571428571428571,0.03636363636363636
amazon,net_uvu,0.8,3,2,SAGE,graph,default,2,11944,1658780,0.9784759959141981,0.8879989144002436,0.13218894600868225,0.24742978811264038,6.0,138.87977600097656,72.0,327.0,5198.0,0.00862357672303915,0.9680789709091187,125,0.9861855324849297,0.9783392892212045,0.005529060212903924,0.8865929533195432,0.023900689411764438,0.7227722772277227,0.6108786610878661,0.8848484848484849,0.24338624338624337,0.9583333333333334,0.1393939393939394,0.08139534883720931,1.0,0.04242424242424243
amazon,net_uvu,0.8,3,3,SAGE,graph,default,2,11944,1658780,0.9708886618998978,0.8435978313493544,0.12147166579961777,0.2279604971408844,6.0,138.87977600097656,72.0,327.0,5198.0,0.00862357672303915,0.9680789709091187,125,0.9861855324849297,0.9711739019825358,0.005916002407490613,0.8481297048333128,0.029304540328077083,0.693069306930693,0.5857740585774058,0.8484848484848485,0.24338624338624337,0.9583333333333334,0.1393939393939394,0.1452513966480447,0.9285714285714286,0.07878787878787878
amazon,net_uvu,1.0,1,1,GCN,none,default,2,11944,2073474,0.868427647259108,0.5589725562584396,5.152928133611567e-05,0.020505178719758987,17.6,173.59962463378906,90.0,411.7001953125,6477.0,0.00678164791315794,0.9682176113128662,106,0.9875251172136638,0.867134917662492,0.014999352287975715,0.5591417916815561,0.03595357959311552,0.5297029702970297,0.4476987447698745,0.6484848484848484,0.17989417989417988,0.7083333333333334,0.10303030303030303,0.03571428571428571,1.0,0.01818181818181818
amazon,net_uvu,1.0,1,2,GCN,none,default,2,11944,2073474,0.8854218590398365,0.5660080072640924,6.789652979932725e-05,0.023041673004627228,17.7,173.59962463378906,90.0,411.7001953125,6477.0,0.00678164791315794,0.9682176113128662,106,0.9875251172136638,0.8868667537119499,0.01753672408888647,0.5650206534207116,0.043793041601038224,0.5742574257425742,0.48535564853556484,0.703030303030303,0.19047619047619047,0.75,0.10909090909090909,0.03571428571428571,1.0,0.01818181818181818
amazon,net_uvu,1.0,1,3,GCN,none,default,2,11944,2073474,0.8540006809669731,0.5450936101131322,4.636583253159188e-05,0.02090170793235302,17.7,173.59962463378906,90.0,411.7001953125,6477.0,0.00678164791315794,0.9682176113128662,106,0.9875251172136638,0.8522802988474895,0.018442122377472652,0.5462081416279773,0.041783280720244786,0.5396039603960396,0.4560669456066946,0.6606060606060606,0.19047619047619047,0.75,0.10909090909090909,0.047337278106508875,1.0,0.024242424242424242
amazon,net_uvu,1.0,1,1,GCN,graph,default,2,11944,2073474,0.8666734763363977,0.5511989165369239,0.012529779225587845,0.18849313259124756,18.0,173.59962463378906,90.0,411.7001953125,6477.0,0.00678164791315794,0.9682176113128662,106,0.9875251172136638,0.8652020841574851,0.015321822042134184,0.5516293545375741,0.034782885167320046,0.5445544554455446,0.4602510460251046,0.6666666666666666,0.2,0.76,0.11515151515151516,0.03571428571428571,1.0,0.01818181818181818
amazon,net_uvu,1.0,1,2,GCN,graph,default,2,11944,2073474,0.8835165134490977,0.5850193075853944,0.01276242546737194,0.1791813224554062,18.1,173.59962463378906,90.0,411.7001953125,6477.0,0.00678164791315794,0.9682176113128662,106,0.9875251172136638,0.884603476566922,0.018251581882305825,0.5835623256605964,0.04581842067003248,0.5891089108910891,0.497907949790795,0.7212121212121212,0.21164021164021163,0.8333333333333334,0.12121212121212122,0.03571428571428571,1.0,0.01818181818181818
amazon,net_uvu,1.0,1,3,GCN,graph,default,2,11944,2073474,0.8614518215866529,0.5604009802280869,0.014020994305610657,0.20271018147468567,18.0,173.59962463378906,90.0,411.7001953125,6477.0,0.00678164791315794,0.9682176113128662,106,0.9875251172136638,0.8597718442958353,0.01804930967640158,0.5613515564691878,0.041542295962908926,0.5693069306930693,0.4811715481171548,0.696969696969697,0.20105820105820105,0.7916666666666666,0.11515151515151516,0.047337278106508875,1.0,0.024242424242424242
amazon,net_uvu,1.0,1,1,SAGE,none,default,2,11944,2073474,0.9214409261150834,0.7728366784711287,0.10859917104244232,0.08878041058778763,7.0,173.59962463378906,90.0,411.7001953125,6477.0,0.00678164791315794,0.9682176113128662,106,0.9875251172136638,0.9211094573276064,0.015386422157003008,0.7736053144768941,0.034838114179537985,0.6336633663366337,0.5355648535564853,0.7757575757575758,0.44954128440366975,0.9245283018867925,0.296969696969697,0.44954128440366975,0.9245283018867925,0.296969696969697
amazon,net_uvu,1.0,1,2,SAGE,none,default,2,11944,2073474,0.9367000340483486,0.8173761140445452,0.14928556978702545,0.13111643493175507,7.0,173.59962463378906,90.0,411.7001953125,6477.0,0.00678164791315794,0.9682176113128662,106,0.9875251172136638,0.936610889879273,0.012860168770170733,0.8165698169291469,0.029935649547992826,0.6683168316831684,0.5648535564853556,0.8181818181818182,0.28865979381443296,0.9655172413793104,0.1696969696969697,0.28865979381443296,0.9655172413793104,0.1696969696969697
amazon,net_uvu,1.0,1,3,SAGE,none,default,2,11944,2073474,0.9201389172625128,0.7853174132499136,0.1383177936077118,0.10494035482406616,7.0,173.59962463378906,90.0,411.7001953125,6477.0,0.00678164791315794,0.9682176113128662,106,0.9875251172136638,0.9197854588166606,0.015289121138063183,0.789773593137864,0.031172102531940894,0.6485148514851485,0.5481171548117155,0.793939393939394,0.24338624338624337,0.9583333333333334,0.1393939393939394,0.15555555555555556,0.9333333333333333,0.08484848484848485
amazon,net_uvu,1.0,1,1,SAGE,graph,default,2,11944,2073474,0.9716036772216547,0.8387750873791003,0.16288135945796967,0.2718016505241394,7.3,173.59962463378906,90.0,411.7001953125,6477.0,0.00678164791315794,0.9682176113128662,106,0.9875251172136638,0.9715395713751509,0.005661574523935032,0.8412674261550847,0.03193020614158227,0.7079207920792079,0.5983263598326359,0.8666666666666667,0.24338624338624337,0.9583333333333334,0.1393939393939394,0.06976744186046512,0.8571428571428571,0.03636363636363636
amazon,net_uvu,1.0,1,2,SAGE,graph,default,2,11944,2073474,0.9776969696969696,0.8854880804526426,0.1359519362449646,0.2502562701702118,7.3,173.59962463378906,90.0,411.7001953125,6477.0,0.00678164791315794,0.9682176113128662,106,0.9875251172136638,0.9775853224050445,0.005932593501988683,0.8841118588623758,0.023943891834967243,0.7227722772277227,0.6108786610878661,0.8848484848484849,0.25396825396825395,1.0,0.14545454545454545,0.08139534883720931,1.0,0.04242424242424243
amazon,net_uvu,1.0,1,3,SAGE,graph,default,2,11944,2073474,0.9704392236976507,0.841423007950978,0.12093719840049744,0.22392243146896362,7.3,173.59962463378906,90.0,411.7001953125,6477.0,0.00678164791315794,0.9682176113128662,106,0.9875251172136638,0.9707116802846875,0.006103829295500311,0.8459028393507366,0.029036428567293406,0.6881188118811881,0.5815899581589958,0.8424242424242424,0.24338624338624337,0.9583333333333334,0.1393939393939394,0.1452513966480447,0.9285714285714286,0.07878787878787878
amazon,net_uvu,1.0,2,1,GCN,none,default,2,11944,2073474,0.8684208375893768,0.5587523361391337,5.153207894181833e-05,0.020505180582404137,17.6,173.59962463378906,90.0,411.7001953125,6477.0,0.00678164791315794,0.9682176113128662,106,0.9875251172136638,0.8671292402992198,0.014998464651797171,0.5589653975454886,0.035967152792260995,0.5297029702970297,0.4476987447698745,0.6484848484848484,0.17989417989417988,0.7083333333333334,0.10303030303030303,0.03571428571428571,1.0,0.01818181818181818
amazon,net_uvu,1.0,2,2,GCN,none,default,2,11944,2073474,0.8854654409261151,0.5672180999185832,6.792355998186395e-05,0.023048624396324158,17.7,173.59962463378906,90.0,411.7001953125,6477.0,0.00678164791315794,0.9682176113128662,106,0.9875251172136638,0.8869022135705721,0.017530241087319112,0.5660081102426043,0.04348513020687848,0.5742574257425742,0.48535564853556484,0.703030303030303,0.19047619047619047,0.75,0.10909090909090909,0.03571428571428571,1.0,0.01818181818181818
amazon,net_uvu,1.0,2,3,GCN,none,default,2,11944,2073474,0.8544610146407898,0.5457376320182703,4.650071787182242e-05,0.020908700302243233,17.7,173.59962463378906,90.0,411.7001953125,6477.0,0.00678164791315794,0.9682176113128662,106,0.9875251172136638,0.8527258702544362,0.018373366490482188,0.5468977261083066,0.04170624668942365,0.5445544554455446,0.4602510460251046,0.6666666666666666,0.19047619047619047,0.75,0.10909090909090909,0.047337278106508875,1.0,0.024242424242424242
amazon,net_uvu,1.0,2,1,GCN,graph,default,2,11944,2073474,0.8666911814776983,0.5532550792802609,0.011964366771280766,0.18179522454738617,18.0,173.59962463378906,90.0,411.7001953125,6477.0,0.00678164791315794,0.9682176113128662,106,0.9875251172136638,0.865229160426891,0.015331641111267292,0.5536853739145013,0.03495757513235989,0.5396039603960396,0.4560669456066946,0.6606060606060606,0.20105820105820105,0.7916666666666666,0.11515151515151516,0.03571428571428571,1.0,0.01818181818181818
amazon,net_uvu,1.0,2,2,GCN,graph,default,2,11944,2073474,0.8838706162751107,0.5854156668142082,0.01274048164486885,0.1788528561592102,18.0,173.59962463378906,90.0,411.7001953125,6477.0,0.00678164791315794,0.9682176113128662,106,0.9875251172136638,0.8849503445712144,0.01816468637013627,0.5839637169367199,0.045672451499802695,0.5891089108910891,0.497907949790795,0.7212121212121212,0.21164021164021163,0.8333333333333334,0.12121212121212122,0.03571428571428571,1.0,0.01818181818181818
amazon,net_uvu,1.0,2,3,GCN,graph,default,2,11944,2073474,0.8613074565883554,0.5581936406819435,0.014064242132008076,0.20246918499469757,18.0,173.59962463378906,90.0,411.7001953125,6477.0,0.00678164791315794,0.9682176113128662,106,0.9875251172136638,0.8596258931280744,0.018030597943042324,0.5594091891780141,0.04148012163521763,0.5643564356435643,0.4769874476987448,0.6909090909090909,0.20105820105820105,0.7916666666666666,0.11515151515151516,0.047337278106508875,1.0,0.024242424242424242
amazon,net_uvu,1.0,2,1,SAGE,none,default,2,11944,2073474,0.921484508001362,0.7729317142254188,0.10858559608459473,0.08877379447221756,7.0,173.59962463378906,90.0,411.7001953125,6477.0,0.00678164791315794,0.9682176113128662,106,0.9875251172136638,0.9211580360892662,0.015374389995354185,0.7736935848506451,0.03483240603091962,0.6336633663366337,0.5355648535564853,0.7757575757575758,0.44954128440366975,0.9245283018867925,0.296969696969697,0.44954128440366975,0.9245283018867925,0.296969696969697
amazon,net_uvu,1.0,2,2,SAGE,none,default,2,11944,2073474,0.9249193054136875,0.8228768361349923,0.13450603187084198,0.1182984858751297,7.0,173.59962463378906,90.0,411.7001953125,6477.0,0.00678164791315794,0.9682176113128662,106,0.9875251172136638,0.9252746614360668,0.016634967263152164,0.8218610735154677,0.03082125875055457,0.6732673267326733,0.5690376569037657,0.8242424242424242,0.4727272727272727,0.9454545454545454,0.3151515151515151,0.4727272727272727,0.9454545454545454,0.3151515151515151
amazon,net_uvu,1.0,2,3,SAGE,none,default,2,11944,2073474,0.9032032686414709,0.7685782533309818,0.13867247104644775,0.10509072244167328,7.0,173.59962463378906,90.0,411.7001953125,6477.0,0.00678164791315794,0.9682176113128662,106,0.9875251172136638,0.9019037673018747,0.01667779064485411,0.7727404326248696,0.03363913386466718,0.6386138613861386,0.5397489539748954,0.7818181818181819,0.2617801047120419,0.9615384615384616,0.15151515151515152,0.22459893048128343,0.9545454545454546,0.12727272727272726
amazon,net_uvu,1.0,2,1,SAGE,graph,default,2,11944,2073474,0.9718215866530473,0.8386801874179395,0.16205056011676788,0.27181029319763184,7.3,173.59962463378906,90.0,411.7001953125,6477.0,0.00678164791315794,0.9682176113128662,106,0.9875251172136638,0.9717209155672244,0.0056042331249294836,0.8410771439359267,0.03194009253782635,0.7079207920792079,0.5983263598326359,0.8666666666666667,0.24338624338624337,0.9583333333333334,0.1393939393939394,0.06976744186046512,0.8571428571428571,0.03636363636363636
amazon,net_uvu,1.0,2,2,SAGE,graph,default,2,11944,2073474,0.9775607763023493,0.8856636665484817,0.1397596299648285,0.2522038221359253,7.3,173.59962463378906,90.0,411.7001953125,6477.0,0.00678164791315794,0.9682176113128662,106,0.9875251172136638,0.9774858492632518,0.005957038684404212,0.8843122411592664,0.02395572871665702,0.7227722772277227,0.6108786610878661,0.8848484848484849,0.25396825396825395,1.0,0.14545454545454545,0.08139534883720931,1.0,0.04242424242424243
amazon,net_uvu,1.0,2,3,SAGE,graph,default,2,11944,2073474,0.9707143343547838,0.8419139527486353,0.12086262553930283,0.2234313189983368,7.3,173.59962463378906,90.0,411.7001953125,6477.0,0.00678164791315794,0.9682176113128662,106,0.9875251172136638,0.971055943970978,0.006065125370340191,0.8465101611274207,0.028993321752844317,0.693069306930693,0.5857740585774058,0.8484848484848485,0.24338624338624337,0.9583333333333334,0.1393939393939394,0.1452513966480447,0.9285714285714286,0.07878787878787878
amazon,net_uvu,1.0,3,1,GCN,none,default,2,11944,2073474,0.8684399046646237,0.5590288624159482,5.154428436071612e-05,0.020505767315626144,17.6,173.59962463378906,90.0,411.7001953125,6477.0,0.00678164791315794,0.9682176113128662,106,0.9875251172136638,0.8671394525393263,0.01499517477261318,0.5591664531141168,0.03597654822760859,0.5297029702970297,0.4476987447698745,0.6484848484848484,0.17989417989417988,0.7083333333333334,0.10303030303030303,0.03571428571428571,1.0,0.01818181818181818
amazon,net_uvu,1.0,3,2,GCN,none,default,2,11944,2073474,0.8852652366360232,0.5667307764933436,6.789214967284352e-05,0.023042425513267517,17.7,173.59962463378906,90.0,411.7001953125,6477.0,0.00678164791315794,0.9682176113128662,106,0.9875251172136638,0.8866939678105556,0.01754042544512625,0.5655209632565382,0.0435156585821745,0.5742574257425742,0.48535564853556484,0.703030303030303,0.19047619047619047,0.75,0.10909090909090909,0.03571428571428571,1.0,0.01818181818181818
amazon,net_uvu,1.0,3,3,GCN,none,default,2,11944,2073474,0.854455566905005,0.5460458470253493,4.648386675398797e-05,0.020907403901219368,17.7,173.59962463378906,90.0,411.7001953125,6477.0,0.00678164791315794,0.9682176113128662,106,0.9875251172136638,0.8527145386768867,0.018374844516174833,0.5470399438218343,0.04168201220438365,0.5445544554455446,0.4602510460251046,0.6666666666666666,0.19047619047619047,0.75,0.10909090909090909,0.047337278106508875,1.0,0.024242424242424242
amazon,net_uvu,1.0,3,1,GCN,graph,default,2,11944,2073474,0.8665808648280557,0.5522938972161497,0.012098896317183971,0.18218457698822021,18.0,173.59962463378906,90.0,411.7001953125,6477.0,0.00678164791315794,0.9682176113128662,106,0.9875251172136638,0.8651104089284172,0.015334397290181994,0.5528747647045099,0.034936453451421004,0.5396039603960396,0.4560669456066946,0.6606060606060606,0.20105820105820105,0.7916666666666666,0.11515151515151516,0.03571428571428571,1.0,0.01818181818181818
amazon,net_uvu,1.0,3,2,GCN,graph,default,2,11944,2073474,0.8835178753830439,0.5861760165439057,0.01276370882987976,0.17999979853630066,18.0,173.59962463378906,90.0,411.7001953125,6477.0,0.00678164791315794,0.9682176113128662,106,0.9875251172136638,0.8846160661552308,0.018300531275183454,0.5844401835833132,0.04546462984922933,0.5891089108910891,0.497907949790795,0.7212121212121212,0.2222222222222222,0.875,0.12727272727272726,0.03571428571428571,1.0,0.01818181818181818
amazon,net_uvu,1.0,3,3,GCN,graph,default,2,11944,2073474,0.8614000680966973,0.5579630597804508,0.014058987610042095,0.2028750628232956,18.1,173.59962463378906,90.0,411.7001953125,6477.0,0.00678164791315794,0.9682176113128662,106,0.9875251172136638,0.8597172247474029,0.018028512703847158,0.5591236455702498,0.04158250138273568,0.5643564356435643,0.4769874476987448,0.6909090909090909,0.20105820105820105,0.7916666666666666,0.11515151515151516,0.047337278106508875,1.0,0.024242424242424242
amazon,net_uvu,1.0,3,1,SAGE,none,default,2,11944,2073474,0.9214872318692543,0.7728671687641501,0.10859479755163193,0.08877898007631302,7.0,173.59962463378906,90.0,411.7001953125,6477.0,0.00678164791315794,0.9682176113128662,106,0.9875251172136638,0.9211543603373744,0.015379227475281821,0.7736339446524751,0.03484125527954603,0.6336633663366337,0.5355648535564853,0.7757575757575758,0.44954128440366975,0.9245283018867925,0.296969696969697,0.44954128440366975,0.9245283018867925,0.296969696969697
amazon,net_uvu,1.0,3,2,SAGE,none,default,2,11944,2073474,0.9513081375553285,0.8527237361715728,0.1291571855545044,0.11296257376670837,7.0,173.59962463378906,90.0,411.7001953125,6477.0,0.00678164791315794,0.9682176113128662,106,0.9875251172136638,0.9503014442317247,0.01018799484839361,0.8510682443139612,0.02564942493727949,0.698019801980198,0.5899581589958159,0.8545454545454545,0.2631578947368421,1.0,0.15151515151515152,0.21621621621621623,1.0,0.12121212121212122
amazon,net_uvu,1.0,3,3,SAGE,none,default,2,11944,2073474,0.938775621382363,0.7947442725513397,0.13823813199996948,0.1049100011587143,7.0,173.59962463378906,90.0,411.7001953125,6477.0,0.00678164791315794,0.9682176113128662,106,0.9875251172136638,0.9396908642778982,0.010402827024855841,0.800964329636061,0.03224880600392809,0.6485148514851485,0.5481171548117155,0.793939393939394,0.24338624338624337,0.9583333333333334,0.1393939393939394,0.17582417582417584,0.9411764705882353,0.09696969696969697
amazon,net_uvu,1.0,3,1,SAGE,graph,default,2,11944,2073474,0.9718488253319715,0.8389834618528498,0.16460560262203217,0.27306339144706726,7.3,173.59962463378906,90.0,411.7001953125,6477.0,0.00678164791315794,0.9682176113128662,106,0.9875251172136638,0.9717768887382364,0.005635834245657487,0.8414058178289555,0.03193359402846681,0.7079207920792079,0.5983263598326359,0.8666666666666667,0.24338624338624337,0.9583333333333334,0.1393939393939394,0.06976744186046512,0.8571428571428571,0.03636363636363636
amazon,net_uvu,1.0,3,2,SAGE,graph,default,2,11944,2073474,0.9777078651685394,0.8863049045097748,0.13375675678253174,0.24867570400238037,7.3,173.59962463378906,90.0,411.7001953125,6477.0,0.00678164791315794,0.9682176113128662,106,0.9875251172136638,0.9775986271338515,0.005941505357247375,0.884974269423804,0.02394777461623887,0.7227722772277227,0.6108786610878661,0.8848484848484849,0.25263157894736843,0.96,0.14545454545454545,0.08139534883720931,1.0,0.04242424242424243
amazon,net_uvu,1.0,3,3,SAGE,graph,default,2,11944,2073474,0.9706026557711952,0.841865649761164,0.12201269716024399,0.22448118031024933,7.3,173.59962463378906,90.0,411.7001953125,6477.0,0.00678164791315794,0.9682176113128662,106,0.9875251172136638,0.9709289093233511,0.006097808576060711,0.8464461899714127,0.02900540720699665,0.6881188118811881,0.5815899581589958,0.8424242424242424,0.24338624338624337,0.9583333333333334,0.1393939393939394,0.1452513966480447,0.9285714285714286,0.07878787878787878
yelp,net_rsr,0.05,1,1,GCN,layer,default,2,45954,340274,0.7321576932692659,0.34341230483888546,0.010705983266234398,0.10856439173221588,5.5,7.404665470123291,7.0,15.0,44.0,0.06332419067621231,0.7729065418243408,4098,0.010140575357966662,0.7321573661746441,0.00654521387796851,0.3446081929220432,0.01338952229686535,0.3324468085106383,0.4076086956521739,0.280688622754491,0.08263305322128851,0.6413043478260869,0.04416167664670659,0.01337295690936107,0.9,0.006736526946107785
yelp,net_rsr,0.05,1,2,GCN,layer,default,2,45954,340274,0.7277884880696854,0.3367170391170957,0.009478744119405746,0.10229901969432831,4.5,7.404665470123291,7.0,15.0,44.0,0.06332419067621231,0.7729065418243408,4098,0.010140575357966662,0.7262239004281174,0.0077310889697461355,0.33498200193055994,0.014353288505745175,0.3191489361702128,0.391304347826087,0.2694610778443114,0.08263305322128851,0.6413043478260869,0.04416167664670659,0.008915304606240713,0.6,0.004491017964071856
yelp,net_rsr,0.05,1,3,GCN,layer,default,2,45954,340274,0.7121734446077295,0.3215488841958547,0.010295056737959385,0.10127417743206024,4.5,7.404665470123291,7.0,15.0,44.0,0.06332419067621231,0.7729065418243408,4098,0.010140575357966662,0.7124518414637535,0.007364117286101911,0.3229346038387158,0.013586974351181084,0.3262411347517731,0.4,0.2754491017964072,0.0742296918767507,0.5760869565217391,0.03967065868263473,0.01188707280832095,0.8,0.005988023952095809
yelp,net_rsr,0.05,1,1,GCN,pair,default,2,45954,340274,0.6949130475047868,0.3053103971246343,0.00379900517873466,0.03736221790313721,5.1,7.404665470123291,7.0,15.0,44.0,0.06332419067621231,0.7729065418243408,4098,0.010140575357966662,0.6947795984925156,0.0075352470681250856,0.30712984778767716,0.012133761365205427,0.30319148936170215,0.3717391304347826,0.2559880239520958,0.06722689075630252,0.5217391304347826,0.03592814371257485,0.010401188707280832,0.7,0.005239520958083832
yelp,net_rsr,0.05,1,2,GCN,pair,default,2,45954,340274,0.6947953316889643,0.3042778255061721,0.003634581109508872,0.03500225394964218,5.0,7.404665470123291,7.0,15.0,44.0,0.06332419067621231,0.7729065418243408,4098,0.010140575357966662,0.6935512018011181,0.00793732903982163,0.3033083627902638,0.013109991233541103,0.30939716312056736,0.3793478260869565,0.26122754491017963,0.0742296918767507,0.5760869565217391,0.03967065868263473,0.007429420505200594,0.5,0.0037425149700598802
yelp,net_rsr,0.05,1,3,GCN,pair,default,2,45954,340274,0.6900921775339341,0.3100600717451376,0.0036411129403859377,0.030084969475865364,5.0,7.404665470123291,7.0,15.0,44.0,0.06332419067621231,0.7729065418243408,4098,0.010140575357966662,0.6908128611678211,0.008220039891451815,0.3123469023328098,0.014088907011553424,0.3076241134751773,0.37717391304347825,0.2597305389221557,0.06862745098039216,0.532608695652174,0.036676646706586824,0.01188707280832095,0.8,0.005988023952095809
yelp,net_rsr,0.05,1,1,SAGE,layer,default,2,45954,340274,0.8294990975279584,0.5064127608360732,0.1981641799211502,0.2630261480808258,2.6,7.404665470123291,7.0,15.0,44.0,0.06332419067621231,0.7729065418243408,4098,0.010140575357966662,0.8296604041955807,0.005306980240761223,0.5075962944936974,0.013392805764430419,0.46365248226950356,0.5684782608695652,0.39146706586826346,0.09803921568627451,0.7608695652173914,0.05239520958083832,0.014858841010401188,1.0,0.0074850299401197605
yelp,net_rsr,0.05,1,2,SAGE,layer,default,2,45954,340274,0.8390672829493762,0.5256258294993355,0.20420970022678375,0.28838077187538147,2.6,7.404665470123291,7.0,15.0,44.0,0.06332419067621231,0.7729065418243408,4098,0.010140575357966662,0.8392752528760526,0.0054231764829855795,0.5253833665239928,0.01508239011857814,0.4671985815602837,0.5728260869565217,0.3944610778443114,0.11064425770308123,0.8586956521739131,0.05913173652694611,0.014858841010401188,1.0,0.0074850299401197605
yelp,net_rsr,0.05,1,3,SAGE,layer,default,2,45954,340274,0.829982251637255,0.5156945558298306,0.159794420003891,0.22815456986427307,2.7,7.404665470123291,7.0,15.0,44.0,0.06332419067621231,0.7729065418243408,4098,0.010140575357966662,0.8305612666168567,0.005543192742835866,0.5179424162958934,0.014748554492630404,0.4601063829787234,0.5641304347826087,0.3884730538922156,0.11204481792717087,0.8695652173913043,0.059880239520958084,0.014858841010401188,1.0,0.0074850299401197605
yelp,net_rsr,0.05,1,1,SAGE,pair,default,2,45954,340274,0.8247284866367063,0.4951308671466226,0.16899138689041138,0.18336009979248047,3.2,7.404665470123291,7.0,15.0,44.0,0.06332419067621231,0.7729065418243408,4098,0.010140575357966662,0.8247084940336161,0.005867116886277974,0.49518378771206634,0.01345977206843636,0.44858156028368795,0.55,0.3787425149700599,0.10084033613445378,0.782608695652174,0.05389221556886228,0.01337295690936107,0.9,0.006736526946107785
yelp,net_rsr,0.05,1,2,SAGE,pair,default,2,45954,340274,0.8306752076295474,0.5092143580990267,0.13567915558815002,0.14355339109897614,3.1,7.404665470123291,7.0,15.0,44.0,0.06332419067621231,0.7729065418243408,4098,0.010140575357966662,0.8307615977827467,0.0052181883197524636,0.5092229133482397,0.013126575332907162,0.4592198581560284,0.5630434782608695,0.38772455089820357,0.1134453781512605,0.8804347826086957,0.06062874251497006,0.014858841010401188,1.0,0.0074850299401197605
yelp,net_rsr,0.05,1,3,SAGE,pair,default,2,45954,340274,0.8168616782473749,0.4851867602060176,0.14579534530639648,0.15784066915512085,3.2,7.404665470123291,7.0,15.0,44.0,0.06332419067621231,0.7729065418243408,4098,0.010140575357966662,0.8175649186793446,0.005758123847606428,0.4879039042788046,0.013730504598123007,0.42907801418439717,0.5260869565217391,0.36227544910179643,0.10784313725490197,0.8369565217391305,0.05763473053892216,0.014858841010401188,1.0,0.0074850299401197605
yelp,net_rsr,0.05,2,1,GCN,layer,default,2,45954,340274,0.7222504138870935,0.3340841387082182,0.010298430919647217,0.10603930056095123,4.5,7.404665470123291,7.0,15.0,39.0,0.06497801840305328,0.7720954418182373,4208,0.010140575357966662,0.7217878784731575,0.006233570315365959,0.33427935390671965,0.012533850910248763,0.3342198581560284,0.4097826086956522,0.28218562874251496,0.07563025210084033,0.5869565217391305,0.040419161676646706,0.01188707280832095,0.8,0.005988023952095809
yelp,net_rsr,0.05,2,2,GCN,layer,default,2,45954,340274,0.7234544404063563,0.336031894900202,0.00955657847225666,0.10276928544044495,4.5,7.404665470123291,7.0,15.0,39.0,0.06497801840305328,0.7720954418182373,4208,0.010140575357966662,0.7214626680858693,0.007690085685575974,0.33339859145566775,0.013217866150623174,0.3351063829787234,0.4108695652173913,0.28293413173652693,0.07563025210084033,0.5869565217391305,0.040419161676646706,0.01337295690936107,0.9,0.006736526946107785
yelp,net_rsr,0.05,2,3,GCN,layer,default,2,45954,340274,0.7184402516250595,0.3247562466789201,0.009694528765976429,0.09761811047792435,4.5,7.404665470123291,7.0,15.0,39.0,0.06497801840305328,0.7720954418182373,4208,0.010140575357966662,0.7181940537420097,0.007039038598529479,0.32466383329867055,0.013540021271420498,0.3271276595744681,0.40108695652173915,0.27619760479041916,0.07142857142857142,0.5543478260869565,0.03817365269461078,0.010401188707280832,0.7,0.005239520958083832
yelp,net_rsr,0.05,2,1,GCN,pair,default,2,45954,340274,0.6931280164975547,0.3028959822035481,0.0039226398803293705,0.037994809448719025,5.0,7.404665470123291,7.0,15.0,39.0,0.06497801840305328,0.7720954418182373,4208,0.010140575357966662,0.6926843064085106,0.007063121594274963,0.3034906511377304,0.01206848609986547,0.3049645390070922,0.3739130434782609,0.25748502994011974,0.07282913165266107,0.5652173913043478,0.038922155688622756,0.008915304606240713,0.6,0.004491017964071856
yelp,net_rsr,0.05,2,2,GCN,pair,default,2,45954,340274,0.6985055950979915,0.30401690773795154,0.00355025683529675,0.03662453964352608,5.0,7.404665470123291,7.0,15.0,39.0,0.06497801840305328,0.7720954418182373,4208,0.010140575357966662,0.6966025424899834,0.007657454004693198,0.30271469866708595,0.012918821073624564,0.2987588652482269,0.36630434782608695,0.2522455089820359,0.07282913165266107,0.5652173913043478,0.038922155688622756,0.007429420505200594,0.5,0.0037425149700598802
yelp,net_rsr,0.05,2,3,GCN,pair,default,2,45954,340274,0.6950973149170091,0.30821898344893894,0.003659909823909402,0.030838169157505035,5.1,7.404665470123291,7.0,15.0,39.0,0.06497801840305328,0.7720954418182373,4208,0.010140575357966662,0.6953050582870766,0.00781813140352979,0.30919763577274634,0.013691576439766236,0.30939716312056736,0.3793478260869565,0.26122754491017963,0.07703081232492998,0.5978260869565217,0.04116766467065868,0.008915304606240713,0.6,0.004491017964071856
yelp,net_rsr,0.05,2,1,SAGE,layer,default,2,45954,340274,0.8303764638492872,0.5055931328872836,0.1988692730665207,0.26312217116355896,2.6,7.404665470123291,7.0,15.0,39.0,0.06497801840305328,0.7720954418182373,4208,0.010140575357966662,0.8304116453460745,0.005388547261301914,0.5054699745426366,0.014099769967839924,0.46808510638297873,0.5739130434782609,0.39520958083832336,0.10224089635854341,0.7934782608695652,0.05464071856287425,0.014858841010401188,1.0,0.0074850299401197605
yelp,net_rsr,0.05,2,2,SAGE,layer,default,2,45954,340274,0.8386111401179311,0.5342748668465676,0.21498799324035645,0.2988269627094269,2.7,7.404665470123291,7.0,15.0,39.0,0.06497801840305328,0.7720954418182373,4208,0.010140575357966662,0.8384262825649275,0.005581001039219136,0.5331836434367916,0.015325652206751469,0.4698581560283688,0.5760869565217391,0.3967065868263473,0.11484593837535013,0.8913043478260869,0.061377245508982034,0.014858841010401188,1.0,0.0074850299401197605
yelp,net_rsr,0.05,2,3,SAGE,layer,default,2,45954,340274,0.8258673907277095,0.5122367320584498,0.16330841183662415,0.22813865542411804,2.7,7.404665470123291,7.0,15.0,39.0,0.06497801840305328,0.7720954418182373,4208,0.010140575357966662,0.8262153782031619,0.005263185355187853,0.5134500358920845,0.013841931460958362,0.45478723404255317,0.5576086956521739,0.38398203592814373,0.10784313725490197,0.8369565217391305,0.05763473053892216,0.014858841010401188,1.0,0.0074850299401197605
yelp,net_rsr,0.05,2,1,SAGE,pair,default,2,45954,340274,0.8222202489115455,0.48814359104044514,0.17254798114299774,0.1815379112958908,3.2,7.404665470123291,7.0,15.0,39.0,0.06497801840305328,0.7720954418182373,4208,0.010140575357966662,0.8221121461650154,0.005996035633816485,0.48749066676681785,0.013962944445342521,0.4450354609929078,0.5456521739130434,0.37574850299401197,0.10504201680672269,0.8152173913043478,0.0561377245508982,0.014858841010401188,1.0,0.0074850299401197605
yelp,net_rsr,0.05,2,2,SAGE,pair,default,2,45954,340274,0.8312356320962961,0.5094448205397956,0.13866069912910461,0.1429276317358017,3.2,7.404665470123291,7.0,15.0,39.0,0.06497801840305328,0.7720954418182373,4208,0.010140575357966662,0.8309844505591331,0.0052397321756537775,0.5092235157162561,0.013868831233236217,0.44858156028368795,0.55,0.3787425149700599,0.11204481792717087,0.8695652173913043,0.059880239520958084,0.01337295690936107,0.9,0.006736526946107785
yelp,net_rsr,0.05,2,3,SAGE,pair,default,2,45954,340274,0.8164741354866639,0.48409559552972525,0.15274746716022491,0.15876059234142303,3.2,7.404665470123291,7.0,15.0,39.0,0.06497801840305328,0.7720954418182373,4208,0.010140575357966662,0.8169723005456737,0.005157017579200335,0.4860386669654073,0.013006568499695885,0.4317375886524823,0.5293478260869565,0.36452095808383234,0.11064425770308123,0.8586956521739131,0.05913173652694611,0.014858841010401188,1.0,0.0074850299401197605
yelp,net_rsr,0.05,3,1,GCN,layer,default,2,45954,340274,0.720693859226557,0.3285505907100218,0.011660109274089336,0.11349327117204666,4.5,7.404665470123291,7.0,15.0,37.0,0.0634547621011734,0.7696444392204285,4062,0.010140575357966662,0.7205248802411073,0.006493325856396708,0.32997554220171765,0.012858881712987458,0.3333333333333333,0.40869565217391307,0.281437125748503,0.08123249299719888,0.6304347826086957,0.04341317365269461,0.007429420505200594,0.5,0.0037425149700598802
yelp,net_rsr,0.05,3,2,GCN,layer,default,2,45954,340274,0.712161296678537,0.3242427260749787,0.00976432953029871,0.10373879224061966,4.5,7.404665470123291,7.0,15.0,37.0,0.0634547621011734,0.7696444392204285,4062,0.010140575357966662,0.7098366865455732,0.007123849381549702,0.32075244543570064,0.013003927883035168,0.32358156028368795,0.3967391304347826,0.27320359281437123,0.0742296918767507,0.5760869565217391,0.03967065868263473,0.014858841010401188,1.0,0.0074850299401197605
yelp,net_rsr,0.05,3,3,GCN,layer,default,2,45954,340274,0.7098007396612072,0.32379862266287074,0.010584508068859577,0.10258384048938751,4.5,7.404665470123291,7.0,15.0,37.0,0.0634547621011734,0.7696444392204285,4062,0.010140575357966662,0.7108861366147847,0.0074037776077005134,0.325818774871782,0.013772828099758175,0.33156028368794327,0.40652173913043477,0.27994011976047906,0.06722689075630252,0.5217391304347826,0.03592814371257485,0.008915304606240713,0.6,0.004491017964071856
yelp,net_rsr,0.05,3,1,GCN,pair,default,2,45954,340274,0.6936583807944193,0.2976010151405097,0.003938380628824234,0.03811377286911011,5.1,7.404665470123291,7.0,15.0,37.0,0.0634547621011734,0.7696444392204285,4062,0.010140575357966662,0.6940221875929582,0.006900456752366475,0.29949406973730924,0.011961201870670702,0.2978723404255319,0.3652173913043478,0.25149700598802394,0.06857942617214835,0.5268817204301075,0.036676646706586824,0.0029717682020802376,0.2,0.0014970059880239522
yelp,net_rsr,0.05,3,2,GCN,pair,default,2,45954,340274,0.688814644133322,0.2922287300166438,0.0036594760604202747,0.03724323585629463,5.1,7.404665470123291,7.0,15.0,37.0,0.0634547621011734,0.7696444392204285,4062,0.010140575357966662,0.6865419654438825,0.0069618173668911125,0.29025803400820116,0.01103843502653577,0.2898936170212766,0.35543478260869565,0.24476047904191617,0.06722689075630252,0.5217391304347826,0.03592814371257485,0.008915304606240713,0.6,0.004491017964071856
yelp,net_rsr,0.05,3,3,GCN,pair,default,2,45954,340274,0.6902191353037307,0.30086227688633105,0.0035658623091876507,0.029641063883900642,5.1,7.404665470123291,7.0,15.0,37.0,0.0634547621011734,0.7696444392204285,4062,0.010140575357966662,0.691020723853424,0.008131478544803354,0.3025977779609799,0.01318497654609169,0.3076241134751773,0.37717391304347825,0.2597305389221557,0.0700280112044818,0.5434782608695652,0.0374251497005988,0.007429420505200594,0.5,0.0037425149700598802
yelp,net_rsr,0.05,3,1,SAGE,layer,default,2,45954,340274,0.8281790225557033,0.5066119738862419,0.18656229972839355,0.24789859354496002,2.7,7.404665470123291,7.0,15.0,37.0,0.0634547621011734,0.7696444392204285,4062,0.010140575357966662,0.8284053513810951,0.005556677832764005,0.5065204981781828,0.0141428934009702,0.46897163120567376,0.575,0.39595808383233533,0.10644257703081232,0.8260869565217391,0.05688622754491018,0.01337295690936107,0.9,0.006736526946107785
yelp,net_rsr,0.05,3,2,SAGE,layer,default,2,45954,340274,0.8404819688525189,0.5302075696763283,0.20961865782737732,0.2910633683204651,2.7,7.404665470123291,7.0,15.0,37.0,0.0634547621011734,0.7696444392204285,4062,0.010140575357966662,0.8403385914272201,0.005324105780055435,0.5283774723015463,0.015701096435316517,0.4716312056737589,0.5782608695652174,0.39820359281437123,0.1134453781512605,0.8804347826086957,0.06062874251497006,0.01337295690936107,0.9,0.006736526946107785
yelp,net_rsr,0.05,3,3,SAGE,layer,default,2,45954,340274,0.8244573734404917,0.5002379440188723,0.15468207001686096,0.22015464305877686,2.7,7.404665470123291,7.0,15.0,37.0,0.0634547621011734,0.7696444392204285,4062,0.010140575357966662,0.8245427989296766,0.0052618683126814236,0.5011323553181197,0.013769654121380549,0.4423758865248227,0.5423913043478261,0.37350299401197606,0.10504201680672269,0.8152173913043478,0.0561377245508982,0.01337295690936107,0.9,0.006736526946107785
yelp,net_rsr,0.05,3,1,SAGE,pair,default,2,45954,340274,0.824443939259973,0.49576902431388925,0.17134909331798553,0.181004598736763,3.2,7.404665470123291,7.0,15.0,37.0,0.0634547621011734,0.7696444392204285,4062,0.010140575357966662,0.8241346402718028,0.0059180498238582974,0.49492240808572496,0.014059999101416058,0.44592198581560283,0.5467391304347826,0.37649700598802394,0.10644257703081232,0.8260869565217391,0.05688622754491018,0.014858841010401188,1.0,0.0074850299401197605
yelp,net_rsr,0.05,3,2,SAGE,pair,default,2,45954,340274,0.829650779906582,0.5039700617364105,0.1363723874092102,0.140422523021698,3.2,7.404665470123291,7.0,15.0,37.0,0.0634547621011734,0.7696444392204285,4062,0.010140575357966662,0.8294192569041087,0.005440271831073815,0.5031304948239598,0.01399357243578107,0.4530141843971631,0.5554347826086956,0.38248502994011974,0.11064425770308123,0.8586956521739131,0.05913173652694611,0.01188707280832095,0.8,0.005988023952095809
yelp,net_rsr,0.05,3,3,SAGE,pair,default,2,45954,340274,0.8173461662469359,0.48270254280837666,0.15177276730537415,0.15645049512386322,3.2,7.404665470123291,7.0,15.0,37.0,0.0634547621011734,0.7696444392204285,4062,0.010140575357966662,0.8177012395627992,0.00508467363604476,0.48483709715412765,0.01309298764864202,0.43617021276595747,0.5347826086956522,0.36826347305389223,0.1092436974789916,0.8478260869565217,0.058383233532934134,0.014858841010401188,1.0,0.0074850299401197605
yelp,net_rsr,0.1,1,1,GCN,layer,default,2,45954,680548,0.6870395220251959,0.3110044969604218,0.0034338454715907574,0.06748822331428528,7.4,14.809330940246582,14.0,28.0,79.0,0.02563432976603508,0.7726508378982544,2031,0.010140575357966662,0.687308852659717,0.006478280462236472,0.3135901412694906,0.012460559003308082,0.3076241134751773,0.37717391304347825,0.2597305389221557,0.07282913165266107,0.5652173913043478,0.038922155688622756,0.008915304606240713,0.6,0.004491017964071856
yelp,net_rsr,0.1,1,2,GCN,layer,default,2,45954,680548,0.6917412946510239,0.31066746977787896,0.0036694640293717384,0.0749223530292511,7.5,14.809330940246582,14.0,28.0,79.0,0.02563432976603508,0.7726508378982544,2031,0.010140575357966662,0.6890610755560964,0.008480756932363765,0.3088437545764943,0.014652227567119352,0.30319148936170215,0.3717391304347826,0.2559880239520958,0.0700280112044818,0.5434782608695652,0.0374251497005988,0.010401188707280832,0.7,0.005239520958083832
yelp,net_rsr,0.1,1,3,GCN,layer,default,2,45954,680548,0.683104307550886,0.29418322883509473,0.0038798239547759295,0.06978746503591537,7.4,14.809330940246582,14.0,28.0,79.0,0.02563432976603508,0.7726508378982544,2031,0.010140575357966662,0.6843665344626256,0.007967920065827893,0.2967467406830227,0.013333685333152304,0.3076241134751773,0.37717391304347825,0.2597305389221557,0.06582633053221289,0.5108695652173914,0.035179640718562874,0.004457652303120356,0.3,0.002245508982035928
yelp,net_rsr,0.1,1,1,GCN,pair,default,2,45954,680548,0.6669695232752418,0.2956226163386524,0.002045623492449522,0.03383275866508484,8.0,14.809330940246582,14.0,28.0,79.0,0.02563432976603508,0.7726508378982544,2031,0.010140575357966662,0.6668829883759476,0.007116889827229742,0.2980099634614295,0.012347124903118884,0.2898936170212766,0.35543478260869565,0.24476047904191617,0.07563025210084033,0.5869565217391305,0.040419161676646706,0.008915304606240713,0.6,0.004491017964071856
yelp,net_rsr,0.1,1,2,GCN,pair,default,2,45954,680548,0.6629375064788956,0.2907216185879201,0.001949524274095893,0.033354490995407104,8.0,14.809330940246582,14.0,28.0,79.0,0.02563432976603508,0.7726508378982544,2031,0.010140575357966662,0.6606135431542149,0.00813877905785148,0.28885862235928433,0.012687969292263556,0.2907801418439716,0.3565217391304348,0.24550898203592814,0.08543417366946779,0.6630434782608695,0.04565868263473054,0.008915304606240713,0.6,0.004491017964071856
yelp,net_rsr,0.1,1,3,GCN,pair,default,2,45954,680548,0.6609235227355879,0.28618043990497766,0.001840880955569446,0.02703981287777424,8.0,14.809330940246582,14.0,28.0,79.0,0.02563432976603508,0.7726508378982544,2031,0.010140575357966662,0.6625398312327428,0.008948890569790167,0.2893097883473479,0.013986684358270678,0.27570921985815605,0.33804347826086956,0.23278443113772454,0.07142857142857142,0.5543478260869565,0.03817365269461078,0.010401188707280832,0.7,0.005239520958083832
yelp,net_rsr,0.1,1,1,SAGE,layer,default,2,45954,680548,0.8353065699049965,0.5280509092579089,0.20127931237220764,0.2546454668045044,3.9,14.809330940246582,14.0,28.0,79.0,0.02563432976603508,0.7726508378982544,2031,0.010140575357966662,0.8354255801702672,0.005413296867315331,0.5287998275502076,0.013197289862642542,0.48404255319148937,0.5934782608695652,0.4086826347305389,0.10224089635854341,0.7934782608695652,0.05464071856287425,0.014858841010401188,1.0,0.0074850299401197605
yelp,net_rsr,0.1,1,2,SAGE,layer,default,2,45954,680548,0.8450102404661145,0.5484138225380242,0.21288281679153442,0.27818354964256287,3.9,14.809330940246582,14.0,28.0,79.0,0.02563432976603508,0.7726508378982544,2031,0.010140575357966662,0.8452159158319529,0.005501059071324333,0.5479538259824233,0.014994248282176688,0.4858156028368794,0.5956521739130435,0.4101796407185629,0.1134453781512605,0.8804347826086957,0.06062874251497006,0.014858841010401188,1.0,0.0074850299401197605
yelp,net_rsr,0.1,1,3,SAGE,layer,default,2,45954,680548,0.8329602569301315,0.5307393910049809,0.1630946844816208,0.21633215248584747,3.9,14.809330940246582,14.0,28.0,79.0,0.02563432976603508,0.7726508378982544,2031,0.010140575357966662,0.8333943177448222,0.00560559913801728,0.5322318706045354,0.014277656644155973,0.4734042553191489,0.5804347826086956,0.3997005988023952,0.1134453781512605,0.8804347826086957,0.06062874251497006,0.014858841010401188,1.0,0.0074850299401197605
yelp,net_rsr,0.1,1,1,SAGE,pair,default,2,45954,680548,0.8298105609046673,0.5058124338708827,0.17099596560001373,0.1866321861743927,4.4,14.809330940246582,14.0,28.0,79.0,0.02563432976603508,0.7726508378982544,2031,0.010140575357966662,0.8296335808491695,0.005816963506289821,0.5059626118960305,0.013691414274305381,0.4645390070921986,0.5695652173913044,0.39221556886227543,0.10644257703081232,0.8260869565217391,0.05688622754491018,0.01337295690936107,0.9,0.006736526946107785
yelp,net_rsr,0.1,1,2,SAGE,pair,default,2,45954,680548,0.8371209941369806,0.5201193603120398,0.13610051572322845,0.14644499123096466,4.4,14.809330940246582,14.0,28.0,79.0,0.02563432976603508,0.7726508378982544,2031,0.010140575357966662,0.8370576250912234,0.005251841727725298,0.519903914870467,0.013299089281306482,0.4583333333333333,0.5619565217391305,0.3869760479041916,0.1134453781512605,0.8804347826086957,0.06062874251497006,0.014858841010401188,1.0,0.0074850299401197605
yelp,net_rsr,0.1,1,3,SAGE,pair,default,2,45954,680548,0.8198557378623609,0.49085443878088575,0.14887763559818268,0.16223053634166718,4.4,14.809330940246582,14.0,28.0,79.0,0.02563432976603508,0.7726508378982544,2031,0.010140575357966662,0.8204458090839647,0.005772608300739584,0.49325935662522896,0.013469268476585276,0.43882978723404253,0.5380434782608695,0.37050898203592814,0.1092436974789916,0.8478260869565217,0.058383233532934134,0.01337295690936107,0.9,0.006736526946107785
yelp,net_rsr,0.1,2,1,GCN,layer,default,2,45954,680548,0.700403816221935,0.31162213697044644,0.0034465815406292677,0.06792399287223816,7.4,14.809330940246582,14.0,28.0,67.0,0.027853941544890404,0.7721747756004333,2111,0.010140575357966662,0.7004290906749493,0.007229786696770621,0.31334624222486024,0.013065914531958671,0.30407801418439717,0.37282608695652175,0.25673652694610777,0.07282913165266107,0.5652173913043478,0.038922155688622756,0.008915304606240713,0.6,0.004491017964071856
yelp,net_rsr,0.1,2,2,GCN,layer,default,2,45954,680548,0.691953764314548,0.30460212041198026,0.003641207469627261,0.07458752393722534,7.4,14.809330940246582,14.0,28.0,67.0,0.027853941544890404,0.7721747756004333,2111,0.010140575357966662,0.6900236419843851,0.008604286931661764,0.3016249255596943,0.013352661403835344,0.300531914893617,0.3684782608695652,0.2537425149700599,0.06722689075630252,0.5217391304347826,0.03592814371257485,0.01188707280832095,0.8,0.005988023952095809
yelp,net_rsr,0.1,2,3,GCN,layer,default,2,45954,680548,0.6941579703373294,0.31211636317830393,0.003803259925916791,0.06944497674703598,7.5,14.809330940246582,14.0,28.0,67.0,0.027853941544890404,0.7721747756004333,2111,0.010140575357966662,0.6942144292104763,0.008079834815128969,0.3129560306664223,0.013843585225982264,0.31117021276595747,0.3815217391304348,0.26272455089820357,0.0742296918767507,0.5760869565217391,0.03967065868263473,0.01188707280832095,0.8,0.005988023952095809
yelp,net_rsr,0.1,2,1,GCN,pair,default,2,45954,680548,0.6721784600351233,0.28359292874315856,0.0020824761595577,0.03430353105068207,8.0,14.809330940246582,14.0,28.0,67.0,0.027853941544890404,0.7721747756004333,2111,0.010140575357966662,0.6720931718618638,0.007491301193425417,0.28504351575741554,0.01189992915293707,0.2828014184397163,0.3467391304347826,0.23877245508982037,0.07142857142857142,0.5543478260869565,0.03817365269461078,0.007429420505200594,0.5,0.0037425149700598802
yelp,net_rsr,0.1,2,2,GCN,pair,default,2,45954,680548,0.657401861882142,0.27355493325023567,0.0018977941945195198,0.034239452332258224,8.0,14.809330940246582,14.0,28.0,67.0,0.027853941544890404,0.7721747756004333,2111,0.010140575357966662,0.6557487830685551,0.008204436000552916,0.2723273749932721,0.012144930915188546,0.26152482269503546,0.32065217391304346,0.22080838323353294,0.07563025210084033,0.5869565217391305,0.040419161676646706,0.008915304606240713,0.6,0.004491017964071856
yelp,net_rsr,0.1,2,3,GCN,pair,default,2,45954,680548,0.6686584665445077,0.2870468821134374,0.0018195259617641568,0.02625945210456848,8.0,14.809330940246582,14.0,28.0,67.0,0.027853941544890404,0.7721747756004333,2111,0.010140575357966662,0.6690506697385681,0.008082978296433358,0.28856599957805396,0.013043852904162498,0.274822695035461,0.33695652173913043,0.23203592814371257,0.08123249299719888,0.6304347826086957,0.04341317365269461,0.008915304606240713,0.6,0.004491017964071856
yelp,net_rsr,0.1,2,1,SAGE,layer,default,2,45954,680548,0.8360134841061257,0.5221490041766871,0.19195130467414856,0.24586305022239685,3.9,14.809330940246582,14.0,28.0,67.0,0.027853941544890404,0.7721747756004333,2111,0.010140575357966662,0.8360438708701288,0.005444888458690998,0.5226263220044453,0.013675769467076238,0.4804964539007092,0.5891304347826087,0.405688622754491,0.10784313725490197,0.8369565217391305,0.05763473053892216,0.014858841010401188,1.0,0.0074850299401197605
yelp,net_rsr,0.1,2,2,SAGE,layer,default,2,45954,680548,0.8447570395105918,0.5470244183116622,0.2189360111951828,0.28849661350250244,3.9,14.809330940246582,14.0,28.0,67.0,0.027853941544890404,0.7721747756004333,2111,0.010140575357966662,0.8444975145455667,0.005550717337703818,0.5457420850553382,0.01611625165102888,0.49556737588652483,0.6076086956521739,0.4184131736526946,0.11484593837535013,0.8913043478260869,0.061377245508982034,0.01337295690936107,0.9,0.006736526946107785
yelp,net_rsr,0.1,2,3,SAGE,layer,default,2,45954,680548,0.8359720382300573,0.5291778914211267,0.1604461967945099,0.21373268961906433,3.9,14.809330940246582,14.0,28.0,67.0,0.027853941544890404,0.7721747756004333,2111,0.010140575357966662,0.836415875781348,0.004896402948680724,0.5314446062953772,0.013705383311780691,0.47074468085106386,0.5771739130434783,0.39745508982035926,0.1134453781512605,0.8804347826086957,0.06062874251497006,0.01337295690936107,0.9,0.006736526946107785
yelp,net_rsr,0.1,2,1,SAGE,pair,default,2,45954,680548,0.8285571328066881,0.5000059476311872,0.1680731475353241,0.1842350959777832,4.4,14.809330940246582,14.0,28.0,67.0,0.027853941544890404,0.7721747756004333,2111,0.010140575357966662,0.8283777636739735,0.0058455519172925996,0.4990686040605036,0.013765583043109897,0.45478723404255317,0.5576086956521739,0.38398203592814373,0.10224089635854341,0.7934782608695652,0.05464071856287425,0.014858841010401188,1.0,0.0074850299401197605
yelp,net_rsr,0.1,2,2,SAGE,pair,default,2,45954,680548,0.8327596970011097,0.5119197774994888,0.13421030342578888,0.14522451162338257,4.4,14.809330940246582,14.0,28.0,67.0,0.027853941544890404,0.7721747756004333,2111,0.010140575357966662,0.8325779856725275,0.005228317990485219,0.5117143726515951,0.014483391655288148,0.45567375886524825,0.558695652173913,0.3847305389221557,0.11064425770308123,0.8586956521739131,0.05913173652694611,0.01337295690936107,0.9,0.006736526946107785
yelp,net_rsr,0.1,2,3,SAGE,pair,default,2,45954,680548,0.8215241487493445,0.495958944961395,0.14967350661754608,0.1614508032798767,4.4,14.809330940246582,14.0,28.0,67.0,0.027853941544890404,0.7721747756004333,2111,0.010140575357966662,0.8220134188807886,0.0052266094452879525,0.49855185588219086,0.012732100663604676,0.4423758865248227,0.5423913043478261,0.37350299401197606,0.1092436974789916,0.8478260869565217,0.058383233532934134,0.014858841010401188,1.0,0.0074850299401197605
yelp,net_rsr,0.1,3,1,GCN,layer,default,2,45954,680548,0.6865567490274035,0.3066342978460026,0.0036175400018692017,0.06928496807813644,7.4,14.809330940246582,14.0,28.0,65.0,0.02744048461318016,0.7713959813117981,2075,0.010140575357966662,0.6868312535498167,0.006922551646825953,0.3088547477570137,0.013093973308983573,0.30407801418439717,0.37282608695652175,0.25673652694610777,0.08123249299719888,0.6304347826086957,0.04341317365269461,0.008915304606240713,0.6,0.004491017964071856
yelp,net_rsr,0.1,3,2,GCN,layer,default,2,45954,680548,0.6870746795614474,0.3074166353513219,0.0038820854388177395,0.0769125372171402,7.5,14.809330940246582,14.0,28.0,65.0,0.02744048461318016,0.7713959813117981,2075,0.010140575357966662,0.6852608665183876,0.008045525119150519,0.30500003186043484,0.013710539709887531,0.31117021276595747,0.3815217391304348,0.26272455089820357,0.07142857142857142,0.5543478260869565,0.03817365269461078,0.01337295690936107,0.9,0.006736526946107785
yelp,net_rsr,0.1,3,3,GCN,layer,default,2,45954,680548,0.6864564214239546,0.3070828884946601,0.004099487327039242,0.07208462059497833,7.4,14.809330940246582,14.0,28.0,65.0,0.02744048461318016,0.7713959813117981,2075,0.010140575357966662,0.6873305950186065,0.0065723793547492766,0.3089413921022802,0.013309429240306045,0.3102836879432624,0.3804347826086957,0.2619760479041916,0.0700280112044818,0.5434782608695652,0.0374251497005988,0.007429420505200594,0.5,0.0037425149700598802
yelp,net_rsr,0.1,3,1,GCN,pair,default,2,45954,680548,0.667417234014659,0.2834231855710267,0.0021023117005825043,0.034650932997465134,8.0,14.809330940246582,14.0,28.0,65.0,0.02744048461318016,0.7713959813117981,2075,0.010140575357966662,0.667581547937961,0.00809496236484023,0.2853588022172784,0.012775142628189583,0.27570921985815605,0.33804347826086956,0.23278443113772454,0.07983193277310924,0.6195652173913043,0.04266467065868264,0.005943536404160475,0.4,0.0029940119760479044
yelp,net_rsr,0.1,3,2,GCN,pair,default,2,45954,680548,0.6659414749929875,0.27814295150619717,0.001992930192500353,0.034853141754865646,8.0,14.809330940246582,14.0,28.0,65.0,0.02744048461318016,0.7713959813117981,2075,0.010140575357966662,0.6640955560353474,0.007541898875913612,0.2766765743370403,0.011629048091227178,0.2774822695035461,0.3402173913043478,0.2342814371257485,0.07282913165266107,0.5652173913043478,0.038922155688622756,0.008915304606240713,0.6,0.004491017964071856
yelp,net_rsr,0.1,3,3,GCN,pair,default,2,45954,680548,0.6655557901508592,0.2875169277194767,0.0018015792593359947,0.02558726817369461,8.0,14.809330940246582,14.0,28.0,65.0,0.02744048461318016,0.7713959813117981,2075,0.010140575357966662,0.6664164919718051,0.007798490143263087,0.29067307778060913,0.012339537364741839,0.2765957446808511,0.3391304347826087,0.23353293413173654,0.07983193277310924,0.6195652173913043,0.04266467065868264,0.008915304606240713,0.6,0.004491017964071856
yelp,net_rsr,0.1,3,1,SAGE,layer,default,2,45954,680548,0.8354129952925108,0.5277964835708258,0.18707041442394257,0.24019430577754974,3.9,14.809330940246582,14.0,28.0,65.0,0.02744048461318016,0.7713959813117981,2075,0.010140575357966662,0.8355582437210934,0.0053845606110015905,0.5271596149767691,0.013528221203732357,0.48404255319148937,0.5934782608695652,0.4086826347305389,0.10644257703081232,0.8260869565217391,0.05688622754491018,0.014858841010401188,1.0,0.0074850299401197605
yelp,net_rsr,0.1,3,2,SAGE,layer,default,2,45954,680548,0.8455746666036561,0.5428199125648968,0.20550471544265747,0.27388113737106323,3.9,14.809330940246582,14.0,28.0,65.0,0.02744048461318016,0.7713959813117981,2075,0.010140575357966662,0.8454634272228664,0.00522672185607862,0.5408686112516817,0.015622681088102542,0.49024822695035464,0.6010869565217392,0.41392215568862273,0.11764705882352941,0.9130434782608695,0.06287425149700598,0.01188707280832095,0.8,0.005988023952095809
yelp,net_rsr,0.1,3,3,SAGE,layer,default,2,45954,680548,0.8365885337268436,0.5331331063539126,0.1593283861875534,0.2120979130268097,3.9,14.809330940246582,14.0,28.0,65.0,0.02744048461318016,0.7713959813117981,2075,0.010140575357966662,0.8368989184354392,0.005186633315419589,0.534699218077069,0.01405240025512618,0.47429078014184395,0.5815217391304348,0.4004491017964072,0.11624649859943978,0.9021739130434783,0.06212574850299401,0.014858841010401188,1.0,0.0074850299401197605
yelp,net_rsr,0.1,3,1,SAGE,pair,default,2,45954,680548,0.8264109510104028,0.5028037307102823,0.168814018368721,0.18478409945964813,4.4,14.809330940246582,14.0,28.0,65.0,0.02744048461318016,0.7713959813117981,2075,0.010140575357966662,0.8261431738315725,0.005937094399016839,0.5018553693631874,0.014403829237902094,0.44769503546099293,0.5489130434782609,0.37799401197604793,0.10644257703081232,0.8260869565217391,0.05688622754491018,0.014858841010401188,1.0,0.0074850299401197605
yelp,net_rsr,0.1,3,2,SAGE,pair,default,2,45954,680548,0.8356472359507056,0.5169737434331775,0.13379834592342377,0.14471495151519775,4.4,14.809330940246582,14.0,28.0,65.0,0.02744048461318016,0.7713959813117981,2075,0.010140575357966662,0.8354613227030561,0.0053839954195880725,0.5159765481038584,0.014077853666849114,0.4592198581560284,0.5630434782608695,0.38772455089820357,0.11204481792717087,0.8695652173913043,0.059880239520958084,0.014858841010401188,1.0,0.0074850299401197605
yelp,net_rsr,0.1,3,3,SAGE,pair,default,2,45954,680548,0.8202689103717209,0.49240115315461763,0.14889097213745117,0.1604161262512207,4.4,14.809330940246582,14.0,28.0,65.0,0.02744048461318016,0.7713959813117981,2075,0.010140575357966662,0.820691884313584,0.005219499817847134,0.494575704313281,0.013132886602709512,0.4423758865248227,0.5423913043478261,0.37350299401197606,0.11204481792717087,0.8695652173913043,0.059880239520958084,0.014858841010401188,1.0,0.0074850299401197605
yelp,net_rsr,0.2,1,1,GCN,layer,default,2,45954,1361098,0.6566882305907533,0.288372471485833,0.0008292243001051247,0.044695209711790085,13.3,29.61870574951172,29.0,54.0,124.0,0.01053227111697197,0.7726688385009766,1230,0.010140575357966662,0.6569376975628834,0.006788303017585557,0.2904040876325992,0.012138969048951358,0.2854609929078014,0.35,0.2410179640718563,0.0784313725490196,0.6086956521739131,0.041916167664670656,0.010401188707280832,0.7,0.005239520958083832
yelp,net_rsr,0.2,1,2,GCN,layer,default,2,45954,1361098,0.6661722856476457,0.29229699558607247,0.0010147809516638517,0.057391297072172165,13.2,29.61870574951172,29.0,54.0,124.0,0.01053227111697197,0.7726688385009766,1230,0.010140575357966662,0.6643777185786174,0.008890817419168414,0.290665497127417,0.013461121703053287,0.2854609929078014,0.35,0.2410179640718563,0.07983193277310924,0.6195652173913043,0.04266467065868264,0.01188707280832095,0.8,0.005988023952095809
yelp,net_rsr,0.2,1,3,GCN,layer,default,2,45954,1361098,0.6500159209330829,0.27079412074814885,0.000994803966023028,0.0494953878223896,13.2,29.61870574951172,29.0,54.0,124.0,0.01053227111697197,0.7726688385009766,1230,0.010140575357966662,0.6509357787445296,0.00810249783859876,0.27237612982359083,0.013206506236191795,0.26773049645390073,0.3282608695652174,0.22604790419161677,0.07142857142857142,0.5543478260869565,0.03817365269461078,0.007429420505200594,0.5,0.0037425149700598802
yelp,net_rsr,0.2,1,1,GCN,pair,default,2,45954,1361098,0.6470340568862275,0.2815237494681394,0.0009232263546437025,0.036863062530756,13.8,29.61870574951172,29.0,54.0,124.0,0.01053227111697197,0.7726688385009766,1230,0.010140575357966662,0.6473737189349145,0.007380772081788434,0.28335914594183564,0.011653275274462312,0.2695035460992908,0.33043478260869563,0.2275449101796407,0.07563025210084033,0.5869565217391305,0.040419161676646706,0.01188707280832095,0.8,0.005988023952095809
yelp,net_rsr,0.2,1,2,GCN,pair,default,2,45954,1361098,0.6406388152920228,0.2705021052259752,0.0008315080776810646,0.03537454083561897,13.8,29.61870574951172,29.0,54.0,124.0,0.01053227111697197,0.7726688385009766,1230,0.010140575357966662,0.6391848059213584,0.00813837218394578,0.2698489434030179,0.01235010549104692,0.2579787234042553,0.31630434782608696,0.21781437125748504,0.08123249299719888,0.6304347826086957,0.04341317365269461,0.008915304606240713,0.6,0.004491017964071856
yelp,net_rsr,0.2,1,3,GCN,pair,default,2,45954,1361098,0.6313234497146237,0.26278026195419135,0.0007425177027471364,0.02869737520813942,13.8,29.61870574951172,29.0,54.0,124.0,0.01053227111697197,0.7726688385009766,1230,0.010140575357966662,0.6321350802749722,0.008698694777879441,0.26496872240202246,0.013309557492025496,0.2473404255319149,0.3032608695652174,0.2088323353293413,0.08823529411764706,0.6847826086956522,0.04715568862275449,0.010401188707280832,0.7,0.005239520958083832
yelp,net_rsr,0.2,1,1,SAGE,layer,default,2,45954,1361098,0.8392260158908253,0.5350530325174158,0.19875188171863556,0.24694350361824036,6.3,29.61870574951172,29.0,54.0,124.0,0.01053227111697197,0.7726688385009766,1230,0.010140575357966662,0.8394414621248124,0.005252745056184329,0.5359692833313315,0.012922261972035222,0.4858156028368794,0.5956521739130435,0.4101796407185629,0.10504201680672269,0.8152173913043478,0.0561377245508982,0.014858841010401188,1.0,0.0074850299401197605
yelp,net_rsr,0.2,1,2,SAGE,layer,default,2,45954,1361098,0.849029394749198,0.5539055177558959,0.21598827838897705,0.27827024459838867,6.3,29.61870574951172,29.0,54.0,124.0,0.01053227111697197,0.7726688385009766,1230,0.010140575357966662,0.8492314980082791,0.005441839055894668,0.5532563870874343,0.016081963882855717,0.49556737588652483,0.6076086956521739,0.4184131736526946,0.1134453781512605,0.8804347826086957,0.06062874251497006,0.01188707280832095,0.8,0.005988023952095809
yelp,net_rsr,0.2,1,3,SAGE,layer,default,2,45954,1361098,0.8387557242947914,0.5426792658297401,0.1678650826215744,0.2160274237394333,6.3,29.61870574951172,29.0,54.0,124.0,0.01053227111697197,0.7726688385009766,1230,0.010140575357966662,0.8388921863595068,0.0053750180512762945,0.5447210892605454,0.013706255114697688,0.48936170212765956,0.6,0.41317365269461076,0.11904761904761904,0.9239130434782609,0.06362275449101797,0.014858841010401188,1.0,0.0074850299401197605
yelp,net_rsr,0.2,1,1,SAGE,pair,default,2,45954,1361098,0.8342935755271533,0.5123790761304997,0.17171502113342285,0.1862490028142929,6.8,29.61870574951172,29.0,54.0,124.0,0.01053227111697197,0.7726688385009766,1230,0.010140575357966662,0.8342118513624739,0.005768885856995383,0.5124467342659267,0.013605490573761618,0.4725177304964539,0.5793478260869566,0.39895209580838326,0.09943977591036414,0.7717391304347826,0.0531437125748503,0.014858841010401188,1.0,0.0074850299401197605
yelp,net_rsr,0.2,1,2,SAGE,pair,default,2,45954,1361098,0.8386188099869507,0.5276805348382514,0.13962161540985107,0.14904314279556274,6.8,29.61870574951172,29.0,54.0,124.0,0.01053227111697197,0.7726688385009766,1230,0.010140575357966662,0.8384215958273847,0.005305335832661772,0.5274159464111439,0.013787419304972034,0.4627659574468085,0.5673913043478261,0.3907185628742515,0.11484593837535013,0.8913043478260869,0.061377245508982034,0.014858841010401188,1.0,0.0074850299401197605
yelp,net_rsr,0.2,1,3,SAGE,pair,default,2,45954,1361098,0.823599300889057,0.5001966870332231,0.15293115377426147,0.16477957367897034,6.8,29.61870574951172,29.0,54.0,124.0,0.01053227111697197,0.7726688385009766,1230,0.010140575357966662,0.8239739811747095,0.005415711008466855,0.502767415073405,0.012959351934074843,0.45390070921985815,0.5565217391304348,0.38323353293413176,0.11064425770308123,0.8586956521739131,0.05913173652694611,0.014858841010401188,1.0,0.0074850299401197605
yelp,net_rsr,0.2,2,1,GCN,layer,default,2,45954,1361098,0.6526967068917156,0.28722524781728653,0.0008344155503436923,0.044311363250017166,13.2,29.61870574951172,29.0,55.0,120.0,0.01105453260242939,0.7715785503387451,1247,0.010140575357966662,0.6530840705571684,0.007594219825384236,0.28933717534381853,0.012576706390695178,0.28634751773049644,0.35108695652173916,0.24176646706586827,0.08263305322128851,0.6413043478260869,0.04416167664670659,0.008915304606240713,0.6,0.004491017964071856
yelp,net_rsr,0.2,2,2,GCN,layer,default,2,45954,1361098,0.6603737217520153,0.2834657142151819,0.0010178715456277132,0.05736522004008293,13.2,29.61870574951172,29.0,55.0,120.0,0.01105453260242939,0.7715785503387451,1247,0.010140575357966662,0.6585435510231403,0.009198711028782046,0.281801187882214,0.013031105314915666,0.28191489361702127,0.3456521739130435,0.23802395209580837,0.0742296918767507,0.5760869565217391,0.03967065868263473,0.010401188707280832,0.7,0.005239520958083832
yelp,net_rsr,0.2,2,3,GCN,layer,default,2,45954,1361098,0.65545333403966,0.29454964979572396,0.0009839225094765425,0.04899416118860245,13.2,29.61870574951172,29.0,55.0,120.0,0.01105453260242939,0.7715785503387451,1247,0.010140575357966662,0.6562614445561032,0.008105195058226334,0.2952965635936205,0.012449427720173413,0.27925531914893614,0.3423913043478261,0.23577844311377247,0.08543417366946779,0.6630434782608695,0.04565868263473054,0.01188707280832095,0.8,0.005988023952095809
yelp,net_rsr,0.2,2,1,GCN,pair,default,2,45954,1361098,0.6434733797425516,0.2683758953491598,0.0009084693156182766,0.03670552000403404,13.8,29.61870574951172,29.0,55.0,120.0,0.01105453260242939,0.7715785503387451,1247,0.010140575357966662,0.6436053209151664,0.00800531015072164,0.2697773294956176,0.011503442307480878,0.2553191489361702,0.3130434782608696,0.2155688622754491,0.07282913165266107,0.5652173913043478,0.038922155688622756,0.008915304606240713,0.6,0.004491017964071856
yelp,net_rsr,0.2,2,2,GCN,pair,default,2,45954,1361098,0.638268825764967,0.2653480807829885,0.0008491874905303121,0.03645525127649307,13.8,29.61870574951172,29.0,55.0,120.0,0.01105453260242939,0.7715785503387451,1247,0.010140575357966662,0.6365218276260662,0.00841954649879577,0.264270724882225,0.012017690888219038,0.25177304964539005,0.30869565217391304,0.2125748502994012,0.08543417366946779,0.6630434782608695,0.04565868263473054,0.007429420505200594,0.5,0.0037425149700598802
yelp,net_rsr,0.2,2,3,GCN,pair,default,2,45954,1361098,0.6368274144176007,0.2708715635880192,0.0007213556091301143,0.028272537514567375,13.8,29.61870574951172,29.0,55.0,120.0,0.01105453260242939,0.7715785503387451,1247,0.010140575357966662,0.6374122959738621,0.00832525325485324,0.27212067211116986,0.012567440890868767,0.2579787234042553,0.31630434782608696,0.21781437125748504,0.08823529411764706,0.6847826086956522,0.04715568862275449,0.01188707280832095,0.8,0.005988023952095809
yelp,net_rsr,0.2,2,1,SAGE,layer,default,2,45954,1361098,0.8395932168250059,0.540298599441949,0.18989013135433197,0.23750421404838562,6.3,29.61870574951172,29.0,55.0,120.0,0.01105453260242939,0.7715785503387451,1247,0.010140575357966662,0.8396166586405607,0.005464950097947935,0.5407789084750435,0.013144334737667667,0.48936170212765956,0.6,0.41317365269461076,0.11764705882352941,0.9130434782608695,0.06287425149700598,0.01337295690936107,0.9,0.006736526946107785
yelp,net_rsr,0.2,2,2,SAGE,layer,default,2,45954,1361098,0.8499919871306267,0.5607416328669907,0.22436130046844482,0.2870207726955414,6.3,29.61870574951172,29.0,55.0,120.0,0.01105453260242939,0.7715785503387451,1247,0.010140575357966662,0.8497416605647102,0.005463662904715742,0.5600320829973947,0.016537779748866468,0.499113475177305,0.6119565217391304,0.4214071856287425,0.1134453781512605,0.8804347826086957,0.06062874251497006,0.01337295690936107,0.9,0.006736526946107785
yelp,net_rsr,0.2,2,3,SAGE,layer,default,2,45954,1361098,0.8429114594131492,0.5549255304030514,0.1609296202659607,0.20788858830928802,6.3,29.61870574951172,29.0,55.0,120.0,0.01105453260242939,0.7715785503387451,1247,0.010140575357966662,0.8433821959889041,0.004957715568781132,0.5569391436080493,0.013253964921181171,0.4867021276595745,0.5967391304347827,0.41092814371257486,0.11764705882352941,0.9130434782608695,0.06287425149700598,0.014858841010401188,1.0,0.0074850299401197605
yelp,net_rsr,0.2,2,1,SAGE,pair,default,2,45954,1361098,0.8320106223398417,0.510653526702217,0.16941344738006592,0.18806107342243195,6.8,29.61870574951172,29.0,55.0,120.0,0.01105453260242939,0.7715785503387451,1247,0.010140575357966662,0.8318503646914839,0.005884715136847316,0.5098609360585656,0.013963346277435392,0.4627659574468085,0.5673913043478261,0.3907185628742515,0.10644257703081232,0.8260869565217391,0.05688622754491018,0.01337295690936107,0.9,0.006736526946107785
yelp,net_rsr,0.2,2,2,SAGE,pair,default,2,45954,1361098,0.8385665977108919,0.5262409803938881,0.13783501088619232,0.14899541437625885,6.8,29.61870574951172,29.0,55.0,120.0,0.01105453260242939,0.7715785503387451,1247,0.010140575357966662,0.8383409829454156,0.005276451539391718,0.5257457976782652,0.014331950090666108,0.4671985815602837,0.5728260869565217,0.3944610778443114,0.11624649859943978,0.9021739130434783,0.06212574850299401,0.01337295690936107,0.9,0.006736526946107785
yelp,net_rsr,0.2,2,3,SAGE,pair,default,2,45954,1361098,0.826171994097345,0.5099262913981243,0.15231956541538239,0.1646585911512375,6.8,29.61870574951172,29.0,55.0,120.0,0.01105453260242939,0.7715785503387451,1247,0.010140575357966662,0.8265418287708317,0.005111377016553931,0.5122914765716895,0.013154361836887979,0.4583333333333333,0.5619565217391305,0.3869760479041916,0.1092436974789916,0.8478260869565217,0.058383233532934134,0.014858841010401188,1.0,0.0074850299401197605
yelp,net_rsr,0.2,3,1,GCN,layer,default,2,45954,1361098,0.6485793211184555,0.28382237150743733,0.0008051842451095581,0.04264464229345322,13.2,29.61870574951172,29.0,54.0,117.0,0.010466989129781723,0.7719781994819641,1227,0.010140575357966662,0.6486248612966434,0.007057453826423988,0.286071013455841,0.012273148093147163,0.28102836879432624,0.34456521739130436,0.2372754491017964,0.08543417366946779,0.6630434782608695,0.04565868263473054,0.008915304606240713,0.6,0.004491017964071856
yelp,net_rsr,0.2,3,2,GCN,layer,default,2,45954,1361098,0.6562704847433443,0.2822389919659778,0.0010097784688696265,0.056932032108306885,13.2,29.61870574951172,29.0,54.0,117.0,0.010466989129781723,0.7719781994819641,1227,0.010140575357966662,0.653784376606353,0.008671626567405362,0.2799247213540346,0.013364313196420952,0.28191489361702127,0.3456521739130435,0.23802395209580837,0.07563025210084033,0.5869565217391305,0.040419161676646706,0.010401188707280832,0.7,0.005239520958083832
yelp,net_rsr,0.2,3,3,GCN,layer,default,2,45954,1361098,0.6477949460041221,0.28241188009084417,0.0009864629246294498,0.04916934296488762,13.3,29.61870574951172,29.0,54.0,117.0,0.010466989129781723,0.7719781994819641,1227,0.010140575357966662,0.6489167290813147,0.007852221832274263,0.2841502923907815,0.012944448506288274,0.27570921985815605,0.33804347826086956,0.23278443113772454,0.0700280112044818,0.5434782608695652,0.0374251497005988,0.01188707280832095,0.8,0.005988023952095809
yelp,net_rsr,0.2,3,1,GCN,pair,default,2,45954,1361098,0.6415324741301511,0.270214802538166,0.0009363938588649035,0.037486154586076736,13.8,29.61870574951172,29.0,54.0,117.0,0.010466989129781723,0.7719781994819641,1227,0.010140575357966662,0.6411086014600619,0.008544905573411926,0.2717325210487172,0.012038272692272225,0.25886524822695034,0.3173913043478261,0.218562874251497,0.07563025210084033,0.5869565217391305,0.040419161676646706,0.008915304606240713,0.6,0.004491017964071856
yelp,net_rsr,0.2,3,2,GCN,pair,default,2,45954,1361098,0.6371912806261204,0.2635379561506414,0.00085270288400352,0.0365406833589077,13.8,29.61870574951172,29.0,54.0,117.0,0.010466989129781723,0.7719781994819641,1227,0.010140575357966662,0.6351603096900749,0.008561089241215377,0.26182396072810393,0.01203226674596532,0.250886524822695,0.3076086956521739,0.2118263473053892,0.0784313725490196,0.6086956521739131,0.041916167664670656,0.008915304606240713,0.6,0.004491017964071856
yelp,net_rsr,0.2,3,3,GCN,pair,default,2,45954,1361098,0.6320844817493323,0.26940945554275564,0.0007342079188674688,0.028640588745474815,13.8,29.61870574951172,29.0,54.0,117.0,0.010466989129781723,0.7719781994819641,1227,0.010140575357966662,0.6331640213579258,0.008348948170801118,0.2719521414048225,0.012486370219848535,0.2632978723404255,0.32282608695652176,0.22230538922155688,0.08263305322128851,0.6413043478260869,0.04416167664670659,0.01188707280832095,0.8,0.005988023952095809
yelp,net_rsr,0.2,3,1,SAGE,layer,default,2,45954,1361098,0.8389208408539337,0.5341393362651105,0.19011035561561584,0.23557686805725098,6.3,29.61870574951172,29.0,54.0,117.0,0.010466989129781723,0.7719781994819641,1227,0.010140575357966662,0.8389665361082298,0.005351953560691035,0.5340887753688781,0.013541573702182582,0.4858156028368794,0.5956521739130435,0.4101796407185629,0.10644257703081232,0.8260869565217391,0.05688622754491018,0.014858841010401188,1.0,0.0074850299401197605
yelp,net_rsr,0.2,3,2,SAGE,layer,default,2,45954,1361098,0.8491837925472883,0.5624499800738185,0.21261872351169586,0.2718474864959717,6.3,29.61870574951172,29.0,54.0,117.0,0.010466989129781723,0.7719781994819641,1227,0.010140575357966662,0.8491777226736992,0.00522516875685974,0.5620434645352139,0.015414350888216837,0.5044326241134752,0.6184782608695653,0.4258982035928144,0.12044817927170869,0.9347826086956522,0.06437125748502993,0.01337295690936107,0.9,0.006736526946107785
yelp,net_rsr,0.2,3,3,SAGE,layer,default,2,45954,1361098,0.8406113562081539,0.5473794317827525,0.1688016802072525,0.21555405855178833,6.3,29.61870574951172,29.0,54.0,117.0,0.010466989129781723,0.7719781994819641,1227,0.010140575357966662,0.8409664489720057,0.0051972250776914294,0.5488664306769346,0.013904509528369129,0.4920212765957447,0.6032608695652174,0.4154191616766467,0.1134453781512605,0.8804347826086957,0.06062874251497006,0.01337295690936107,0.9,0.006736526946107785
yelp,net_rsr,0.2,3,1,SAGE,pair,default,2,45954,1361098,0.8312078109564984,0.5109626316171256,0.17393523454666138,0.1876813769340515,6.8,29.61870574951172,29.0,54.0,117.0,0.010466989129781723,0.7719781994819641,1227,0.010140575357966662,0.8310422232717387,0.006030791199477867,0.5105031210954941,0.014286031952553402,0.46365248226950356,0.5684782608695652,0.39146706586826346,0.10644257703081232,0.8260869565217391,0.05688622754491018,0.014858841010401188,1.0,0.0074850299401197605
yelp,net_rsr,0.2,3,2,SAGE,pair,default,2,45954,1361098,0.8386119023409393,0.5311511263860796,0.1407506763935089,0.14911116659641266,6.8,29.61870574951172,29.0,54.0,117.0,0.010466989129781723,0.7719781994819641,1227,0.010140575357966662,0.838144134945968,0.005271965755836345,0.53025888622797,0.014513854029758673,0.4654255319148936,0.5706521739130435,0.3929640718562874,0.11484593837535013,0.8913043478260869,0.061377245508982034,0.01337295690936107,0.9,0.006736526946107785
yelp,net_rsr,0.2,3,3,SAGE,pair,default,2,45954,1361098,0.8254649369794016,0.5064289431318744,0.15564562380313873,0.164638951420784,6.8,29.61870574951172,29.0,54.0,117.0,0.010466989129781723,0.7719781994819641,1227,0.010140575357966662,0.8259140594894623,0.0051982721525367535,0.5086170353407103,0.012981634064127119,0.45656028368794327,0.5597826086956522,0.38547904191616766,0.11064425770308123,0.8586956521739131,0.05913173652694611,0.014858841010401188,1.0,0.0074850299401197605
yelp,net_rsr,0.4,1,1,GCN,layer,default,2,45954,2722194,0.6192828986883667,0.262923550981503,0.00013121700612828135,0.033724263310432434,24.7,59.237369537353516,60.0,108.0,221.0,0.004047525580972433,0.7719427943229675,923,0.010140575357966662,0.6199691535637404,0.007672054281079695,0.26491347375681845,0.01136194862948872,0.2712765957446808,0.33260869565217394,0.22904191616766467,0.07563025210084033,0.5869565217391305,0.040419161676646706,0.010401188707280832,0.7,0.005239520958083832
yelp,net_rsr,0.4,1,2,GCN,layer,default,2,45954,2722194,0.6337844296132785,0.27082621168429055,0.0001685003808233887,0.04772043973207474,24.8,59.237369537353516,60.0,108.0,221.0,0.004047525580972433,0.7719427943229675,923,0.010140575357966662,0.6314256432210255,0.00904550859486159,0.26879719555733145,0.012921236056155999,0.2570921985815603,0.31521739130434784,0.21706586826347304,0.08823529411764706,0.6847826086956522,0.04715568862275449,0.008915304606240713,0.6,0.004491017964071856
yelp,net_rsr,0.4,1,3,GCN,layer,default,2,45954,2722194,0.6237411887020258,0.26295396827897327,0.00016877222515176982,0.04106937721371651,24.7,59.237369537353516,60.0,108.0,221.0,0.004047525580972433,0.7719427943229675,923,0.010140575357966662,0.6249627000629023,0.00808854031988486,0.26457254397154,0.012325107147391198,0.2579787234042553,0.31630434782608696,0.21781437125748504,0.08263305322128851,0.6413043478260869,0.04416167664670659,0.010401188707280832,0.7,0.005239520958083832
yelp,net_rsr,0.4,1,1,GCN,pair,default,2,45954,2722194,0.6150772856019123,0.2597159831479379,0.00023171532666310668,0.04105106368660927,25.3,59.237369537353516,60.0,108.0,221.0,0.004047525580972433,0.7719427943229675,923,0.010140575357966662,0.614873017661179,0.008109814280221015,0.26073064930311934,0.010961825099652099,0.2429078014184397,0.29782608695652174,0.20508982035928144,0.08263305322128851,0.6413043478260869,0.04416167664670659,0.01188707280832095,0.8,0.005988023952095809
yelp,net_rsr,0.4,1,2,GCN,pair,default,2,45954,2722194,0.6145095247387099,0.25684971821772873,0.00022283782891463488,0.03752639517188072,25.3,59.237369537353516,60.0,108.0,221.0,0.004047525580972433,0.7719427943229675,923,0.010140575357966662,0.6124125024026251,0.008758196945004713,0.2556943793393721,0.012440427965931226,0.2375886524822695,0.29130434782608694,0.20059880239520958,0.08263305322128851,0.6413043478260869,0.04416167664670659,0.010401188707280832,0.7,0.005239520958083832
yelp,net_rsr,0.4,1,3,GCN,pair,default,2,45954,2722194,0.6040617339658768,0.24930697436962318,0.00018380794790573418,0.034403424710035324,25.3,59.237369537353516,60.0,108.0,221.0,0.004047525580972433,0.7719427943229675,923,0.010140575357966662,0.6045007971617444,0.008868783175978388,0.2509115716204583,0.01169308314095958,0.22606382978723405,0.27717391304347827,0.19086826347305388,0.08403361344537816,0.6521739130434783,0.04491017964071856,0.008915304606240713,0.6,0.004491017964071856
yelp,net_rsr,0.4,1,1,SAGE,layer,default,2,45954,2722194,0.8428409537848947,0.5472589268992789,0.19871291518211365,0.2435435950756073,11.1,59.237369537353516,60.0,108.0,221.0,0.004047525580972433,0.7719427943229675,923,0.010140575357966662,0.8429409450762525,0.005239260688323411,0.5478452419523524,0.012694695350060714,0.49556737588652483,0.6076086956521739,0.4184131736526946,0.11064425770308123,0.8586956521739131,0.05913173652694611,0.014858841010401188,1.0,0.0074850299401197605
yelp,net_rsr,0.4,1,2,SAGE,layer,default,2,45954,2722194,0.8509662510518675,0.5686094635790722,0.21671782433986664,0.27592647075653076,11.1,59.237369537353516,60.0,108.0,221.0,0.004047525580972433,0.7719427943229675,923,0.010140575357966662,0.851103955175483,0.00550484027342368,0.5679217082346795,0.015830994956504727,0.5053191489361702,0.6195652173913043,0.42664670658682635,0.11624649859943978,0.9021739130434783,0.06212574850299401,0.01337295690936107,0.9,0.006736526946107785
yelp,net_rsr,0.4,1,3,SAGE,layer,default,2,45954,2722194,0.83919047724307,0.5500733315035301,0.16339978575706482,0.20673523843288422,11.1,59.237369537353516,60.0,108.0,221.0,0.004047525580972433,0.7719427943229675,923,0.010140575357966662,0.8394548041073044,0.005506063754902423,0.551390492610876,0.013754954635901512,0.49024822695035464,0.6010869565217392,0.41392215568862273,0.11624649859943978,0.9021739130434783,0.06212574850299401,0.014858841010401188,1.0,0.0074850299401197605
yelp,net_rsr,0.4,1,1,SAGE,pair,default,2,45954,2722194,0.835760187872727,0.5168084297343747,0.16846178472042084,0.18842293322086334,11.6,59.237369537353516,60.0,108.0,221.0,0.004047525580972433,0.7719427943229675,923,0.010140575357966662,0.8356964152284105,0.005805476875818199,0.5166598703388887,0.013307513032823,0.47429078014184395,0.5815217391304348,0.4004491017964072,0.10224089635854341,0.7934782608695652,0.05464071856287425,0.014858841010401188,1.0,0.0074850299401197605
yelp,net_rsr,0.4,1,2,SAGE,pair,default,2,45954,2722194,0.8427220469956218,0.5363107257908598,0.13661682605743408,0.1506461799144745,11.6,59.237369537353516,60.0,108.0,221.0,0.004047525580972433,0.7719427943229675,923,0.010140575357966662,0.8425223841182379,0.005234155625740794,0.5359607992999489,0.013955454434358194,0.4769503546099291,0.5847826086956521,0.4026946107784431,0.11624649859943978,0.9021739130434783,0.06212574850299401,0.014858841010401188,1.0,0.0074850299401197605
yelp,net_rsr,0.4,1,3,SAGE,pair,default,2,45954,2722194,0.8272491104857495,0.5074264203166189,0.15098929405212402,0.16669878363609314,11.6,59.237369537353516,60.0,108.0,221.0,0.004047525580972433,0.7719427943229675,923,0.010140575357966662,0.8276020524224709,0.005395501845977067,0.5096027950090455,0.013356531564673285,0.46099290780141844,0.5652173913043478,0.38922155688622756,0.11204481792717087,0.8695652173913043,0.059880239520958084,0.014858841010401188,1.0,0.0074850299401197605
yelp,net_rsr,0.4,2,1,GCN,layer,default,2,45954,2722194,0.6161469703159872,0.26656639521559194,0.00013724828022532165,0.033514123409986496,24.7,59.237369537353516,59.0,108.0,218.0,0.004091047681868076,0.7722065448760986,920,0.010140575357966662,0.6161160861835842,0.007438654257960591,0.26859590361874164,0.012054910039282388,0.25886524822695034,0.3173913043478261,0.218562874251497,0.08823529411764706,0.6847826086956522,0.04715568862275449,0.010401188707280832,0.7,0.005239520958083832
yelp,net_rsr,0.4,2,2,GCN,layer,default,2,45954,2722194,0.6361265503615986,0.271836819301087,0.0001780526654329151,0.04744532331824303,24.7,59.237369537353516,59.0,108.0,218.0,0.004091047681868076,0.7722065448760986,920,0.010140575357966662,0.6337572152838957,0.009230832471839869,0.26942890494726357,0.012819787691100804,0.26773049645390073,0.3282608695652174,0.22604790419161677,0.08683473389355742,0.6739130434782609,0.04640718562874251,0.010401188707280832,0.7,0.005239520958083832
yelp,net_rsr,0.4,2,3,GCN,layer,default,2,45954,2722194,0.626890598893862,0.26656793667658973,0.00016610539751127362,0.03974887728691101,24.7,59.237369537353516,59.0,108.0,218.0,0.004091047681868076,0.7722065448760986,920,0.010140575357966662,0.6278250299192069,0.008509546039001363,0.2678798754647332,0.012612148494450368,0.25975177304964536,0.3184782608695652,0.21931137724550898,0.08823529411764706,0.6847826086956522,0.04715568862275449,0.01188707280832095,0.8,0.005988023952095809
yelp,net_rsr,0.4,2,1,GCN,pair,default,2,45954,2722194,0.6151571284620169,0.2610372494322149,0.00023843262169975787,0.042298588901758194,25.3,59.237369537353516,59.0,108.0,218.0,0.004091047681868076,0.7722065448760986,920,0.010140575357966662,0.6148449470092571,0.008640494171272953,0.262170009878463,0.010831980347374436,0.23847517730496454,0.29239130434782606,0.20134730538922155,0.08263305322128851,0.6413043478260869,0.04416167664670659,0.014858841010401188,1.0,0.0074850299401197605
yelp,net_rsr,0.4,2,2,GCN,pair,default,2,45954,2722194,0.6192308293291218,0.2602396856253428,0.00022252426424529403,0.03794325888156891,25.2,59.237369537353516,59.0,108.0,218.0,0.004091047681868076,0.7722065448760986,920,0.010140575357966662,0.617071755883252,0.008305881566803681,0.2587335239567971,0.011786195925936905,0.24202127659574468,0.2967391304347826,0.20434131736526945,0.09103641456582633,0.7065217391304348,0.048652694610778445,0.010401188707280832,0.7,0.005239520958083832
yelp,net_rsr,0.4,2,3,GCN,pair,default,2,45954,2722194,0.6088514480712709,0.2459240345116041,0.00018792708578985184,0.034220438450574875,25.3,59.237369537353516,59.0,108.0,218.0,0.004091047681868076,0.7722065448760986,920,0.010140575357966662,0.6093212016791749,0.008703800799885222,0.24730056329440198,0.011840523025309949,0.22695035460992907,0.2782608695652174,0.19161676646706588,0.08403361344537816,0.6521739130434783,0.04491017964071856,0.008915304606240713,0.6,0.004491017964071856
yelp,net_rsr,0.4,2,1,SAGE,layer,default,2,45954,2722194,0.8443576822932546,0.5477143640377187,0.1987861543893814,0.2417929470539093,11.1,59.237369537353516,59.0,108.0,218.0,0.004091047681868076,0.7722065448760986,920,0.010140575357966662,0.8444999123504893,0.005283106832564973,0.5482154915860474,0.013533348506170885,0.49645390070921985,0.6086956521739131,0.41916167664670656,0.1134453781512605,0.8804347826086957,0.06062874251497006,0.014858841010401188,1.0,0.0074850299401197605
yelp,net_rsr,0.4,2,2,SAGE,layer,default,2,45954,2722194,0.8534277549788407,0.571564276062108,0.2256283164024353,0.28260737657546997,11.1,59.237369537353516,59.0,108.0,218.0,0.004091047681868076,0.7722065448760986,920,0.010140575357966662,0.8532758909853062,0.005388488987573931,0.5707587729747602,0.015688599342552477,0.5150709219858156,0.6315217391304347,0.43488023952095806,0.11904761904761904,0.9239130434782609,0.06362275449101797,0.01337295690936107,0.9,0.006736526946107785
yelp,net_rsr,0.4,2,3,SAGE,layer,default,2,45954,2722194,0.8452106098393843,0.5637881191958735,0.17028798162937164,0.21186384558677673,11.1,59.237369537353516,59.0,108.0,218.0,0.004091047681868076,0.7722065448760986,920,0.010140575357966662,0.8456253590957111,0.005221206993204904,0.5660768193283365,0.013876488409239406,0.49556737588652483,0.6076086956521739,0.4184131736526946,0.11624649859943978,0.9021739130434783,0.06212574850299401,0.014858841010401188,1.0,0.0074850299401197605
yelp,net_rsr,0.4,2,1,SAGE,pair,default,2,45954,2722194,0.8367088696842567,0.5204237334893145,0.17492827773094177,0.18993735313415527,11.6,59.237369537353516,59.0,108.0,218.0,0.004091047681868076,0.7722065448760986,920,0.010140575357966662,0.8366944662734807,0.005787277625304245,0.5198941714953859,0.013518469288459579,0.47074468085106386,0.5771739130434783,0.39745508982035926,0.10504201680672269,0.8152173913043478,0.0561377245508982,0.01337295690936107,0.9,0.006736526946107785
yelp,net_rsr,0.4,2,2,SAGE,pair,default,2,45954,2722194,0.8436571993487565,0.5385537472011154,0.1435658037662506,0.15184246003627777,11.6,59.237369537353516,59.0,108.0,218.0,0.004091047681868076,0.7722065448760986,920,0.010140575357966662,0.8433066221544538,0.005200724774875995,0.537881311342685,0.013955320731599602,0.4734042553191489,0.5804347826086956,0.3997005988023952,0.11904761904761904,0.9239130434782609,0.06362275449101797,0.014858841010401188,1.0,0.0074850299401197605
yelp,net_rsr,0.4,2,3,SAGE,pair,default,2,45954,2722194,0.8306807337463565,0.5139974430689204,0.15789921581745148,0.16766715049743652,11.6,59.237369537353516,59.0,108.0,218.0,0.004091047681868076,0.7722065448760986,920,0.010140575357966662,0.8311035621279477,0.0051390546093134145,0.5167035646856494,0.0135541004773426,0.4592198581560284,0.5630434782608695,0.38772455089820357,0.11204481792717087,0.8695652173913043,0.059880239520958084,0.014858841010401188,1.0,0.0074850299401197605
yelp,net_rsr,0.4,3,1,GCN,layer,default,2,45954,2722194,0.6184042937546494,0.2648806975076718,0.00012682087253779173,0.03249392285943031,24.7,59.237369537353516,60.0,107.0,218.0,0.003851677756756544,0.7722219824790955,908,0.010140575357966662,0.6187051394815617,0.0071868192756884795,0.2667710050022667,0.01143007624645593,0.2632978723404255,0.32282608695652176,0.22230538922155688,0.08403361344537816,0.6521739130434783,0.04491017964071856,0.008915304606240713,0.6,0.004491017964071856
yelp,net_rsr,0.4,3,2,GCN,layer,default,2,45954,2722194,0.6334200393764406,0.26500610516300427,0.00016456986486446112,0.046586550772190094,24.7,59.237369537353516,60.0,107.0,218.0,0.003851677756756544,0.7722219824790955,908,0.010140575357966662,0.6310620536036206,0.008364765157301907,0.2633205559265815,0.012327354723012057,0.2624113475177305,0.3217391304347826,0.2215568862275449,0.07983193277310924,0.6195652173913043,0.04266467065868264,0.01188707280832095,0.8,0.005988023952095809
yelp,net_rsr,0.4,3,3,GCN,layer,default,2,45954,2722194,0.6241414986981231,0.2613604514935903,0.00016478152247145772,0.04032403603196144,24.7,59.237369537353516,60.0,107.0,218.0,0.003851677756756544,0.7722219824790955,908,0.010140575357966662,0.6250460498337459,0.008346060158327366,0.2629908747733038,0.012440464273726139,0.2632978723404255,0.32282608695652176,0.22230538922155688,0.07703081232492998,0.5978260869565217,0.04116766467065868,0.010401188707280832,0.7,0.005239520958083832
yelp,net_rsr,0.4,3,1,GCN,pair,default,2,45954,2722194,0.6142110191531398,0.2572233471572915,0.00022426180657930672,0.04135676100850105,25.2,59.237369537353516,60.0,107.0,218.0,0.003851677756756544,0.7722219824790955,908,0.010140575357966662,0.6139377991565388,0.00855214316863637,0.2578065256555841,0.011447717998605547,0.2429078014184397,0.29782608695652174,0.20508982035928144,0.07983193277310924,0.6195652173913043,0.04266467065868264,0.01337295690936107,0.9,0.006736526946107785
yelp,net_rsr,0.4,3,2,GCN,pair,default,2,45954,2722194,0.6142007767814677,0.2500650360258637,0.00021578652376774698,0.037703923881053925,25.3,59.237369537353516,60.0,107.0,218.0,0.003851677756756544,0.7722219824790955,908,0.010140575357966662,0.6121477496626749,0.008439218465449703,0.24877770701721227,0.011314907871155414,0.2375886524822695,0.29130434782608694,0.20059880239520958,0.08543417366946779,0.6630434782608695,0.04565868263473054,0.01188707280832095,0.8,0.005988023952095809
yelp,net_rsr,0.4,3,3,GCN,pair,default,2,45954,2722194,0.6045370276504018,0.24816355130877352,0.00018218933837488294,0.034651365131139755,25.2,59.237369537353516,60.0,107.0,218.0,0.003851677756756544,0.7722219824790955,908,0.010140575357966662,0.6049980463288782,0.008586104033926258,0.24981952975468066,0.011811199598353167,0.22429078014184398,0.275,0.18937125748502995,0.08823529411764706,0.6847826086956522,0.04715568862275449,0.01337295690936107,0.9,0.006736526946107785
yelp,net_rsr,0.4,3,1,SAGE,layer,default,2,45954,2722194,0.8446258895142505,0.545605312520473,0.2017671763896942,0.24656997621059418,11.1,59.237369537353516,60.0,107.0,218.0,0.003851677756756544,0.7722219824790955,908,0.010140575357966662,0.844728942957625,0.005232653352990372,0.5456912281904416,0.012937404117933043,0.5,0.6130434782608696,0.4221556886227545,0.10784313725490197,0.8369565217391305,0.05763473053892216,0.014858841010401188,1.0,0.0074850299401197605
yelp,net_rsr,0.4,3,2,SAGE,layer,default,2,45954,2722194,0.8510027424783834,0.5692052175721547,0.2195037603378296,0.2776053547859192,11.1,59.237369537353516,60.0,107.0,218.0,0.003851677756756544,0.7722219824790955,908,0.010140575357966662,0.8509914889278589,0.00537875612825166,0.5690794850081093,0.014868159892390782,0.5079787234042553,0.6228260869565218,0.42889221556886226,0.12044817927170869,0.9347826086956522,0.06437125748502993,0.014858841010401188,1.0,0.0074850299401197605
yelp,net_rsr,0.4,3,3,SAGE,layer,default,2,45954,2722194,0.8405466625303365,0.5524486908006926,0.1710461974143982,0.21426896750926971,11.1,59.237369537353516,60.0,107.0,218.0,0.003851677756756544,0.7722219824790955,908,0.010140575357966662,0.8410594209502013,0.0053174832057103,0.5554408906055809,0.01415541928815186,0.48936170212765956,0.6,0.41317365269461076,0.1134453781512605,0.8804347826086957,0.06062874251497006,0.014858841010401188,1.0,0.0074850299401197605
yelp,net_rsr,0.4,3,1,SAGE,pair,default,2,45954,2722194,0.835856132693879,0.5218802817759637,0.17241385579109192,0.18879388272762299,11.6,59.237369537353516,60.0,107.0,218.0,0.003851677756756544,0.7722219824790955,908,0.010140575357966662,0.8357204641791671,0.005949000245172685,0.5214048007178274,0.013527994985407276,0.4698581560283688,0.5760869565217391,0.3967065868263473,0.11204481792717087,0.8695652173913043,0.059880239520958084,0.014858841010401188,1.0,0.0074850299401197605
yelp,net_rsr,0.4,3,2,SAGE,pair,default,2,45954,2722194,0.841297213998683,0.5385525915428205,0.14033672213554382,0.15149176120758057,11.6,59.237369537353516,60.0,107.0,218.0,0.003851677756756544,0.7722219824790955,908,0.010140575357966662,0.8409976396005194,0.005191509648826992,0.5379080268703501,0.013917381537057317,0.47429078014184395,0.5815217391304348,0.4004491017964072,0.11624649859943978,0.9021739130434783,0.06212574850299401,0.014858841010401188,1.0,0.0074850299401197605
yelp,net_rsr,0.4,3,3,SAGE,pair,default,2,45954,2722194,0.826882338302011,0.5109187096677854,0.15603449940681458,0.1669134795665741,11.6,59.237369537353516,60.0,107.0,218.0,0.003851677756756544,0.7722219824790955,908,0.010140575357966662,0.8272956805036469,0.005261650501147103,0.5136218189139538,0.013397578911743688,0.46187943262411346,0.566304347826087,0.38997005988023953,0.11064425770308123,0.8586956521739131,0.05913173652694611,0.014858841010401188,1.0,0.0074850299401197605
yelp,net_rsr,0.6,1,1,GCN,layer,default,2,45954,4083292,0.6069883368446406,0.25364021671771864,2.6412888473714702e-05,0.03015902079641819,36.2,88.85607147216797,90.0,161.0,307.0,0.0023501762188971043,0.7718766927719116,851,0.010140575357966662,0.6078228144839491,0.0076394493991252446,0.2559858879682432,0.011453323665220035,0.24911347517730498,0.30543478260869567,0.21032934131736528,0.0784313725490196,0.6086956521739131,0.041916167664670656,0.01188707280832095,0.8,0.005988023952095809
yelp,net_rsr,0.6,1,2,GCN,layer,default,2,45954,4083292,0.6255128331676769,0.26072536050985173,3.3675532904453576e-05,0.04370514675974846,36.2,88.85607147216797,90.0,161.0,307.0,0.0023501762188971043,0.7718766927719116,851,0.010140575357966662,0.6232205254100779,0.009078683021255201,0.2589643081956204,0.012502715690250436,0.25177304964539005,0.30869565217391304,0.2125748502994012,0.08263305322128851,0.6413043478260869,0.04416167664670659,0.008915304606240713,0.6,0.004491017964071856
yelp,net_rsr,0.6,1,3,GCN,layer,default,2,45954,4083292,0.6152585993999781,0.25822595191055187,3.3068165066652e-05,0.037261877208948135,36.2,88.85607147216797,90.0,161.0,307.0,0.0023501762188971043,0.7718766927719116,851,0.010140575357966662,0.6163489838619133,0.008031716143158337,0.25984704081156623,0.011901511316860226,0.25,0.3065217391304348,0.21107784431137724,0.08683473389355742,0.6739130434782609,0.04640718562874251,0.01188707280832095,0.8,0.005988023952095809
yelp,net_rsr,0.6,1,1,GCN,pair,default,2,45954,4083292,0.5984165198117004,0.2502013390587955,6.878749263705686e-05,0.04366317763924599,36.7,88.85607147216797,90.0,161.0,307.0,0.0023501762188971043,0.7718766927719116,851,0.010140575357966662,0.5985666358383598,0.00847760318459935,0.2516782067900468,0.010902047000366672,0.23315602836879432,0.2858695652173913,0.1968562874251497,0.08543417366946779,0.6630434782608695,0.04565868263473054,0.01337295690936107,0.9,0.006736526946107785
yelp,net_rsr,0.6,1,2,GCN,pair,default,2,45954,4083292,0.6018717719855605,0.25229260504330325,6.74894472467713e-05,0.04004383832216263,36.7,88.85607147216797,90.0,161.0,307.0,0.0023501762188971043,0.7718766927719116,851,0.010140575357966662,0.5996791066228604,0.009426361467087406,0.2509804462819201,0.012608292803932077,0.22872340425531915,0.28043478260869564,0.19311377245508982,0.0896358543417367,0.6956521739130435,0.04790419161676647,0.01188707280832095,0.8,0.005988023952095809
yelp,net_rsr,0.6,1,3,GCN,pair,default,2,45954,4083292,0.5930258881422491,0.24114354173179584,5.565514584304765e-05,0.03788580372929573,36.7,88.85607147216797,90.0,161.0,307.0,0.0023501762188971043,0.7718766927719116,851,0.010140575357966662,0.5931568561986039,0.008579876472451713,0.2425695508132383,0.011765706093762611,0.21897163120567376,0.2684782608695652,0.18488023952095808,0.08823529411764706,0.6847826086956522,0.04715568862275449,0.008915304606240713,0.6,0.004491017964071856
yelp,net_rsr,0.6,1,1,SAGE,layer,default,2,45954,4083292,0.8459856953608058,0.5516081136714451,0.19779634475708008,0.24069972336292267,15.8,88.85607147216797,90.0,161.0,307.0,0.0023501762188971043,0.7718766927719116,851,0.010140575357966662,0.8460815976018702,0.005172146265165403,0.5517143860657303,0.012649288890247806,0.5062056737588653,0.6206521739130435,0.4273952095808383,0.11484593837535013,0.8913043478260869,0.061377245508982034,0.014858841010401188,1.0,0.0074850299401197605
yelp,net_rsr,0.6,1,2,SAGE,layer,default,2,45954,4083292,0.8521367397587718,0.5746339732367923,0.2183055430650711,0.27463600039482117,15.8,88.85607147216797,90.0,161.0,307.0,0.0023501762188971043,0.7718766927719116,851,0.010140575357966662,0.8521754511408889,0.005543306852662323,0.5738371222270385,0.015684858906149495,0.5088652482269503,0.6239130434782608,0.4296407185628742,0.12044817927170869,0.9347826086956522,0.06437125748502993,0.01337295690936107,0.9,0.006736526946107785
yelp,net_rsr,0.6,1,3,SAGE,layer,default,2,45954,4083292,0.8434397752356794,0.5587248813614653,0.1767418086528778,0.21993692219257355,15.9,88.85607147216797,90.0,161.0,307.0,0.0023501762188971043,0.7718766927719116,851,0.010140575357966662,0.843786927626997,0.005400893742889209,0.5607947162629441,0.013936933938873257,0.49822695035460995,0.6108695652173913,0.42065868263473055,0.11904761904761904,0.9239130434782609,0.06362275449101797,0.014858841010401188,1.0,0.0074850299401197605
yelp,net_rsr,0.6,1,1,SAGE,pair,default,2,45954,4083292,0.838495139303877,0.5232938755110899,0.17199622094631195,0.19024918973445892,16.3,88.85607147216797,90.0,161.0,307.0,0.0023501762188971043,0.7718766927719116,851,0.010140575357966662,0.8385394125086039,0.005735825844697606,0.5232721262837654,0.012977937963099317,0.4796099290780142,0.5880434782608696,0.40494011976047906,0.10784313725490197,0.8369565217391305,0.05763473053892216,0.01337295690936107,0.9,0.006736526946107785
yelp,net_rsr,0.6,1,2,SAGE,pair,default,2,45954,4083292,0.844522036629389,0.545506425948341,0.1405448466539383,0.15267187356948853,16.4,88.85607147216797,90.0,161.0,307.0,0.0023501762188971043,0.7718766927719116,851,0.010140575357966662,0.8441474548603969,0.005353420258472596,0.5447749809877367,0.014042700876198869,0.4858156028368794,0.5956521739130435,0.4101796407185629,0.11764705882352941,0.9130434782608695,0.06287425149700598,0.014858841010401188,1.0,0.0074850299401197605
yelp,net_rsr,0.6,1,3,SAGE,pair,default,2,45954,4083292,0.8296893674463699,0.5138930669283815,0.15483185648918152,0.168317511677742,16.3,88.85607147216797,90.0,161.0,307.0,0.0023501762188971043,0.7718766927719116,851,0.010140575357966662,0.8300884694230249,0.005270323859559124,0.5165107094542439,0.013593395573990735,0.4645390070921986,0.5695652173913044,0.39221556886227543,0.11064425770308123,0.8586956521739131,0.05913173652694611,0.01337295690936107,0.9,0.006736526946107785
yelp,net_rsr,0.6,2,1,GCN,layer,default,2,45954,4083292,0.6032078536409868,0.25479118074313617,2.6095989596797153e-05,0.029888298362493515,36.2,88.85607147216797,90.0,161.0,311.0,0.0024372197221964598,0.7720506191253662,851,0.010140575357966662,0.6035520338471705,0.007331379744016364,0.256547305804016,0.01131239001144936,0.2526595744680851,0.30978260869565216,0.21332335329341318,0.08403361344537816,0.6521739130434783,0.04491017964071856,0.010401188707280832,0.7,0.005239520958083832
yelp,net_rsr,0.6,2,2,GCN,layer,default,2,45954,4083292,0.6211248582265205,0.2586415003688927,3.3290369174210355e-05,0.04279785603284836,37.1,88.85607147216797,90.0,161.0,311.0,0.0024372197221964598,0.7720506191253662,851,0.010140575357966662,0.6186549066547505,0.00894851107254085,0.2564844982304706,0.012493218717432445,0.25975177304964536,0.3184782608695652,0.21931137724550898,0.08543417366946779,0.6630434782608695,0.04565868263473054,0.010401188707280832,0.7,0.005239520958083832
yelp,net_rsr,0.6,2,3,GCN,layer,default,2,45954,4083292,0.6119821361604694,0.257164187593422,3.261517485952936e-05,0.03674778342247009,36.3,88.85607147216797,90.0,161.0,311.0,0.0024372197221964598,0.7720506191253662,851,0.010140575357966662,0.6131842576069954,0.009050494771860767,0.2588237263724035,0.012620705164724308,0.2579787234042553,0.31630434782608696,0.21781437125748504,0.09103641456582633,0.7065217391304348,0.048652694610778445,0.01337295690936107,0.9,0.006736526946107785
yelp,net_rsr,0.6,2,1,GCN,pair,default,2,45954,4083292,0.6009935005244095,0.2524408797228076,6.646608380833641e-05,0.04406217485666275,37.2,88.85607147216797,90.0,161.0,311.0,0.0024372197221964598,0.7720506191253662,851,0.010140575357966662,0.6007409447456963,0.00876555243054283,0.2531329730866638,0.011223355928703896,0.23315602836879432,0.2858695652173913,0.1968562874251497,0.08263305322128851,0.6413043478260869,0.04416167664670659,0.014858841010401188,1.0,0.0074850299401197605
yelp,net_rsr,0.6,2,2,GCN,pair,default,2,45954,4083292,0.604609629391929,0.25413854814732895,6.380864215316251e-05,0.039808161556720734,37.2,88.85607147216797,90.0,161.0,311.0,0.0024372197221964598,0.7720506191253662,851,0.010140575357966662,0.6023360937469314,0.009019241480766467,0.2523319813369127,0.011798610899887207,0.23581560283687944,0.2891304347826087,0.19910179640718562,0.0896358543417367,0.6956521739130435,0.04790419161676647,0.01188707280832095,0.8,0.005988023952095809
yelp,net_rsr,0.6,2,3,GCN,pair,default,2,45954,4083292,0.5948271163884045,0.24193667027946913,5.4854823247296736e-05,0.03749643638730049,37.2,88.85607147216797,90.0,161.0,311.0,0.0024372197221964598,0.7720506191253662,851,0.010140575357966662,0.5951293412899851,0.008756982454276458,0.243102065570414,0.011682916156364591,0.21719858156028368,0.266304347826087,0.18338323353293412,0.08823529411764706,0.6847826086956522,0.04715568862275449,0.01188707280832095,0.8,0.005988023952095809
yelp,net_rsr,0.6,2,1,SAGE,layer,default,2,45954,4083292,0.8452963122888643,0.5488212991740559,0.20008119940757751,0.24274829030036926,16.1,88.85607147216797,90.0,161.0,311.0,0.0024372197221964598,0.7720506191253662,851,0.010140575357966662,0.8453563333727842,0.005347686884252823,0.549575134985657,0.013757817284927002,0.49556737588652483,0.6076086956521739,0.4184131736526946,0.1092436974789916,0.8478260869565217,0.058383233532934134,0.014858841010401188,1.0,0.0074850299401197605
yelp,net_rsr,0.6,2,2,SAGE,layer,default,2,45954,4083292,0.8516858848494457,0.5708819597448473,0.22113266587257385,0.27746036648750305,16.1,88.85607147216797,90.0,161.0,311.0,0.0024372197221964598,0.7720506191253662,851,0.010140575357966662,0.851687368670706,0.0053912133804433285,0.5698638353291059,0.015255564379876905,0.5044326241134752,0.6184782608695653,0.4258982035928144,0.11764705882352941,0.9130434782608695,0.06287425149700598,0.014858841010401188,1.0,0.0074850299401197605
yelp,net_rsr,0.6,2,3,SAGE,layer,default,2,45954,4083292,0.844906625775943,0.5658927117699707,0.17286767065525055,0.21378497779369354,16.1,88.85607147216797,90.0,161.0,311.0,0.0024372197221964598,0.7720506191253662,851,0.010140575357966662,0.8452055789920487,0.0052262282850350054,0.5680342759881433,0.013608402680694265,0.4920212765957447,0.6032608695652174,0.4154191616766467,0.11904761904761904,0.9239130434782609,0.06362275449101797,0.014858841010401188,1.0,0.0074850299401197605
yelp,net_rsr,0.6,2,1,SAGE,pair,default,2,45954,4083292,0.8382457971023329,0.5240470884132592,0.17237016558647156,0.19125816226005554,16.6,88.85607147216797,90.0,161.0,311.0,0.0024372197221964598,0.7720506191253662,851,0.010140575357966662,0.8382113887661896,0.00575813050493827,0.5238355075501872,0.013475540673773422,0.4769503546099291,0.5847826086956521,0.4026946107784431,0.10644257703081232,0.8260869565217391,0.05688622754491018,0.01337295690936107,0.9,0.006736526946107785
yelp,net_rsr,0.6,2,2,SAGE,pair,default,2,45954,4083292,0.8447260265619472,0.5426195869061035,0.1402958184480667,0.15327036380767822,16.6,88.85607147216797,90.0,161.0,311.0,0.0024372197221964598,0.7720506191253662,851,0.010140575357966662,0.8444073422521197,0.005190093901732862,0.5420370432635544,0.013870703083343632,0.4769503546099291,0.5847826086956521,0.4026946107784431,0.11624649859943978,0.9021739130434783,0.06212574850299401,0.014858841010401188,1.0,0.0074850299401197605
yelp,net_rsr,0.6,2,3,SAGE,pair,default,2,45954,4083292,0.8311010044574801,0.5157316993109707,0.15465374290943146,0.16848085820674896,16.6,88.85607147216797,90.0,161.0,311.0,0.0024372197221964598,0.7720506191253662,851,0.010140575357966662,0.8313678379737123,0.005186100899228153,0.5183242541695703,0.013430640222224302,0.46187943262411346,0.566304347826087,0.38997005988023953,0.11204481792717087,0.8695652173913043,0.059880239520958084,0.014858841010401188,1.0,0.0074850299401197605
yelp,net_rsr,0.6,3,1,GCN,layer,default,2,45954,4083292,0.606817455973999,0.258637779065404,2.78350507869618e-05,0.02960473671555519,36.7,88.85607147216797,91.0,160.0,309.0,0.002371937269344926,0.772182822227478,845,0.010140575357966662,0.6072518638607906,0.007164560654084018,0.26036467951411646,0.011754719528181187,0.25443262411347517,0.3119565217391304,0.2148203592814371,0.08403361344537816,0.6521739130434783,0.04491017964071856,0.01188707280832095,0.8,0.005988023952095809
yelp,net_rsr,0.6,3,2,GCN,layer,default,2,45954,4083292,0.6214378460492457,0.26096525667519,3.5695014958037063e-05,0.042961400002241135,36.7,88.85607147216797,91.0,160.0,309.0,0.002371937269344926,0.772182822227478,845,0.010140575357966662,0.6191296000953104,0.008740017301025124,0.25899205356840066,0.011996387279161464,0.25886524822695034,0.3173913043478261,0.218562874251497,0.08403361344537816,0.6521739130434783,0.04491017964071856,0.01188707280832095,0.8,0.005988023952095809
yelp,net_rsr,0.6,3,3,GCN,layer,default,2,45954,4083292,0.6183884776272303,0.25460262121424265,3.431686491239816e-05,0.03700951859354973,36.6,88.85607147216797,91.0,160.0,309.0,0.002371937269344926,0.772182822227478,845,0.010140575357966662,0.6192856238613882,0.008780535518205625,0.25665360378321245,0.012241729773212157,0.25443262411347517,0.3119565217391304,0.2148203592814371,0.07983193277310924,0.6195652173913043,0.04266467065868264,0.01188707280832095,0.8,0.005988023952095809
yelp,net_rsr,0.6,3,1,GCN,pair,default,2,45954,4083292,0.6006112933247558,0.2525870965594192,6.758100789738819e-05,0.043734047561883926,37.1,88.85607147216797,91.0,160.0,309.0,0.002371937269344926,0.772182822227478,845,0.010140575357966662,0.600287219334989,0.00879364144332102,0.2531456690711953,0.011611035163851416,0.23581560283687944,0.2891304347826087,0.19910179640718562,0.08263305322128851,0.6413043478260869,0.04416167664670659,0.01337295690936107,0.9,0.006736526946107785
yelp,net_rsr,0.6,3,2,GCN,pair,default,2,45954,4083292,0.6022289211038209,0.2503825798885216,6.581456545973197e-05,0.03935818746685982,37.1,88.85607147216797,91.0,160.0,309.0,0.002371937269344926,0.772182822227478,845,0.010140575357966662,0.6000233496035938,0.009044111072678777,0.249035689855218,0.01189337956011635,0.2296099290780142,0.28152173913043477,0.19386227544910178,0.0896358543417367,0.6956521739130435,0.04790419161676647,0.010401188707280832,0.7,0.005239520958083832
yelp,net_rsr,0.6,3,3,GCN,pair,default,2,45954,4083292,0.5946707653938559,0.23978921591347338,5.531526039703749e-05,0.037827033549547195,37.2,88.85607147216797,91.0,160.0,309.0,0.002371937269344926,0.772182822227478,845,0.010140575357966662,0.5948287426311513,0.008625783594843272,0.24124377943499506,0.011676362223251692,0.21187943262411346,0.2597826086956522,0.17889221556886228,0.08683473389355742,0.6739130434782609,0.04640718562874251,0.010401188707280832,0.7,0.005239520958083832
yelp,net_rsr,0.6,3,1,SAGE,layer,default,2,45954,4083292,0.847780635267144,0.5550944369836351,0.20274877548217773,0.24688805639743805,16.1,88.85607147216797,91.0,160.0,309.0,0.002371937269344926,0.772182822227478,845,0.010140575357966662,0.8478014236739526,0.005252941684358262,0.5551656207371064,0.01280141688146765,0.4973404255319149,0.6097826086956522,0.4199101796407186,0.1092436974789916,0.8478260869565217,0.058383233532934134,0.014858841010401188,1.0,0.0074850299401197605
yelp,net_rsr,0.6,3,2,SAGE,layer,default,2,45954,4083292,0.8512977227825407,0.5745176859960763,0.21871259808540344,0.2749127447605133,16.2,88.85607147216797,91.0,160.0,309.0,0.002371937269344926,0.772182822227478,845,0.010140575357966662,0.8512363471195471,0.005457534945476482,0.5741050204747864,0.015167318626630372,0.5070921985815603,0.6217391304347826,0.4281437125748503,0.12184873949579832,0.9456521739130435,0.06511976047904192,0.01337295690936107,0.9,0.006736526946107785
yelp,net_rsr,0.6,3,3,SAGE,layer,default,2,45954,4083292,0.8441942330969427,0.56131560699697,0.17613708972930908,0.21885830163955688,16.1,88.85607147216797,91.0,160.0,309.0,0.002371937269344926,0.772182822227478,845,0.010140575357966662,0.8445299909445613,0.005405463929973557,0.5638290602032798,0.014369525281862803,0.4973404255319149,0.6097826086956522,0.4199101796407186,0.11764705882352941,0.9130434782608695,0.06287425149700598,0.014858841010401188,1.0,0.0074850299401197605
yelp,net_rsr,0.6,3,1,SAGE,pair,default,2,45954,4083292,0.8393077643084506,0.5274522151467697,0.16988538205623627,0.1904214471578598,16.6,88.85607147216797,91.0,160.0,309.0,0.002371937269344926,0.772182822227478,845,0.010140575357966662,0.8391494935267736,0.00580544564774855,0.5269391107748195,0.013386908931501039,0.4796099290780142,0.5880434782608696,0.40494011976047906,0.10784313725490197,0.8369565217391305,0.05763473053892216,0.014858841010401188,1.0,0.0074850299401197605
yelp,net_rsr,0.6,3,2,SAGE,pair,default,2,45954,4083292,0.8443159029446199,0.5453609305414051,0.13861598074436188,0.15343284606933594,16.6,88.85607147216797,91.0,160.0,309.0,0.002371937269344926,0.772182822227478,845,0.010140575357966662,0.8438931908431216,0.00525781218416131,0.5446198132408484,0.013947787077325843,0.48226950354609927,0.591304347826087,0.40718562874251496,0.11484593837535013,0.8913043478260869,0.061377245508982034,0.014858841010401188,1.0,0.0074850299401197605
yelp,net_rsr,0.6,3,3,SAGE,pair,default,2,45954,4083292,0.8299063151700671,0.5157498270125382,0.1526183784008026,0.1686919629573822,16.6,88.85607147216797,91.0,160.0,309.0,0.002371937269344926,0.772182822227478,845,0.010140575357966662,0.8302001682163085,0.005261053720099287,0.5182056225222103,0.013621788810043348,0.4654255319148936,0.5706521739130435,0.3929640718562874,0.11064425770308123,0.8586956521739131,0.05913173652694611,0.014858841010401188,1.0,0.0074850299401197605
yelp,net_rsr,0.8,1,1,GCN,layer,default,2,45954,5444388,0.6015940846159006,0.25092079089686214,4.099777470401023e-06,0.028231270611286163,48.3,118.47473907470703,121.0,214.0,396.0,0.0015015015378594398,0.7721951603889465,820,0.010140575357966662,0.602180428575661,0.007395903155498923,0.25266595229167826,0.011464661514565478,0.2473404255319149,0.3032608695652174,0.2088323353293413,0.0742296918767507,0.5760869565217391,0.03967065868263473,0.01188707280832095,0.8,0.005988023952095809
yelp,net_rsr,0.8,1,2,GCN,layer,default,2,45954,5444388,0.6200083444363818,0.2618503974338515,5.346095349523239e-06,0.041185978800058365,48.3,118.47473907470703,121.0,214.0,396.0,0.0015015015378594398,0.7721951603889465,820,0.010140575357966662,0.6174953481861837,0.009033157712311364,0.25956853752174014,0.012193508914239959,0.2579787234042553,0.31630434782608696,0.21781437125748504,0.0896358543417367,0.6956521739130435,0.04790419161676647,0.01188707280832095,0.8,0.005988023952095809
yelp,net_rsr,0.8,1,3,GCN,layer,default,2,45954,5444388,0.6120539756789883,0.2565753682218242,5.179041636438342e-06,0.035279154777526855,48.3,118.47473907470703,121.0,214.0,396.0,0.0015015015378594398,0.7721951603889465,820,0.010140575357966662,0.6131361515513578,0.0083766194121729,0.2579361704491104,0.01225719149995146,0.24113475177304963,0.2956521739130435,0.20359281437125748,0.08543417366946779,0.6630434782608695,0.04565868263473054,0.014858841010401188,1.0,0.0074850299401197605
yelp,net_rsr,0.8,1,1,GCN,pair,default,2,45954,5444388,0.5913892524269181,0.24772320079493756,1.5620866179233417e-05,0.04625079035758972,48.8,118.47473907470703,121.0,214.0,396.0,0.0015015015378594398,0.7721951603889465,820,0.010140575357966662,0.5913077459002647,0.008729347533429707,0.24827501883675768,0.010951539009217883,0.22695035460992907,0.2782608695652174,0.19161676646706588,0.08403361344537816,0.6521739130434783,0.04491017964071856,0.01337295690936107,0.9,0.006736526946107785
yelp,net_rsr,0.8,1,2,GCN,pair,default,2,45954,5444388,0.5962186974066124,0.2546807529780457,1.490874547016574e-05,0.04270738363265991,48.8,118.47473907470703,121.0,214.0,396.0,0.0015015015378594398,0.7721951603889465,820,0.010140575357966662,0.5938591023691409,0.00955177228996251,0.25266584055263686,0.012590789943731709,0.2322695035460993,0.2847826086956522,0.19610778443113772,0.09103641456582633,0.7065217391304348,0.048652694610778445,0.01337295690936107,0.9,0.006736526946107785
yelp,net_rsr,0.8,1,3,GCN,pair,default,2,45954,5444388,0.5853849835969609,0.23695503270379742,1.366531887470046e-05,0.04140487313270569,48.7,118.47473907470703,121.0,214.0,396.0,0.0015015015378594398,0.7721951603889465,820,0.010140575357966662,0.5854671199292154,0.00853338970737242,0.23809803126533968,0.011832001825848933,0.21365248226950354,0.2619565217391304,0.18038922155688622,0.08823529411764706,0.6847826086956522,0.04715568862275449,0.007429420505200594,0.5,0.0037425149700598802
yelp,net_rsr,0.8,1,1,SAGE,layer,default,2,45954,5444388,0.8462188403234265,0.5518030365257144,0.19400426745414734,0.23602046072483063,20.9,118.47473907470703,121.0,214.0,396.0,0.0015015015378594398,0.7721951603889465,820,0.010140575357966662,0.8462617558421656,0.005253535400022127,0.5521062078311856,0.012856101646747995,0.5026595744680851,0.616304347826087,0.4244011976047904,0.11204481792717087,0.8695652173913043,0.059880239520958084,0.014858841010401188,1.0,0.0074850299401197605
yelp,net_rsr,0.8,1,2,SAGE,layer,default,2,45954,5444388,0.8526541939034353,0.5757516792225632,0.21798056364059448,0.2746933102607727,20.9,118.47473907470703,121.0,214.0,396.0,0.0015015015378594398,0.7721951603889465,820,0.010140575357966662,0.8526829508781649,0.00548002334669488,0.5752822984282325,0.01575325561783073,0.5088652482269503,0.6239130434782608,0.4296407185628742,0.11904761904761904,0.9239130434782609,0.06362275449101797,0.01337295690936107,0.9,0.006736526946107785
yelp,net_rsr,0.8,1,3,SAGE,layer,default,2,45954,5444388,0.8444346668170786,0.5616257210237326,0.17284224927425385,0.21557176113128662,20.9,118.47473907470703,121.0,214.0,396.0,0.0015015015378594398,0.7721951603889465,820,0.010140575357966662,0.844759634440808,0.00536225655908753,0.5636714556426342,0.01424565587073218,0.49822695035460995,0.6108695652173913,0.42065868263473055,0.12044817927170869,0.9347826086956522,0.06437125748502993,0.014858841010401188,1.0,0.0074850299401197605
yelp,net_rsr,0.8,1,1,SAGE,pair,default,2,45954,5444388,0.8400538853555619,0.5260857899096195,0.17212477326393127,0.19174069166183472,21.4,118.47473907470703,121.0,214.0,396.0,0.0015015015378594398,0.7721951603889465,820,0.010140575357966662,0.8400497299058414,0.005687296695149025,0.5259514261245062,0.013126158825659958,0.4787234042553192,0.5869565217391305,0.4041916167664671,0.10504201680672269,0.8152173913043478,0.0561377245508982,0.014858841010401188,1.0,0.0074850299401197605
yelp,net_rsr,0.8,1,2,SAGE,pair,default,2,45954,5444388,0.8467408678061393,0.547543279429484,0.14124535024166107,0.15406638383865356,21.4,118.47473907470703,121.0,214.0,396.0,0.0015015015378594398,0.7721951603889465,820,0.010140575357966662,0.846380251503719,0.005240851479244762,0.5467592265445808,0.014196280462951212,0.4867021276595745,0.5967391304347827,0.41092814371257486,0.11484593837535013,0.8913043478260869,0.061377245508982034,0.014858841010401188,1.0,0.0074850299401197605
yelp,net_rsr,0.8,1,3,SAGE,pair,default,2,45954,5444388,0.8313318627510763,0.5171198051042705,0.1555890589952469,0.16937528550624847,21.4,118.47473907470703,121.0,214.0,396.0,0.0015015015378594398,0.7721951603889465,820,0.010140575357966662,0.831605269075095,0.005232529157628847,0.5196757873873852,0.01363400221723184,0.4645390070921986,0.5695652173913044,0.39221556886227543,0.11064425770308123,0.8586956521739131,0.05913173652694611,0.01337295690936107,0.9,0.006736526946107785
yelp,net_rsr,0.8,2,1,GCN,layer,default,2,45954,5444388,0.6002164141675914,0.24938463700201727,4.3727040974772535e-06,0.028435219079256058,48.3,118.47473907470703,122.0,214.0,396.0,0.0015232623554766178,0.7721848487854004,822,0.010140575357966662,0.6006118448802007,0.007669525932329687,0.25092835709442823,0.01144483805616656,0.25,0.3065217391304348,0.21107784431137724,0.07983193277310924,0.6195652173913043,0.04266467065868264,0.01188707280832095,0.8,0.005988023952095809
yelp,net_rsr,0.8,2,2,GCN,layer,default,2,45954,5444388,0.6165803417350635,0.26124093687943306,5.646362751576817e-06,0.04104757681488991,48.3,118.47473907470703,122.0,214.0,396.0,0.0015232623554766178,0.7721848487854004,822,0.010140575357966662,0.6140773693156071,0.008778285566573996,0.2588109958269669,0.011890967930025087,0.2570921985815603,0.31521739130434784,0.21706586826347304,0.09103641456582633,0.7065217391304348,0.048652694610778445,0.01188707280832095,0.8,0.005988023952095809
yelp,net_rsr,0.8,2,3,GCN,layer,default,2,45954,5444388,0.6121457759125334,0.2535728059310896,5.3400726756080985e-06,0.035016342997550964,48.3,118.47473907470703,122.0,214.0,396.0,0.0015232623554766178,0.7721848487854004,822,0.010140575357966662,0.613426069014847,0.008969284684684579,0.2552041452431336,0.012404696009328678,0.24822695035460993,0.30434782608695654,0.20958083832335328,0.08123249299719888,0.6304347826086957,0.04341317365269461,0.01188707280832095,0.8,0.005988023952095809
yelp,net_rsr,0.8,2,1,GCN,pair,default,2,45954,5444388,0.5949962822572777,0.2505914873700106,1.697101652098354e-05,0.04685894399881363,48.8,118.47473907470703,122.0,214.0,396.0,0.0015232623554766178,0.7721848487854004,822,0.010140575357966662,0.5947719676164289,0.008733557183140667,0.2511020420690206,0.011255289457885446,0.2349290780141844,0.28804347826086957,0.19835329341317365,0.08263305322128851,0.6413043478260869,0.04416167664670659,0.014858841010401188,1.0,0.0074850299401197605
yelp,net_rsr,0.8,2,2,GCN,pair,default,2,45954,5444388,0.5966856542769857,0.2549563839327339,1.669688572292216e-05,0.042706094682216644,48.7,118.47473907470703,122.0,214.0,396.0,0.0015232623554766178,0.7721848487854004,822,0.010140575357966662,0.5943296679116828,0.009495396819879565,0.25303151369907095,0.012230376362266497,0.23670212765957446,0.2902173913043478,0.1998502994011976,0.09243697478991597,0.717391304347826,0.04940119760479042,0.014858841010401188,1.0,0.0074850299401197605
yelp,net_rsr,0.8,2,3,GCN,pair,default,2,45954,5444388,0.5870870275741795,0.23525280516400987,1.4216476301953662e-05,0.040971752256155014,48.8,118.47473907470703,122.0,214.0,396.0,0.0015232623554766178,0.7721848487854004,822,0.010140575357966662,0.5872811842055065,0.008752035193771846,0.23638955426948027,0.011632213565216364,0.21365248226950354,0.2619565217391304,0.18038922155688622,0.08543417366946779,0.6630434782608695,0.04565868263473054,0.008915304606240713,0.6,0.004491017964071856
yelp,net_rsr,0.8,2,1,SAGE,layer,default,2,45954,5444388,0.8462939192897301,0.5524337425039695,0.19607241451740265,0.23985686898231506,20.9,118.47473907470703,122.0,214.0,396.0,0.0015232623554766178,0.7721848487854004,822,0.010140575357966662,0.8462721374729689,0.005259123323024851,0.5528698661305683,0.013350274147039742,0.4973404255319149,0.6097826086956522,0.4199101796407186,0.11064425770308123,0.8586956521739131,0.05913173652694611,0.014858841010401188,1.0,0.0074850299401197605
yelp,net_rsr,0.8,2,2,SAGE,layer,default,2,45954,5444388,0.8514561698903619,0.5783550658149124,0.2172258347272873,0.2740274667739868,20.9,118.47473907470703,122.0,214.0,396.0,0.0015232623554766178,0.7721848487854004,822,0.010140575357966662,0.8514994325475354,0.005454005035899224,0.5779284659672341,0.014585261082681383,0.5124113475177305,0.6282608695652174,0.43263473053892215,0.12044817927170869,0.9347826086956522,0.06437125748502993,0.014858841010401188,1.0,0.0074850299401197605
yelp,net_rsr,0.8,2,3,SAGE,layer,default,2,45954,5444388,0.8444802096418162,0.5636754481082014,0.17526903748512268,0.21823319792747498,20.9,118.47473907470703,122.0,214.0,396.0,0.0015232623554766178,0.7721848487854004,822,0.010140575357966662,0.8447957181527425,0.005484723467415229,0.565858205544409,0.014364804862746503,0.499113475177305,0.6119565217391304,0.4214071856287425,0.11764705882352941,0.9130434782608695,0.06287425149700598,0.014858841010401188,1.0,0.0074850299401197605
yelp,net_rsr,0.8,2,1,SAGE,pair,default,2,45954,5444388,0.8396923534550045,0.5284001637104268,0.17010460793972015,0.1919822096824646,21.4,118.47473907470703,122.0,214.0,396.0,0.0015232623554766178,0.7721848487854004,822,0.010140575357966662,0.8396149135701892,0.005655667554324849,0.5282139156346107,0.013237358130892373,0.4787234042553192,0.5869565217391305,0.4041916167664671,0.10364145658263306,0.8043478260869565,0.05538922155688623,0.01337295690936107,0.9,0.006736526946107785
yelp,net_rsr,0.8,2,2,SAGE,pair,default,2,45954,5444388,0.8459882678634584,0.5468363135642934,0.138673797249794,0.15461039543151855,21.4,118.47473907470703,122.0,214.0,396.0,0.0015232623554766178,0.7721848487854004,822,0.010140575357966662,0.8456574261070834,0.005188852425548615,0.5462997771297998,0.01378842645414628,0.4867021276595745,0.5967391304347827,0.41092814371257486,0.11484593837535013,0.8913043478260869,0.061377245508982034,0.014858841010401188,1.0,0.0074850299401197605
yelp,net_rsr,0.8,2,3,SAGE,pair,default,2,45954,5444388,0.832165163054746,0.5180525431096331,0.15233193337917328,0.1695493459701538,21.4,118.47473907470703,122.0,214.0,396.0,0.0015232623554766178,0.7721848487854004,822,0.010140575357966662,0.8324176643922574,0.00526100601756653,0.520678235278777,0.013792487551988707,0.4645390070921986,0.5695652173913044,0.39221556886227543,0.11064425770308123,0.8586956521739131,0.05913173652694611,0.014858841010401188,1.0,0.0074850299401197605
yelp,net_rsr,0.8,3,1,GCN,layer,default,2,45954,5444388,0.5993301870037929,0.2503864403645064,4.38855886386591e-06,0.028015663847327232,48.3,118.47473907470703,122.0,213.0,395.0,0.0013056534808129072,0.772170901298523,814,0.010140575357966662,0.599978692644738,0.007486200073036846,0.2520810548122355,0.011264340020118247,0.250886524822695,0.3076086956521739,0.2118263473053892,0.0784313725490196,0.6086956521739131,0.041916167664670656,0.01188707280832095,0.8,0.005988023952095809
yelp,net_rsr,0.8,3,2,GCN,layer,default,2,45954,5444388,0.6158115445534592,0.2613685908330018,5.59301361136022e-06,0.0409105122089386,48.3,118.47473907470703,122.0,213.0,395.0,0.0013056534808129072,0.772170901298523,814,0.010140575357966662,0.6131315292462078,0.008963795443339936,0.25927377576279687,0.012165033834328624,0.2570921985815603,0.31521739130434784,0.21706586826347304,0.0896358543417367,0.6956521739130435,0.04790419161676647,0.01337295690936107,0.9,0.006736526946107785
yelp,net_rsr,0.8,3,3,GCN,layer,default,2,45954,5444388,0.6133546139645352,0.2526753900251464,5.489232989930315e-06,0.03541242331266403,48.2,118.47473907470703,122.0,213.0,395.0,0.0013056534808129072,0.772170901298523,814,0.010140575357966662,0.6143711526772547,0.00878368079143855,0.2546020127085313,0.012086894004773295,0.24822695035460993,0.30434782608695654,0.20958083832335328,0.08403361344537816,0.6521739130434783,0.04491017964071856,0.01188707280832095,0.8,0.005988023952095809
yelp,net_rsr,0.8,3,1,GCN,pair,default,2,45954,5444388,0.5925003353781236,0.2447428682426682,1.6710609997971915e-05,0.046761225908994675,48.7,118.47473907470703,122.0,213.0,395.0,0.0013056534808129072,0.772170901298523,814,0.010140575357966662,0.5923470860700586,0.008793539509428757,0.24545191184531223,0.010984380010399033,0.2322695035460993,0.2847826086956522,0.19610778443113772,0.08263305322128851,0.6413043478260869,0.04416167664670659,0.014858841010401188,1.0,0.0074850299401197605
yelp,net_rsr,0.8,3,2,GCN,pair,default,2,45954,5444388,0.5948172074892983,0.2537548128147223,1.5322175386245362e-05,0.04242429509758949,48.8,118.47473907470703,122.0,213.0,395.0,0.0013056534808129072,0.772170901298523,814,0.010140575357966662,0.5924577576252832,0.009630885367629412,0.25180161740885154,0.012363682411356266,0.23404255319148937,0.28695652173913044,0.19760479041916168,0.09103641456582633,0.7065217391304348,0.048652694610778445,0.014858841010401188,1.0,0.0074850299401197605
yelp,net_rsr,0.8,3,3,GCN,pair,default,2,45954,5444388,0.5861695492670463,0.23349697465244945,1.387153588439105e-05,0.041200052946805954,48.7,118.47473907470703,122.0,213.0,395.0,0.0013056534808129072,0.772170901298523,814,0.010140575357966662,0.586364152597747,0.008713683880277847,0.23467204408335224,0.011611364206753285,0.21010638297872342,0.2576086956521739,0.17739520958083832,0.08543417366946779,0.6630434782608695,0.04565868263473054,0.010401188707280832,0.7,0.005239520958083832
yelp,net_rsr,0.8,3,1,SAGE,layer,default,2,45954,5444388,0.847166331161506,0.5539792585443151,0.2007969617843628,0.24285979568958282,20.9,118.47473907470703,122.0,213.0,395.0,0.0013056534808129072,0.772170901298523,814,0.010140575357966662,0.8471199348599384,0.005306008359010587,0.5540600878227671,0.012816296186803945,0.49645390070921985,0.6086956521739131,0.41916167664670656,0.11064425770308123,0.8586956521739131,0.05913173652694611,0.014858841010401188,1.0,0.0074850299401197605
yelp,net_rsr,0.8,3,2,SAGE,layer,default,2,45954,5444388,0.8514523111363832,0.5758204417314138,0.2197834998369217,0.2757607698440552,20.9,118.47473907470703,122.0,213.0,395.0,0.0013056534808129072,0.772170901298523,814,0.010140575357966662,0.8514297813497079,0.005504979302068884,0.5751478353364883,0.01534080845896637,0.5115248226950354,0.6271739130434782,0.4318862275449102,0.12184873949579832,0.9456521739130435,0.06511976047904192,0.01337295690936107,0.9,0.006736526946107785
yelp,net_rsr,0.8,3,3,SAGE,layer,default,2,45954,5444388,0.8449211080130982,0.5619261986058661,0.1756468564271927,0.2177262157201767,20.9,118.47473907470703,122.0,213.0,395.0,0.0013056534808129072,0.772170901298523,814,0.010140575357966662,0.8451633072140673,0.005519534866345115,0.5639247733777366,0.014157459616271708,0.50177304964539,0.6152173913043478,0.4236526946107784,0.11764705882352941,0.9130434782608695,0.06287425149700598,0.014858841010401188,1.0,0.0074850299401197605
yelp,net_rsr,0.8,3,1,SAGE,pair,default,2,45954,5444388,0.8403693027641256,0.5286266113645668,0.17240874469280243,0.19154655933380127,21.4,118.47473907470703,122.0,213.0,395.0,0.0013056534808129072,0.772170901298523,814,0.010140575357966662,0.8402427188594211,0.005697629197228316,0.5281455347279655,0.013039508326789137,0.4778368794326241,0.5858695652173913,0.40344311377245506,0.10504201680672269,0.8152173913043478,0.0561377245508982,0.014858841010401188,1.0,0.0074850299401197605
yelp,net_rsr,0.8,3,2,SAGE,pair,default,2,45954,5444388,0.8455171187665403,0.5480356190371236,0.140749990940094,0.15465223789215088,21.4,118.47473907470703,122.0,213.0,395.0,0.0013056534808129072,0.772170901298523,814,0.010140575357966662,0.8451014106949599,0.005232026306721053,0.5472832505884913,0.01409074235360485,0.4867021276595745,0.5967391304347827,0.41092814371257486,0.11764705882352941,0.9130434782608695,0.06287425149700598,0.014858841010401188,1.0,0.0074850299401197605
yelp,net_rsr,0.8,3,3,SAGE,pair,default,2,45954,5444388,0.8311822764857252,0.5177261998127063,0.15437480807304382,0.16944406926631927,21.4,118.47473907470703,122.0,213.0,395.0,0.0013056534808129072,0.772170901298523,814,0.010140575357966662,0.8313734814770214,0.005363882312270247,0.5200322941790062,0.013714013342928776,0.4654255319148936,0.5706521739130435,0.3929640718562874,0.11064425770308123,0.8586956521739131,0.05913173652694611,0.014858841010401188,1.0,0.0074850299401197605
yelp,net_rsr,1.0,1,1,GCN,layer,default,2,45954,6805486,0.6008776902661073,0.24814435994328662,-2.562999812383282e-10,0.02742573618888855,59.7,148.09344482421875,152.0,270.0,465.0,0.0008704356732778251,0.7722082138061523,803,0.010140575357966662,0.6012002005311616,0.007727897273785967,0.24952790080587828,0.011104820555401993,0.24280017722640673,0.2975027144408252,0.20508982035928144,0.0887040887040887,0.5981308411214953,0.04790419161676647,0.013353115727002967,0.75,0.006736526946107785
yelp,net_rsr,1.0,1,2,GCN,layer,default,2,45954,6805486,0.6128665530446236,0.25933879590508835,-6.91711887768065e-09,0.039848290383815765,59.7,148.09344482421875,152.0,270.0,465.0,0.0008704356732778251,0.7722082138061523,803,0.010140575357966662,0.6102862826538455,0.008935969415850719,0.2567254871771743,0.011951248637969763,0.2555066079295154,0.31049250535331907,0.21706586826347304,0.0937062937062937,0.7127659574468085,0.050149700598802395,0.01337295690936107,0.9,0.006736526946107785
yelp,net_rsr,1.0,1,3,GCN,layer,default,2,45954,6805486,0.6069828583667694,0.251848111292258,7.331371065788517e-10,0.03369208425283432,59.6,148.09344482421875,152.0,270.0,465.0,0.0008704356732778251,0.7722082138061523,803,0.010140575357966662,0.6079939649395542,0.008773792230777745,0.25327078362056027,0.012356562913008044,0.24435590969455512,0.2990249187432286,0.20658682634730538,0.08403361344537816,0.6521739130434783,0.04491017964071856,0.01337295690936107,0.9,0.006736526946107785
yelp,net_rsr,1.0,1,1,GCN,pair,default,2,45954,6805486,0.5894686410021098,0.2417488094208277,1.8537044121913482e-09,0.05008694529533386,60.2,148.09344482421875,152.0,270.0,465.0,0.0008704356732778251,0.7722082138061523,803,0.010140575357966662,0.5894464061319542,0.008940847702186672,0.24228776896643708,0.010941666683663781,0.23107569721115537,0.28277356446370533,0.19535928143712575,0.08397480755773268,0.6451612903225806,0.04491017964071856,0.017804154302670624,1.0,0.008982035928143712
yelp,net_rsr,1.0,1,2,GCN,pair,default,2,45954,6805486,0.5916999535806188,0.2539841105213072,9.20891751743369e-10,0.04660996049642563,60.2,148.09344482421875,152.0,270.0,465.0,0.0008704356732778251,0.7722082138061523,803,0.010140575357966662,0.5893147763330223,0.009638262166496601,0.251602794753112,0.012380726427427312,0.2420494699646643,0.2952586206896552,0.20508982035928144,0.09331476323119778,0.67,0.050149700598802395,0.014858841010401188,1.0,0.0074850299401197605
yelp,net_rsr,1.0,1,3,GCN,pair,default,2,45954,6805486,0.5820009039964877,0.23249482883888023,4.354119287341973e-09,0.04544384032487869,60.2,148.09344482421875,152.0,270.0,465.0,0.0008704356732778251,0.7722082138061523,803,0.010140575357966662,0.5822062813027746,0.008711986648914127,0.23333145804854538,0.011532588384952998,0.2118270079435128,0.25806451612903225,0.17964071856287425,0.08823529411764706,0.6847826086956522,0.04715568862275449,0.010393466963622866,0.6363636363636364,0.005239520958083832
yelp,net_rsr,1.0,1,1,SAGE,layer,default,2,45954,6805486,0.8484724479249242,0.5597788751163264,0.20043186843395233,0.2449282854795456,25.7,148.09344482421875,152.0,270.0,465.0,0.0008704356732778251,0.7722082138061523,803,0.010140575357966662,0.8484309299736765,0.005162110498272922,0.5599353531183273,0.012900849208396042,0.49822695035460995,0.6108695652173913,0.42065868263473055,0.1134453781512605,0.8804347826086957,0.06062874251497006,0.014858841010401188,1.0,0.0074850299401197605
yelp,net_rsr,1.0,1,2,SAGE,layer,default,2,45954,6805486,0.8518770122687416,0.5791360712199348,0.21792343258857727,0.2747595012187958,25.7,148.09344482421875,152.0,270.0,465.0,0.0008704356732778251,0.7722082138061523,803,0.010140575357966662,0.8519737781122526,0.005503719904567576,0.5787536137669574,0.015083154854392341,0.5088652482269503,0.6239130434782608,0.4296407185628742,0.12044817927170869,0.9347826086956522,0.06437125748502993,0.014858841010401188,1.0,0.0074850299401197605
yelp,net_rsr,1.0,1,3,SAGE,layer,default,2,45954,6805486,0.8445826809974756,0.564163296523655,0.17581713199615479,0.2189190536737442,25.7,148.09344482421875,152.0,270.0,465.0,0.0008704356732778251,0.7722082138061523,803,0.010140575357966662,0.8448887632656384,0.005539658208162088,0.566247582188395,0.01433851690851573,0.5053191489361702,0.6195652173913043,0.42664670658682635,0.11764705882352941,0.9130434782608695,0.06287425149700598,0.014858841010401188,1.0,0.0074850299401197605
yelp,net_rsr,1.0,1,1,SAGE,pair,default,2,45954,6805486,0.8412529574252715,0.5312810908878602,0.17020003497600555,0.192546546459198,26.2,148.09344482421875,152.0,270.0,465.0,0.0008704356732778251,0.7722082138061523,803,0.010140575357966662,0.8411855421429887,0.005595117449306776,0.5311029934424183,0.01302688747467799,0.4787234042553192,0.5869565217391305,0.4041916167664671,0.10644257703081232,0.8260869565217391,0.05688622754491018,0.014858841010401188,1.0,0.0074850299401197605
yelp,net_rsr,1.0,1,2,SAGE,pair,default,2,45954,6805486,0.8467985109211313,0.5502551856241579,0.13952745497226715,0.15503260493278503,26.2,148.09344482421875,152.0,270.0,465.0,0.0008704356732778251,0.7722082138061523,803,0.010140575357966662,0.8464692908184268,0.00524190492510171,0.5497537395866581,0.01399042916801239,0.4875886524822695,0.5978260869565217,0.4116766467065868,0.11624649859943978,0.9021739130434783,0.06212574850299401,0.014858841010401188,1.0,0.0074850299401197605
yelp,net_rsr,1.0,1,3,SAGE,pair,default,2,45954,6805486,0.832079984633584,0.5199883378565364,0.15411151945590973,0.17026229202747345,26.2,148.09344482421875,152.0,270.0,465.0,0.0008704356732778251,0.7722082138061523,803,0.010140575357966662,0.8322657241223879,0.005305124093862616,0.5224307225060851,0.013815012757551093,0.4671985815602837,0.5728260869565217,0.3944610778443114,0.11064425770308123,0.8586956521739131,0.05913173652694611,0.01337295690936107,0.9,0.006736526946107785
yelp,net_rsr,1.0,2,1,GCN,layer,default,2,45954,6805486,0.6010370425137505,0.24882148554970246,1.1056661142205826e-09,0.02735629305243492,59.7,148.09344482421875,152.0,270.0,465.0,0.0008704356732778251,0.7722082138061523,803,0.010140575357966662,0.601370814649915,0.00773549666232373,0.25011279746857074,0.011281182410013113,0.24370860927152319,0.29709364908503766,0.20658682634730538,0.0887040887040887,0.5981308411214953,0.04790419161676647,0.013353115727002967,0.75,0.006736526946107785
yelp,net_rsr,1.0,2,2,GCN,layer,default,2,45954,6805486,0.6126968631474322,0.25927258356923955,1.1903047436589986e-08,0.039858292788267136,59.7,148.09344482421875,152.0,270.0,465.0,0.0008704356732778251,0.7722082138061523,803,0.010140575357966662,0.6101165132031356,0.008946698621665198,0.25665120164810146,0.011868639753374145,0.2555066079295154,0.31049250535331907,0.21706586826347304,0.0937062937062937,0.7127659574468085,0.050149700598802395,0.01337295690936107,0.9,0.006736526946107785
yelp,net_rsr,1.0,2,3,GCN,layer,default,2,45954,6805486,0.6069754266924399,0.2518612352823225,-1.1146068512601914e-09,0.03369208052754402,59.7,148.09344482421875,152.0,270.0,465.0,0.0008704356732778251,0.7722082138061523,803,0.010140575357966662,0.6079837170505339,0.008776509882570954,0.25323814583331544,0.012321563089907905,0.2444836716681377,0.2978494623655914,0.20733532934131738,0.08403361344537816,0.6521739130434783,0.04491017964071856,0.01337295690936107,0.9,0.006736526946107785
yelp,net_rsr,1.0,2,1,GCN,pair,default,2,45954,6805486,0.5895500559471688,0.24176894792215659,4.756450788789834e-09,0.05008179321885109,60.2,148.09344482421875,152.0,270.0,465.0,0.0008704356732778251,0.7722082138061523,803,0.010140575357966662,0.5895311798756059,0.00894265545498789,0.242313169234526,0.010938143164900124,0.2303943287549845,0.28230184581976114,0.19461077844311378,0.08397480755773268,0.6451612903225806,0.04491017964071856,0.014858841010401188,1.0,0.0074850299401197605
yelp,net_rsr,1.0,2,2,GCN,pair,default,2,45954,6805486,0.5917020496938912,0.25392563255210565,6.496906346242781e-10,0.046613674610853195,60.2,148.09344482421875,152.0,270.0,465.0,0.0008704356732778251,0.7722082138061523,803,0.010140575357966662,0.5893116979331022,0.009634387485345263,0.25155789218369695,0.01238038488970462,0.2420494699646643,0.2952586206896552,0.20508982035928144,0.09331476323119778,0.67,0.050149700598802395,0.016332590942835932,1.0,0.008233532934131737
yelp,net_rsr,1.0,2,3,GCN,pair,default,2,45954,6805486,0.5820184351256753,0.23229799598290224,8.526444439382885e-09,0.045456308871507645,60.2,148.09344482421875,152.0,270.0,465.0,0.0008704356732778251,0.7722082138061523,803,0.010140575357966662,0.5822277202517877,0.008714517218113556,0.23317578548970905,0.011556935003702066,0.2118270079435128,0.25806451612903225,0.17964071856287425,0.08823529411764706,0.6847826086956522,0.04715568862275449,0.010393466963622866,0.6363636363636364,0.005239520958083832
yelp,net_rsr,1.0,2,1,SAGE,layer,default,2,45954,6805486,0.8486964462114467,0.560180207998002,0.20415090024471283,0.24923256039619446,25.7,148.09344482421875,152.0,270.0,465.0,0.0008704356732778251,0.7722082138061523,803,0.010140575357966662,0.8486572469213801,0.005164758720594644,0.5603471571916495,0.012891199069444725,0.499113475177305,0.6119565217391304,0.4214071856287425,0.11204481792717087,0.8695652173913043,0.059880239520958084,0.014858841010401188,1.0,0.0074850299401197605
yelp,net_rsr,1.0,2,2,SAGE,layer,default,2,45954,6805486,0.8523905600204885,0.5804280642448478,0.22225844860076904,0.2799512445926666,25.7,148.09344482421875,152.0,270.0,465.0,0.0008704356732778251,0.7722082138061523,803,0.010140575357966662,0.8524989047444954,0.005485729531435296,0.5800887937512047,0.015077550315733813,0.5124113475177305,0.6282608695652174,0.43263473053892215,0.12184873949579832,0.9456521739130435,0.06511976047904192,0.014858841010401188,1.0,0.0074850299401197605
yelp,net_rsr,1.0,2,3,SAGE,layer,default,2,45954,6805486,0.844579965578009,0.5643755278878932,0.17656289041042328,0.21989063918590546,25.7,148.09344482421875,152.0,270.0,465.0,0.0008704356732778251,0.7722082138061523,803,0.010140575357966662,0.8448879487011746,0.005544159805927906,0.566452946851321,0.014305752337144814,0.5053191489361702,0.6195652173913043,0.42664670658682635,0.11764705882352941,0.9130434782608695,0.06287425149700598,0.014858841010401188,1.0,0.0074850299401197605
yelp,net_rsr,1.0,2,1,SAGE,pair,default,2,45954,6805486,0.8412543389544739,0.5312741944566982,0.170220747590065,0.19256412982940674,26.2,148.09344482421875,152.0,270.0,465.0,0.0008704356732778251,0.7722082138061523,803,0.010140575357966662,0.8411860277299305,0.005596168578116418,0.5310920246025742,0.013034896883495642,0.4787234042553192,0.5869565217391305,0.4041916167664671,0.10644257703081232,0.8260869565217391,0.05688622754491018,0.014858841010401188,1.0,0.0074850299401197605
yelp,net_rsr,1.0,2,2,SAGE,pair,default,2,45954,6805486,0.8467987967547593,0.5502571449765681,0.13953320682048798,0.15503722429275513,26.1,148.09344482421875,152.0,270.0,465.0,0.0008704356732778251,0.7722082138061523,803,0.010140575357966662,0.8464696024223686,0.005241170502888487,0.5497555268909834,0.013989913053677857,0.4875886524822695,0.5978260869565217,0.4116766467065868,0.11624649859943978,0.9021739130434783,0.06212574850299401,0.014858841010401188,1.0,0.0074850299401197605
yelp,net_rsr,1.0,2,3,SAGE,pair,default,2,45954,6805486,0.8320879403362318,0.5200376888907837,0.15411882102489471,0.17026785016059875,26.2,148.09344482421875,152.0,270.0,465.0,0.0008704356732778251,0.7722082138061523,803,0.010140575357966662,0.8322737177592411,0.005304072176365277,0.5224803072137961,0.013814317952930909,0.4671985815602837,0.5728260869565217,0.3944610778443114,0.11064425770308123,0.8586956521739131,0.05913173652694611,0.01337295690936107,0.9,0.006736526946107785
yelp,net_rsr,1.0,3,1,GCN,layer,default,2,45954,6805486,0.6010183204111126,0.2483608024197784,1.048147701965263e-08,0.027336115017533302,59.7,148.09344482421875,152.0,270.0,465.0,0.0008704356732778251,0.7722082138061523,803,0.010140575357966662,0.6013210775754829,0.007730133552290724,0.24970844224302446,0.011108698785542803,0.2434705621956618,0.2979414951245937,0.2058383233532934,0.0887040887040887,0.5981308411214953,0.04790419161676647,0.013363028953229399,0.8181818181818182,0.006736526946107785
yelp,net_rsr,1.0,3,2,GCN,layer,default,2,45954,6805486,0.612709820938571,0.25918353757275747,-3.7252903539730653e-10,0.03985828161239624,59.7,148.09344482421875,152.0,270.0,465.0,0.0008704356732778251,0.7722082138061523,803,0.010140575357966662,0.6101297097551789,0.008946240578288153,0.25655203081232814,0.011854327688992946,0.2555066079295154,0.31049250535331907,0.21706586826347304,0.0937062937062937,0.7127659574468085,0.050149700598802395,0.01337295690936107,0.9,0.006736526946107785
yelp,net_rsr,1.0,3,3,GCN,layer,default,2,45954,6805486,0.6080515426631462,0.25233357365905273,1.497566692876262e-08,0.03352218493819237,59.7,148.09344482421875,152.0,270.0,465.0,0.0008704356732778251,0.7722082138061523,803,0.010140575357966662,0.6090405928331394,0.008769872856311837,0.2536619954389937,0.0123628770363625,0.24559859154929578,0.2980769230769231,0.2088323353293413,0.08403361344537816,0.6521739130434783,0.04491017964071856,0.01337295690936107,0.9,0.006736526946107785
yelp,net_rsr,1.0,3,1,GCN,pair,default,2,45954,6805486,0.5894773589277656,0.2417611583920533,9.819864921212229e-09,0.05008548125624657,60.2,148.09344482421875,152.0,270.0,465.0,0.0008704356732778251,0.7722082138061523,803,0.010140575357966662,0.5894599474933014,0.0089421753614716,0.2423018251245888,0.010945447258724383,0.23107569721115537,0.28277356446370533,0.19535928143712575,0.08397480755773268,0.6451612903225806,0.04491017964071856,0.017804154302670624,1.0,0.008982035928143712
yelp,net_rsr,1.0,3,2,GCN,pair,default,2,45954,6805486,0.5916844709257656,0.2540180056314349,4.985928558909336e-09,0.046612679958343506,60.2,148.09344482421875,152.0,270.0,465.0,0.0008704356732778251,0.7722082138061523,803,0.010140575357966662,0.5892982413373038,0.009632523288455666,0.25164167249049807,0.012376935990064602,0.2420494699646643,0.2952586206896552,0.20508982035928144,0.09331476323119778,0.67,0.050149700598802395,0.017804154302670624,1.0,0.008982035928143712
yelp,net_rsr,1.0,3,3,GCN,pair,default,2,45954,6805486,0.5820596428070539,0.23243628518720388,-2.9206275176107965e-09,0.045449398458004,60.2,148.09344482421875,152.0,270.0,465.0,0.0008704356732778251,0.7722082138061523,803,0.010140575357966662,0.5822687020903752,0.00871275849977563,0.23328617538742258,0.011527484735126128,0.2118270079435128,0.25806451612903225,0.17964071856287425,0.08823529411764706,0.6847826086956522,0.04715568862275449,0.010393466963622866,0.6363636363636364,0.005239520958083832
yelp,net_rsr,1.0,3,1,SAGE,layer,default,2,45954,6805486,0.8483139055392271,0.5590773273348928,0.19690677523612976,0.2408091127872467,25.7,148.09344482421875,152.0,270.0,465.0,0.0008704356732778251,0.7722082138061523,803,0.010140575357966662,0.8482739087223066,0.005164873020811609,0.5592658910484656,0.012912323783626672,0.4973404255319149,0.6097826086956522,0.4199101796407186,0.11204481792717087,0.8695652173913043,0.059880239520958084,0.014858841010401188,1.0,0.0074850299401197605
yelp,net_rsr,1.0,3,2,SAGE,layer,default,2,45954,6805486,0.8522212512348012,0.579771440642685,0.2197103500366211,0.27676504850387573,25.6,148.09344482421875,152.0,270.0,465.0,0.0008704356732778251,0.7722082138061523,803,0.010140575357966662,0.8523281197590714,0.0055003089282558565,0.5794098294013533,0.015080211026072151,0.5088652482269503,0.6239130434782608,0.4296407185628742,0.12044817927170869,0.9347826086956522,0.06437125748502993,0.014858841010401188,1.0,0.0074850299401197605
yelp,net_rsr,1.0,3,3,SAGE,layer,default,2,45954,6805486,0.8444867838152617,0.5642157751609693,0.17663270235061646,0.21995776891708374,25.7,148.09344482421875,152.0,270.0,465.0,0.0008704356732778251,0.7722082138061523,803,0.010140575357966662,0.8447951259745615,0.005549075879784899,0.5663032280672741,0.014332898524255884,0.5044326241134752,0.6184782608695653,0.4258982035928144,0.11764705882352941,0.9130434782608695,0.06287425149700598,0.014858841010401188,1.0,0.0074850299401197605
yelp,net_rsr,1.0,3,1,SAGE,pair,default,2,45954,6805486,0.8412581024305766,0.5313156562637873,0.17020562291145325,0.19254866242408752,26.2,148.09344482421875,152.0,270.0,465.0,0.0008704356732778251,0.7722082138061523,803,0.010140575357966662,0.8411899673904369,0.00559612391617566,0.5311387620508848,0.013039582698881214,0.4787234042553192,0.5869565217391305,0.4041916167664671,0.10644257703081232,0.8260869565217391,0.05688622754491018,0.014858841010401188,1.0,0.0074850299401197605
yelp,net_rsr,1.0,3,2,SAGE,pair,default,2,45954,6805486,0.8468075623193532,0.5502727684339341,0.139525905251503,0.1550288200378418,26.2,148.09344482421875,152.0,270.0,465.0,0.0008704356732778251,0.7722082138061523,803,0.010140575357966662,0.8464789340011936,0.005241241343470627,0.5497731581856378,0.013988852230072022,0.4875886524822695,0.5978260869565217,0.4116766467065868,0.11624649859943978,0.9021739130434783,0.06212574850299401,0.014858841010401188,1.0,0.0074850299401197605
yelp,net_rsr,1.0,3,3,SAGE,pair,default,2,45954,6805486,0.8320837957486249,0.5199957742619632,0.15410752594470978,0.1702674925327301,26.2,148.09344482421875,152.0,270.0,465.0,0.0008704356732778251,0.7722082138061523,803,0.010140575357966662,0.8322691388554893,0.00530541972565961,0.52243545324506,0.013819909145153988,0.46631205673758863,0.5717391304347826,0.3937125748502994,0.11064425770308123,0.8586956521739131,0.05913173652694611,0.01337295690936107,0.9,0.006736526946107785
amazon,net_uvu,0.05,1,1,GCN,layer,default,2,11944,103674,0.8726578140960164,0.6852451074184361,0.002974318340420723,0.1939011663198471,1.3,8.680006980895996,4.0,21.0,320.0,0.16292698681354523,0.9691532850265503,2054,0.8179839249832552,0.8723016996996471,0.015181594477730551,0.6865097257286156,0.02868855470682706,0.5396039603960396,0.4560669456066946,0.6606060606060606,0.25396825396825395,1.0,0.14545454545454545,0.03571428571428571,1.0,0.01818181818181818
amazon,net_uvu,0.05,1,2,GCN,layer,default,2,11944,103674,0.8907252298263535,0.7194607146990829,0.003299899399280548,0.18257786333560944,1.3,8.680006980895996,4.0,21.0,320.0,0.16292698681354523,0.9691532850265503,2054,0.8179839249832552,0.8908792991568459,0.01699854206364514,0.7179356140902101,0.033935763983528676,0.5841584158415841,0.49372384937238495,0.7151515151515152,0.24338624338624337,0.9583333333333334,0.1393939393939394,0.03571428571428571,1.0,0.01818181818181818
amazon,net_uvu,0.05,1,3,GCN,layer,default,2,11944,103674,0.8739884235614572,0.6729849847032375,0.0029404121451079845,0.20080645382404327,1.3,8.680006980895996,4.0,21.0,320.0,0.16292698681354523,0.9691532850265503,2054,0.8179839249832552,0.873191061112481,0.018152737431796243,0.6701056051504238,0.0361440521137066,0.5445544554455446,0.4602510460251046,0.6666666666666666,0.24338624338624337,0.9583333333333334,0.1393939393939394,0.03571428571428571,1.0,0.01818181818181818
amazon,net_uvu,0.05,1,1,GCN,pair,default,2,11944,103674,0.832388151174668,0.6284975694456645,0.0014498981181532145,0.047211211174726486,1.4,8.680006980895996,4.0,21.0,320.0,0.16292698681354523,0.9691532850265503,2054,0.8179839249832552,0.831572279586929,0.017852709326794804,0.6279532788195865,0.029473196821392555,0.504950495049505,0.42677824267782427,0.6181818181818182,0.25396825396825395,1.0,0.14545454545454545,0.03571428571428571,1.0,0.01818181818181818
amazon,net_uvu,0.05,1,2,GCN,pair,default,2,11944,103674,0.8352427647259109,0.5851239847426567,0.0011470220051705837,0.02350441925227642,1.4,8.680006980895996,4.0,21.0,320.0,0.16292698681354523,0.9691532850265503,2054,0.8179839249832552,0.8376489323402992,0.020405352298948676,0.5824845145201609,0.039128176616652036,0.5396039603960396,0.4560669456066946,0.6606060606060606,0.24338624338624337,0.9583333333333334,0.1393939393939394,0.03571428571428571,1.0,0.01818181818181818
amazon,net_uvu,0.05,1,3,GCN,pair,default,2,11944,103674,0.8013918964930202,0.554843476542383,0.0014601204311475158,0.030887842178344727,1.4,8.680006980895996,4.0,21.0,320.0,0.16292698681354523,0.9691532850265503,2054,0.8179839249832552,0.7999456350812353,0.023864829494903282,0.5530142258750499,0.037792857984557324,0.5247524752475248,0.4435146443514644,0.6424242424242425,0.25396825396825395,1.0,0.14545454545454545,0.03571428571428571,1.0,0.01818181818181818
amazon,net_uvu,0.05,1,1,SAGE,layer,default,2,11944,103674,0.8951664964249234,0.7359322356124469,0.05795435234904289,0.22778640687465668,1.1,8.680006980895996,4.0,21.0,320.0,0.16292698681354523,0.9691532850265503,2054,0.8179839249832552,0.8938966307133254,0.018130048659590517,0.7361282140250528,0.03436372795973608,0.6287128712871287,0.5313807531380753,0.7696969696969697,0.2328042328042328,0.9166666666666666,0.13333333333333333,0.03571428571428571,1.0,0.01818181818181818
amazon,net_uvu,0.05,1,2,SAGE,layer,default,2,11944,103674,0.9150316649642493,0.8086776048835126,0.07670365273952484,0.26621100306510925,1.1,8.680006980895996,4.0,21.0,320.0,0.16292698681354523,0.9691532850265503,2054,0.8179839249832552,0.9133544473967666,0.016864998051002965,0.8064048524984462,0.02858431760186392,0.6782178217821783,0.5732217573221757,0.8303030303030303,0.25396825396825395,1.0,0.14545454545454545,0.03571428571428571,1.0,0.01818181818181818
amazon,net_uvu,0.05,1,3,SAGE,layer,default,2,11944,103674,0.9156772216547497,0.7833151443958158,0.0964842438697815,0.24928896129131317,1.1,8.680006980895996,4.0,21.0,320.0,0.16292698681354523,0.9691532850265503,2054,0.8179839249832552,0.9156307383386916,0.01486349644427354,0.7826032566399854,0.027969553950142133,0.6584158415841584,0.5564853556485355,0.806060606060606,0.25396825396825395,1.0,0.14545454545454545,0.03571428571428571,1.0,0.01818181818181818
amazon,net_uvu,0.05,1,1,SAGE,pair,default,2,11944,103674,0.761846782431052,0.39096324049888936,0.008776459842920303,0.01507617812603712,1.2,8.680006980895996,4.0,21.0,320.0,0.16292698681354523,0.9691532850265503,2054,0.8179839249832552,0.7632663612160262,0.01975466637810474,0.3973305396060241,0.03585406641031202,0.37623762376237624,0.3179916317991632,0.46060606060606063,0.12698412698412698,0.5,0.07272727272727272,0.03571428571428571,1.0,0.01818181818181818
amazon,net_uvu,0.05,1,2,SAGE,pair,default,2,11944,103674,0.7691113381001023,0.3942432747777218,0.006789784878492355,0.01564706675708294,1.2,8.680006980895996,4.0,21.0,320.0,0.16292698681354523,0.9691532850265503,2054,0.8179839249832552,0.7694866455693331,0.02358366104537535,0.3943000996550981,0.043816040522643374,0.38613861386138615,0.3263598326359833,0.4727272727272727,0.12698412698412698,0.5,0.07272727272727272,0.03571428571428571,1.0,0.01818181818181818
amazon,net_uvu,0.05,1,3,SAGE,pair,default,2,11944,103674,0.7559033026898194,0.4000655059067631,0.008125465363264084,0.01596549153327942,1.2,8.680006980895996,4.0,21.0,320.0,0.16292698681354523,0.9691532850265503,2054,0.8179839249832552,0.7554409939496999,0.025285077856271734,0.40333556523412795,0.042092534675899906,0.38613861386138615,0.3263598326359833,0.4727272727272727,0.13756613756613756,0.5416666666666666,0.07878787878787878,0.03571428571428571,1.0,0.01818181818181818
amazon,net_uvu,0.05,2,1,GCN,layer,default,2,11944,103674,0.8862104187946884,0.6836721825253496,0.002216100925579667,0.19860658049583435,1.3,8.680006980895996,4.0,21.0,330.0,0.16409912705421448,0.9686131477355957,2097,0.8112860013395847,0.8862188396363725,0.014408703717109263,0.6855517953891045,0.039442996414485704,0.5594059405940595,0.47280334728033474,0.6848484848484848,0.24338624338624337,0.9583333333333334,0.1393939393939394,0.03571428571428571,1.0,0.01818181818181818
amazon,net_uvu,0.05,2,2,GCN,layer,default,2,11944,103674,0.9004181137214845,0.7482903929774288,0.0024849711917340755,0.18410420417785645,1.3,8.680006980895996,4.0,21.0,330.0,0.16409912705421448,0.9686131477355957,2097,0.8112860013395847,0.9004087515973066,0.016692435115659262,0.7466987687310148,0.02968890851269736,0.6089108910891089,0.5146443514644351,0.7454545454545455,0.24338624338624337,0.9583333333333334,0.1393939393939394,0.03571428571428571,1.0,0.01818181818181818
amazon,net_uvu,0.05,2,3,GCN,layer,default,2,11944,103674,0.8767545114061969,0.7226667385476404,0.002283669775351882,0.2065383791923523,1.3,8.680006980895996,4.0,21.0,330.0,0.16409912705421448,0.9686131477355957,2097,0.8112860013395847,0.8745145729300492,0.01817895193763894,0.718748375898465,0.0338072876941575,0.5891089108910891,0.497907949790795,0.7212121212121212,0.25396825396825395,1.0,0.14545454545454545,0.03571428571428571,1.0,0.01818181818181818
amazon,net_uvu,0.05,2,1,GCN,pair,default,2,11944,103674,0.8215131086142322,0.6190274671801563,0.00150433334056288,0.05191000923514366,1.4,8.680006980895996,4.0,21.0,330.0,0.16409912705421448,0.9686131477355957,2097,0.8112860013395847,0.820999099126672,0.020933665328433958,0.6212212423751136,0.041902972053339246,0.5198019801980198,0.4393305439330544,0.6363636363636364,0.24338624338624337,0.9583333333333334,0.1393939393939394,0.023809523809523808,0.6666666666666666,0.012121212121212121
amazon,net_uvu,0.05,2,2,GCN,pair,default,2,11944,103674,0.8560136193394621,0.5942960377812704,0.0012671820586547256,0.025489570572972298,1.4,8.680006980895996,4.0,21.0,330.0,0.16409912705421448,0.9686131477355957,2097,0.8112860013395847,0.8560360859157352,0.019169499875500182,0.590553039277173,0.039393220944980004,0.5346534653465347,0.45188284518828453,0.6545454545454545,0.24338624338624337,0.9583333333333334,0.1393939393939394,0.03571428571428571,1.0,0.01818181818181818
amazon,net_uvu,0.05,2,3,GCN,pair,default,2,11944,103674,0.8233884916581545,0.593912612574015,0.0015405846061185002,0.03223391994833946,1.4,8.680006980895996,4.0,21.0,330.0,0.16409912705421448,0.9686131477355957,2097,0.8112860013395847,0.818464544110891,0.022324378673311197,0.5915224340925453,0.038062255023106555,0.5495049504950495,0.46443514644351463,0.6727272727272727,0.24338624338624337,0.9583333333333334,0.1393939393939394,0.03571428571428571,1.0,0.01818181818181818
amazon,net_uvu,0.05,2,1,SAGE,layer,default,2,11944,103674,0.8962914538644875,0.7405768750399226,0.05349263176321983,0.22360111773014069,1.0,8.680006980895996,4.0,21.0,330.0,0.16409912705421448,0.9686131477355957,2097,0.8112860013395847,0.8962028153201281,0.0161309876528703,0.740688129238992,0.03429229233117895,0.6386138613861386,0.5397489539748954,0.7818181818181819,0.24338624338624337,0.9583333333333334,0.1393939393939394,0.03571428571428571,1.0,0.01818181818181818
amazon,net_uvu,0.05,2,2,SAGE,layer,default,2,11944,103674,0.9159223697650664,0.8082606751515349,0.07305191457271576,0.26344603300094604,1.0,8.680006980895996,4.0,21.0,330.0,0.16409912705421448,0.9686131477355957,2097,0.8112860013395847,0.9153306139842886,0.017790839035282512,0.8082799398052289,0.027431948714998707,0.6683168316831684,0.5648535564853556,0.8181818181818182,0.25396825396825395,1.0,0.14545454545454545,0.03571428571428571,1.0,0.01818181818181818
amazon,net_uvu,0.05,2,3,SAGE,layer,default,2,11944,103674,0.9033816819884236,0.7909958128731095,0.08974651247262955,0.247949481010437,1.0,8.680006980895996,4.0,21.0,330.0,0.16409912705421448,0.9686131477355957,2097,0.8112860013395847,0.9031029484167005,0.017979464903994814,0.7912919132687822,0.02869466548414793,0.6386138613861386,0.5397489539748954,0.7818181818181819,0.25396825396825395,1.0,0.14545454545454545,0.03571428571428571,1.0,0.01818181818181818
amazon,net_uvu,0.05,2,1,SAGE,pair,default,2,11944,103674,0.7457568947906027,0.38925086911207984,0.008757601492106915,0.01513485237956047,1.2,8.680006980895996,4.0,21.0,330.0,0.16409912705421448,0.9686131477355957,2097,0.8112860013395847,0.7458045515584004,0.023840751114305378,0.39667511611195777,0.043130338080423686,0.39603960396039606,0.33472803347280333,0.48484848484848486,0.13756613756613756,0.5416666666666666,0.07878787878787878,0.023809523809523808,0.6666666666666666,0.012121212121212121
amazon,net_uvu,0.05,2,2,SAGE,pair,default,2,11944,103674,0.8014354783792986,0.4332910745075183,0.006714826915413141,0.015431294217705727,1.2,8.680006980895996,4.0,21.0,330.0,0.16409912705421448,0.9686131477355957,2097,0.8112860013395847,0.8019360571947146,0.019666601805845594,0.43410189138442784,0.04188027227183084,0.40594059405940597,0.34309623430962344,0.49696969696969695,0.13756613756613756,0.5416666666666666,0.07878787878787878,0.03571428571428571,1.0,0.01818181818181818
amazon,net_uvu,0.05,2,3,SAGE,pair,default,2,11944,103674,0.8088634661218932,0.5004847584353721,0.007862274535000324,0.016151608899235725,1.2,8.680006980895996,4.0,21.0,330.0,0.16409912705421448,0.9686131477355957,2097,0.8112860013395847,0.8075574076745721,0.022991760232949462,0.5039937091638522,0.0390163522809085,0.4306930693069307,0.36401673640167365,0.5272727272727272,0.19047619047619047,0.75,0.10909090909090909,0.03571428571428571,1.0,0.01818181818181818
amazon,net_uvu,0.05,3,1,GCN,layer,default,2,11944,103674,0.8765815457950289,0.678671769220464,0.0025357771664857864,0.19851277768611908,1.3,8.680006980895996,4.0,21.0,307.0,0.16585732996463776,0.9681694507598877,2082,0.8158070997990623,0.8753120649947747,0.01724525742617789,0.6754361019141952,0.03547183312276952,0.5495049504950495,0.46443514644351463,0.6727272727272727,0.25396825396825395,1.0,0.14545454545454545,0.03571428571428571,1.0,0.01818181818181818
amazon,net_uvu,0.05,3,2,GCN,layer,default,2,11944,103674,0.8857664283282262,0.7126357633116163,0.0028334567323327065,0.18403728306293488,1.3,8.680006980895996,4.0,21.0,307.0,0.16585732996463776,0.9681694507598877,2082,0.8158070997990623,0.8860555976359085,0.017000487226876887,0.7126613656431096,0.032579402655794086,0.5643564356435643,0.4769874476987448,0.6909090909090909,0.24338624338624337,0.9583333333333334,0.1393939393939394,0.03571428571428571,1.0,0.01818181818181818
amazon,net_uvu,0.05,3,3,GCN,layer,default,2,11944,103674,0.8758052434456929,0.691278858436931,0.002345507964491844,0.1933886557817459,1.3,8.680006980895996,4.0,21.0,307.0,0.16585732996463776,0.9681694507598877,2082,0.8158070997990623,0.8764329431961987,0.018005178075851586,0.6931466974278291,0.0344016044692466,0.5495049504950495,0.46443514644351463,0.6727272727272727,0.25396825396825395,1.0,0.14545454545454545,0.03571428571428571,1.0,0.01818181818181818
amazon,net_uvu,0.05,3,1,GCN,pair,default,2,11944,103674,0.8290500510725229,0.643327350800869,0.0015952311223372817,0.049328338354825974,1.4,8.680006980895996,4.0,21.0,307.0,0.16585732996463776,0.9681694507598877,2082,0.8158070997990623,0.8276512445124663,0.022637264398890335,0.6412325676004138,0.036535684331911664,0.5396039603960396,0.4560669456066946,0.6606060606060606,0.25396825396825395,1.0,0.14545454545454545,0.03571428571428571,1.0,0.01818181818181818
amazon,net_uvu,0.05,3,2,GCN,pair,default,2,11944,103674,0.8361048689138576,0.5812253270921935,0.0012786324368789792,0.025403006002306938,1.4,8.680006980895996,4.0,21.0,307.0,0.16585732996463776,0.9681694507598877,2082,0.8158070997990623,0.8360888818856996,0.018696612256006086,0.57933947883682,0.03867681129153144,0.5148514851485149,0.4351464435146444,0.6303030303030303,0.24338624338624337,0.9583333333333334,0.1393939393939394,0.03571428571428571,1.0,0.01818181818181818
amazon,net_uvu,0.05,3,3,GCN,pair,default,2,11944,103674,0.8187728975144706,0.5820303947088631,0.0017308603273704648,0.03384057432413101,1.4,8.680006980895996,4.0,21.0,307.0,0.16585732996463776,0.9681694507598877,2082,0.8158070997990623,0.8177322937195498,0.02181053398412175,0.5872238057668178,0.035375544942760954,0.5346534653465347,0.45188284518828453,0.6545454545454545,0.25396825396825395,1.0,0.14545454545454545,0.03571428571428571,1.0,0.01818181818181818
amazon,net_uvu,0.05,3,1,SAGE,layer,default,2,11944,103674,0.906663942798774,0.7581486913446395,0.05479980632662773,0.2263994663953781,1.0,8.680006980895996,4.0,21.0,307.0,0.16585732996463776,0.9681694507598877,2082,0.8158070997990623,0.9060165062953984,0.016512418964511173,0.7575560692063494,0.03231623724698686,0.6188118811881188,0.5230125523012552,0.7575757575757576,0.25396825396825395,1.0,0.14545454545454545,0.03571428571428571,1.0,0.01818181818181818
amazon,net_uvu,0.05,3,2,SAGE,layer,default,2,11944,103674,0.9198202247191011,0.8194404635407465,0.07525064051151276,0.268303781747818,1.0,8.680006980895996,4.0,21.0,307.0,0.16585732996463776,0.9681694507598877,2082,0.8158070997990623,0.9200753599256395,0.016879710935562644,0.8195235628441369,0.0262358738384329,0.6831683168316832,0.5774058577405857,0.8363636363636363,0.25396825396825395,1.0,0.14545454545454545,0.03571428571428571,1.0,0.01818181818181818
amazon,net_uvu,0.05,3,3,SAGE,layer,default,2,11944,103674,0.9175158324821246,0.7919299381495808,0.0902848020195961,0.24303703010082245,1.1,8.680006980895996,4.0,21.0,307.0,0.16585732996463776,0.9681694507598877,2082,0.8158070997990623,0.9173701634026656,0.016218715678155613,0.7935339180476391,0.029577291236107247,0.6633663366336634,0.5606694560669456,0.8121212121212121,0.25396825396825395,1.0,0.14545454545454545,0.03571428571428571,1.0,0.01818181818181818
amazon,net_uvu,0.05,3,1,SAGE,pair,default,2,11944,103674,0.7717180796731359,0.42235399010767743,0.008571110665798187,0.015661129727959633,1.2,8.680006980895996,4.0,21.0,307.0,0.16585732996463776,0.9681694507598877,2082,0.8158070997990623,0.7690559671424846,0.022829461650720428,0.42563972904645914,0.043460857134783794,0.40594059405940597,0.34309623430962344,0.49696969696969695,0.13756613756613756,0.5416666666666666,0.07878787878787878,0.03571428571428571,1.0,0.01818181818181818
amazon,net_uvu,0.05,3,2,SAGE,pair,default,2,11944,103674,0.783738508682329,0.4419391933651335,0.006832625716924667,0.016017692163586617,1.2,8.680006980895996,4.0,21.0,307.0,0.16585732996463776,0.9681694507598877,2082,0.8158070997990623,0.7823723385478683,0.021426925565409215,0.4462490024004259,0.04434064804907296,0.4207920792079208,0.35564853556485354,0.5151515151515151,0.12698412698412698,0.5,0.07272727272727272,0.023809523809523808,0.6666666666666666,0.012121212121212121
amazon,net_uvu,0.05,3,3,SAGE,pair,default,2,11944,103674,0.7642219952332312,0.40528849543706635,0.007867859676480293,0.01664666458964348,1.2,8.680006980895996,4.0,21.0,307.0,0.16585732996463776,0.9681694507598877,2082,0.8158070997990623,0.7666222379291174,0.023777047781362106,0.4114700639778275,0.041559021442625035,0.3712871287128713,0.3138075313807531,0.45454545454545453,0.1693121693121693,0.6666666666666666,0.09696969696969697,0.03571428571428571,1.0,0.01818181818181818
amazon,net_uvu,0.1,1,1,GCN,layer,default,2,11944,207348,0.8495022131426626,0.6270634790333485,0.0017992706270888448,0.14435134828090668,2.4,17.360013961791992,9.0,42.0,651.0,0.08807769417762756,0.9682562351226807,1136,0.8964333556597455,0.8497703042649483,0.01778146083207205,0.6289467423801923,0.034521875282404794,0.5,0.4225941422594142,0.6121212121212121,0.25396825396825395,1.0,0.14545454545454545,0.03571428571428571,1.0,0.01818181818181818
amazon,net_uvu,0.1,1,2,GCN,layer,default,2,11944,207348,0.8989540347293157,0.7093723793647573,0.0022245554719120264,0.1412290334701538,2.4,17.360013961791992,9.0,42.0,651.0,0.08807769417762756,0.9682562351226807,1136,0.8964333556597455,0.8991127217375002,0.01659306770563711,0.708638763674703,0.032962986230186654,0.5792079207920792,0.4895397489539749,0.7090909090909091,0.24338624338624337,0.9583333333333334,0.1393939393939394,0.03571428571428571,1.0,0.01818181818181818
amazon,net_uvu,0.1,1,3,GCN,layer,default,2,11944,207348,0.8625413687436161,0.6530718880178122,0.0019272061763331294,0.15408840775489807,2.4,17.360013961791992,9.0,42.0,651.0,0.08807769417762756,0.9682562351226807,1136,0.8964333556597455,0.861983663742335,0.018323374793531653,0.6513135564480883,0.03838914961274958,0.5495049504950495,0.46443514644351463,0.6727272727272727,0.24338624338624337,0.9583333333333334,0.1393939393939394,0.03571428571428571,1.0,0.01818181818181818
amazon,net_uvu,0.1,1,1,GCN,pair,default,2,11944,207348,0.8169792305073204,0.5872469312786724,0.0009628774714656174,0.04342079907655716,2.5,17.360013961791992,9.0,42.0,651.0,0.08807769417762756,0.9682562351226807,1136,0.8964333556597455,0.8168466912918767,0.01863694334975752,0.583797813318243,0.03185719072691384,0.4504950495049505,0.3807531380753138,0.5515151515151515,0.25396825396825395,1.0,0.14545454545454545,0.03571428571428571,1.0,0.01818181818181818
amazon,net_uvu,0.1,1,2,GCN,pair,default,2,11944,207348,0.8311024855294518,0.5440772353672683,0.0008032905752770603,0.02150600031018257,2.4,17.360013961791992,9.0,42.0,651.0,0.08807769417762756,0.9682562351226807,1136,0.8964333556597455,0.8320744899423894,0.019909764049191554,0.5416069459322478,0.039053716255041386,0.4801980198019802,0.40585774058577406,0.5878787878787879,0.2328042328042328,0.9166666666666666,0.13333333333333333,0.03571428571428571,1.0,0.01818181818181818
amazon,net_uvu,0.1,1,3,GCN,pair,default,2,11944,207348,0.8008757235274089,0.50400762669267,0.0011099313851445913,0.03650197014212608,2.4,17.360013961791992,9.0,42.0,651.0,0.08807769417762756,0.9682562351226807,1136,0.8964333556597455,0.8004524030282825,0.02107484272933536,0.5032981927747491,0.038359539801697644,0.4504950495049505,0.3807531380753138,0.5515151515151515,0.24338624338624337,0.9583333333333334,0.1393939393939394,0.03571428571428571,1.0,0.01818181818181818
amazon,net_uvu,0.1,1,1,SAGE,layer,default,2,11944,207348,0.8861232550221314,0.7553127444501524,0.05365394800901413,0.1860937774181366,1.3,17.360013961791992,9.0,42.0,651.0,0.08807769417762756,0.9682562351226807,1136,0.8964333556597455,0.8846132178333012,0.018395257797736517,0.7548066593189664,0.03234274665960168,0.6287128712871287,0.5313807531380753,0.7696969696969697,0.24338624338624337,0.9583333333333334,0.1393939393939394,0.03571428571428571,1.0,0.01818181818181818
amazon,net_uvu,0.1,1,2,SAGE,layer,default,2,11944,207348,0.9268695948246509,0.8294493413429891,0.07243183255195618,0.2152215838432312,1.3,17.360013961791992,9.0,42.0,651.0,0.08807769417762756,0.9682562351226807,1136,0.8964333556597455,0.9252463989137045,0.015726977167619664,0.8277520321265096,0.027435774046426494,0.6881188118811881,0.5815899581589958,0.8424242424242424,0.24338624338624337,0.9583333333333334,0.1393939393939394,0.03571428571428571,1.0,0.01818181818181818
amazon,net_uvu,0.1,1,3,SAGE,layer,default,2,11944,207348,0.8981654749744638,0.7652791144987766,0.09688057005405426,0.2213151603937149,1.3,17.360013961791992,9.0,42.0,651.0,0.08807769417762756,0.9682562351226807,1136,0.8964333556597455,0.8971032589713884,0.015476439744057414,0.7651046084539403,0.030282253116215158,0.6287128712871287,0.5313807531380753,0.7696969696969697,0.25396825396825395,1.0,0.14545454545454545,0.03571428571428571,1.0,0.01818181818181818
amazon,net_uvu,0.1,1,1,SAGE,pair,default,2,11944,207348,0.7405611167858359,0.4275726528077208,0.009939487092196941,0.01517500914633274,1.4,17.360013961791992,9.0,42.0,651.0,0.08807769417762756,0.9682562351226807,1136,0.8964333556597455,0.7399569115880243,0.02242642906545246,0.4283710471876522,0.03712726609718439,0.3415841584158416,0.28870292887029286,0.41818181818181815,0.24338624338624337,0.9583333333333334,0.1393939393939394,0.03571428571428571,1.0,0.01818181818181818
amazon,net_uvu,0.1,1,2,SAGE,pair,default,2,11944,207348,0.738233571671774,0.36303379240231004,0.0066816010512411594,0.012067804113030434,1.4,17.360013961791992,9.0,42.0,651.0,0.08807769417762756,0.9682562351226807,1136,0.8964333556597455,0.7370666244136674,0.022863559585574494,0.3665145903858616,0.041648005374924545,0.33663366336633666,0.28451882845188287,0.4121212121212121,0.17989417989417988,0.7083333333333334,0.10303030303030303,0.03571428571428571,1.0,0.01818181818181818
amazon,net_uvu,0.1,1,3,SAGE,pair,default,2,11944,207348,0.7647368062648962,0.39706338814615055,0.008369017392396927,0.01608702912926674,1.4,17.360013961791992,9.0,42.0,651.0,0.08807769417762756,0.9682562351226807,1136,0.8964333556597455,0.7651315577439078,0.022962253563742003,0.3967174070678616,0.04024243299108761,0.31683168316831684,0.26778242677824265,0.3878787878787879,0.2222222222222222,0.875,0.12727272727272726,0.03571428571428571,1.0,0.01818181818181818
amazon,net_uvu,0.1,2,1,GCN,layer,default,2,11944,207348,0.8673149472250595,0.6428145243976205,0.0018929813522845507,0.1493488997220993,2.4,17.360013961791992,9.0,41.0,634.0,0.09377092868089676,0.9686034917831421,1212,0.8886470194239786,0.8662731282361095,0.016293974327355097,0.6400074419763119,0.03258944361284676,0.5396039603960396,0.4560669456066946,0.6606060606060606,0.25396825396825395,1.0,0.14545454545454545,0.03571428571428571,1.0,0.01818181818181818
amazon,net_uvu,0.1,2,2,GCN,layer,default,2,11944,207348,0.903733060946544,0.7177441730778327,0.002120045479387045,0.14246530830860138,2.4,17.360013961791992,9.0,41.0,634.0,0.09377092868089676,0.9686034917831421,1212,0.8886470194239786,0.9043131205358281,0.016184988634206508,0.7181696374711428,0.03399387892181221,0.599009900990099,0.5062761506276151,0.7333333333333333,0.24338624338624337,0.9583333333333334,0.1393939393939394,0.03571428571428571,1.0,0.01818181818181818
amazon,net_uvu,0.1,2,3,GCN,layer,default,2,11944,207348,0.8738072863466123,0.693201378853219,0.002042071893811226,0.15859465301036835,2.4,17.360013961791992,9.0,41.0,634.0,0.09377092868089676,0.9686034917831421,1212,0.8886470194239786,0.8711113416252111,0.018498777139121448,0.6888021516306659,0.03423760024732939,0.5742574257425742,0.48535564853556484,0.703030303030303,0.25396825396825395,1.0,0.14545454545454545,0.03571428571428571,1.0,0.01818181818181818
amazon,net_uvu,0.1,2,1,GCN,pair,default,2,11944,207348,0.8196281920326864,0.5575475823923141,0.0010985777480527759,0.04744016379117966,2.5,17.360013961791992,9.0,41.0,634.0,0.09377092868089676,0.9686034917831421,1212,0.8886470194239786,0.8175524693097421,0.018767875478413774,0.5540690757390443,0.0336971435379367,0.4603960396039604,0.3891213389121339,0.5636363636363636,0.24338624338624337,0.9583333333333334,0.1393939393939394,0.03571428571428571,1.0,0.01818181818181818
amazon,net_uvu,0.1,2,2,GCN,pair,default,2,11944,207348,0.8498930881852231,0.5405390549527951,0.0009399913833476603,0.022715412080287933,2.4,17.360013961791992,9.0,41.0,634.0,0.09377092868089676,0.9686034917831421,1212,0.8886470194239786,0.8514023685833076,0.01900183439525575,0.5408150217802765,0.040704214541818814,0.4752475247524752,0.401673640167364,0.5818181818181818,0.24338624338624337,0.9583333333333334,0.1393939393939394,0.03571428571428571,1.0,0.01818181818181818
amazon,net_uvu,0.1,2,3,GCN,pair,default,2,11944,207348,0.8227592781750086,0.568338667992097,0.0011467419099062681,0.03799976781010628,2.4,17.360013961791992,9.0,41.0,634.0,0.09377092868089676,0.9686034917831421,1212,0.8886470194239786,0.8179534843344015,0.020643460784240092,0.5629582336471287,0.03531285261397212,0.48514851485148514,0.4100418410041841,0.593939393939394,0.24338624338624337,0.9583333333333334,0.1393939393939394,0.03571428571428571,1.0,0.01818181818181818
amazon,net_uvu,0.1,2,1,SAGE,layer,default,2,11944,207348,0.9018181818181819,0.7597439936540907,0.052018504589796066,0.18718372285366058,1.2,17.360013961791992,9.0,41.0,634.0,0.09377092868089676,0.9686034917831421,1212,0.8886470194239786,0.90197734978207,0.015234605575349414,0.7588592182761977,0.0290649517317362,0.6287128712871287,0.5313807531380753,0.7696969696969697,0.25396825396825395,1.0,0.14545454545454545,0.03571428571428571,1.0,0.01818181818181818
amazon,net_uvu,0.1,2,2,SAGE,layer,default,2,11944,207348,0.9200817160367722,0.8339128505787643,0.07259390503168106,0.21919743716716766,1.3,17.360013961791992,9.0,41.0,634.0,0.09377092868089676,0.9686034917831421,1212,0.8886470194239786,0.9190912905296136,0.017357763936053636,0.8337177035399381,0.027753181865634007,0.6782178217821783,0.5732217573221757,0.8303030303030303,0.25396825396825395,1.0,0.14545454545454545,0.03571428571428571,1.0,0.01818181818181818
amazon,net_uvu,0.1,2,3,SAGE,layer,default,2,11944,207348,0.8990779707184202,0.7822797579759581,0.09778106212615967,0.22676227986812592,1.2,17.360013961791992,9.0,41.0,634.0,0.09377092868089676,0.9686034917831421,1212,0.8886470194239786,0.8985032676933349,0.017083997543607832,0.7819934667086536,0.030177199729653964,0.6287128712871287,0.5313807531380753,0.7696969696969697,0.25396825396825395,1.0,0.14545454545454545,0.03571428571428571,1.0,0.01818181818181818
amazon,net_uvu,0.1,2,1,SAGE,pair,default,2,11944,207348,0.7178971739870617,0.3898191524464257,0.010588998906314373,0.015415684320032597,1.4,17.360013961791992,9.0,41.0,634.0,0.09377092868089676,0.9686034917831421,1212,0.8886470194239786,0.7141607266076484,0.022119421581913705,0.3918974006939183,0.03723525856922571,0.3217821782178218,0.2719665271966527,0.3939393939393939,0.21164021164021163,0.8333333333333334,0.12121212121212122,0.03571428571428571,1.0,0.01818181818181818
amazon,net_uvu,0.1,2,2,SAGE,pair,default,2,11944,207348,0.7783316309159006,0.41166034306582405,0.007255829405039549,0.012090631760656834,1.4,17.360013961791992,9.0,41.0,634.0,0.09377092868089676,0.9686034917831421,1212,0.8886470194239786,0.7770047294747697,0.02157768195110371,0.4137130610501086,0.040293389302766124,0.41089108910891087,0.3472803347280335,0.503030303030303,0.1693121693121693,0.6666666666666666,0.09696969696969697,0.03571428571428571,1.0,0.01818181818181818
amazon,net_uvu,0.1,2,3,SAGE,pair,default,2,11944,207348,0.7841252979230509,0.4210631361214555,0.008676303550601006,0.016098376363515854,1.4,17.360013961791992,9.0,41.0,634.0,0.09377092868089676,0.9686034917831421,1212,0.8886470194239786,0.7823812899796126,0.02320980905002221,0.41765819549045746,0.0352989420494608,0.297029702970297,0.2510460251046025,0.36363636363636365,0.20105820105820105,0.7916666666666666,0.11515151515151516,0.03571428571428571,1.0,0.01818181818181818
amazon,net_uvu,0.1,3,1,GCN,layer,default,2,11944,207348,0.8887953694245829,0.6707908493086345,0.0017735668225213885,0.1507948786020279,2.4,17.360013961791992,9.0,41.0,631.0,0.09745478630065918,0.9687385559082031,1239,0.8886470194239786,0.8880444511146922,0.014342261971442144,0.6683958562187265,0.034836620895308576,0.5544554455445545,0.4686192468619247,0.6787878787878788,0.25396825396825395,1.0,0.14545454545454545,0.03571428571428571,1.0,0.01818181818181818
amazon,net_uvu,0.1,3,2,GCN,layer,default,2,11944,207348,0.8853701055498808,0.7154420269772118,0.002304814988747239,0.1469321846961975,2.4,17.360013961791992,9.0,41.0,631.0,0.09745478630065918,0.9687385559082031,1239,0.8886470194239786,0.8860668069041124,0.01687527144990466,0.7169325052078015,0.03043203732807476,0.5891089108910891,0.497907949790795,0.7212121212121212,0.25396825396825395,1.0,0.14545454545454545,0.03571428571428571,1.0,0.01818181818181818
amazon,net_uvu,0.1,3,3,GCN,layer,default,2,11944,207348,0.872902962206333,0.6853812447970791,0.001904942560940981,0.15977291762828827,2.4,17.360013961791992,9.0,41.0,631.0,0.09745478630065918,0.9687385559082031,1239,0.8886470194239786,0.8713935951425137,0.019192188601435244,0.68530000614821,0.039802256682138916,0.5693069306930693,0.4811715481171548,0.696969696969697,0.24338624338624337,0.9583333333333334,0.1393939393939394,0.03571428571428571,1.0,0.01818181818181818
amazon,net_uvu,0.1,3,1,GCN,pair,default,2,11944,207348,0.8145073203949609,0.593330002346272,0.0011135268723592162,0.04572771117091179,2.4,17.360013961791992,9.0,41.0,631.0,0.09745478630065918,0.9687385559082031,1239,0.8886470194239786,0.8131360464411699,0.022122089270228143,0.5899973738100985,0.03859752242945326,0.4752475247524752,0.401673640167364,0.5818181818181818,0.25396825396825395,1.0,0.14545454545454545,0.03571428571428571,1.0,0.01818181818181818
amazon,net_uvu,0.1,3,2,GCN,pair,default,2,11944,207348,0.8428478038815118,0.5743533187325023,0.0009026820189319551,0.02291911095380783,2.4,17.360013961791992,9.0,41.0,631.0,0.09745478630065918,0.9687385559082031,1239,0.8886470194239786,0.8432772823813072,0.018135169123396196,0.5740600977203021,0.0386624829041836,0.48514851485148514,0.4100418410041841,0.593939393939394,0.25396825396825395,1.0,0.14545454545454545,0.03571428571428571,1.0,0.01818181818181818
amazon,net_uvu,0.1,3,3,GCN,pair,default,2,11944,207348,0.8102213142662581,0.5510122146100999,0.001231711357831955,0.03980095311999321,2.4,17.360013961791992,9.0,41.0,631.0,0.09745478630065918,0.9687385559082031,1239,0.8886470194239786,0.8095639610192665,0.022011712750202743,0.555376630350385,0.03490098015445749,0.47029702970297027,0.39748953974895396,0.5757575757575758,0.25396825396825395,1.0,0.14545454545454545,0.03571428571428571,1.0,0.01818181818181818
amazon,net_uvu,0.1,3,1,SAGE,layer,default,2,11944,207348,0.9203432073544434,0.7882278449086446,0.051522254943847656,0.18744254112243652,1.2,17.360013961791992,9.0,41.0,631.0,0.09745478630065918,0.9687385559082031,1239,0.8886470194239786,0.9194181583327851,0.013817774149526276,0.7884268734401222,0.028878002179774386,0.6386138613861386,0.5397489539748954,0.7818181818181819,0.25396825396825395,1.0,0.14545454545454545,0.03571428571428571,1.0,0.01818181818181818
amazon,net_uvu,0.1,3,2,SAGE,layer,default,2,11944,207348,0.9143915560095335,0.8222943042969791,0.07626590132713318,0.22857673466205597,1.2,17.360013961791992,9.0,41.0,631.0,0.09745478630065918,0.9687385559082031,1239,0.8886470194239786,0.9140781477372234,0.017277786044588513,0.8216636602752909,0.02796298468134025,0.6584158415841584,0.5564853556485355,0.806060606060606,0.25396825396825395,1.0,0.14545454545454545,0.03571428571428571,1.0,0.01818181818181818
amazon,net_uvu,0.1,3,3,SAGE,layer,default,2,11944,207348,0.9049942117807287,0.7771186973939699,0.09383517503738403,0.22301152348518372,1.2,17.360013961791992,9.0,41.0,631.0,0.09745478630065918,0.9687385559082031,1239,0.8886470194239786,0.9033226264982374,0.016713091035069034,0.7780030601827739,0.0317054855270581,0.6287128712871287,0.5313807531380753,0.7696969696969697,0.25396825396825395,1.0,0.14545454545454545,0.03571428571428571,1.0,0.01818181818181818
amazon,net_uvu,0.1,3,1,SAGE,pair,default,2,11944,207348,0.743016683690841,0.39383936252996926,0.010383850894868374,0.015355114825069904,1.4,17.360013961791992,9.0,41.0,631.0,0.09745478630065918,0.9687385559082031,1239,0.8886470194239786,0.740841980896434,0.025349356534815536,0.39548893346210146,0.04329340341048052,0.297029702970297,0.2510460251046025,0.36363636363636365,0.2222222222222222,0.875,0.12727272727272726,0.03571428571428571,1.0,0.01818181818181818
amazon,net_uvu,0.1,3,2,SAGE,pair,default,2,11944,207348,0.783545114061968,0.4358878022400256,0.006691348273307085,0.012859530746936798,1.4,17.360013961791992,9.0,41.0,631.0,0.09745478630065918,0.9687385559082031,1239,0.8886470194239786,0.7820678403611343,0.021459472649504457,0.4398172933641183,0.040025829601981706,0.3811881188118812,0.32217573221757323,0.4666666666666667,0.17989417989417988,0.7083333333333334,0.10303030303030303,0.03571428571428571,1.0,0.01818181818181818
amazon,net_uvu,0.1,3,3,SAGE,pair,default,2,11944,207348,0.7530214504596526,0.3862135651392891,0.008432036265730858,0.01634553261101246,1.4,17.360013961791992,9.0,41.0,631.0,0.09745478630065918,0.9687385559082031,1239,0.8886470194239786,0.7575959175591478,0.024785687845505194,0.39060321704370876,0.0404705487837287,0.2623762376237624,0.2217573221757322,0.3212121212121212,0.21164021164021163,0.8333333333333334,0.12121212121212122,0.03571428571428571,1.0,0.01818181818181818
amazon,net_uvu,0.2,1,1,GCN,layer,default,2,11944,414694,0.8522683009874021,0.6094223777078143,0.0013680841075256467,0.10750946402549744,4.2,34.7198600769043,18.0,83.0,1309.0,0.044876087456941605,0.9686756730079651,585,0.9457468184862693,0.8507419567752862,0.016409252818657315,0.6069854341817078,0.03329957090606862,0.5,0.4225941422594142,0.6121212121212121,0.25396825396825395,1.0,0.14545454545454545,0.03571428571428571,1.0,0.01818181818181818
amazon,net_uvu,0.2,1,2,GCN,layer,default,2,11944,414694,0.8894341164453523,0.6895554543780941,0.0016988402931019664,0.10829360038042068,4.2,34.7198600769043,18.0,83.0,1309.0,0.044876087456941605,0.9686756730079651,585,0.9457468184862693,0.8892421306068702,0.01748336177755075,0.6852256518633828,0.03416380977719196,0.594059405940594,0.502092050209205,0.7272727272727273,0.25396825396825395,1.0,0.14545454545454545,0.03571428571428571,1.0,0.01818181818181818
amazon,net_uvu,0.2,1,3,GCN,layer,default,2,11944,414694,0.8404235614572695,0.5951217407729342,0.0015770908212289214,0.11916980147361755,4.1,34.7198600769043,18.0,83.0,1309.0,0.044876087456941605,0.9686756730079651,585,0.9457468184862693,0.8388660125207769,0.019235287217242037,0.5945860463443707,0.03924948283596752,0.5198019801980198,0.4393305439330544,0.6363636363636364,0.2328042328042328,0.9166666666666666,0.13333333333333333,0.03571428571428571,1.0,0.01818181818181818
amazon,net_uvu,0.2,1,1,GCN,pair,default,2,11944,414694,0.8156758597208037,0.5148375224943472,0.0008104019216261804,0.039691075682640076,4.2,34.7198600769043,18.0,83.0,1309.0,0.044876087456941605,0.9686756730079651,585,0.9457468184862693,0.8148670750951317,0.019072703107427938,0.5102846863984419,0.03393933066017108,0.41089108910891087,0.3472803347280335,0.503030303030303,0.25396825396825395,1.0,0.14545454545454545,0.03571428571428571,1.0,0.01818181818181818
amazon,net_uvu,0.2,1,2,GCN,pair,default,2,11944,414694,0.8472659176029962,0.532349901348555,0.0005358255584724247,0.016598893329501152,4.2,34.7198600769043,18.0,83.0,1309.0,0.044876087456941605,0.9686756730079651,585,0.9457468184862693,0.8476822252777141,0.018669536121854523,0.5266623881836208,0.03814943706214607,0.44554455445544555,0.37656903765690375,0.5454545454545454,0.2222222222222222,0.875,0.12727272727272726,0.03571428571428571,1.0,0.01818181818181818
amazon,net_uvu,0.2,1,3,GCN,pair,default,2,11944,414694,0.8027933265236636,0.4608118200138732,0.0009927315404638648,0.04001101478934288,4.2,34.7198600769043,18.0,83.0,1309.0,0.044876087456941605,0.9686756730079651,585,0.9457468184862693,0.8031898859374017,0.019623855087941632,0.4657032263026739,0.042758689849708924,0.3465346534653465,0.2928870292887029,0.42424242424242425,0.2328042328042328,0.9166666666666666,0.13333333333333333,0.03571428571428571,1.0,0.01818181818181818
amazon,net_uvu,0.2,1,1,SAGE,layer,default,2,11944,414694,0.9129451821586653,0.7856051158800513,0.04896320030093193,0.1504879891872406,1.8,34.7198600769043,18.0,83.0,1309.0,0.044876087456941605,0.9686756730079651,585,0.9457468184862693,0.9103752473000002,0.013833152629896784,0.7842590280036148,0.02776243354335623,0.6336633663366337,0.5355648535564853,0.7757575757575758,0.25396825396825395,1.0,0.14545454545454545,0.03571428571428571,1.0,0.01818181818181818
amazon,net_uvu,0.2,1,2,SAGE,layer,default,2,11944,414694,0.9352808988764046,0.8481837375038269,0.07289950549602509,0.1840769499540329,1.9,34.7198600769043,18.0,83.0,1309.0,0.044876087456941605,0.9686756730079651,585,0.9457468184862693,0.9336862034673448,0.014639740494370192,0.8462703873168032,0.02666957287175816,0.6881188118811881,0.5815899581589958,0.8424242424242424,0.24338624338624337,0.9583333333333334,0.1393939393939394,0.03571428571428571,1.0,0.01818181818181818
amazon,net_uvu,0.2,1,3,SAGE,layer,default,2,11944,414694,0.9217024174327545,0.7774295916130782,0.09854888916015625,0.19977910816669464,1.8,34.7198600769043,18.0,83.0,1309.0,0.044876087456941605,0.9686756730079651,585,0.9457468184862693,0.9213169065991049,0.012373331024823294,0.778675972030027,0.030919443969078524,0.6386138613861386,0.5397489539748954,0.7818181818181819,0.24338624338624337,0.9583333333333334,0.1393939393939394,0.03571428571428571,1.0,0.01818181818181818
amazon,net_uvu,0.2,1,1,SAGE,pair,default,2,11944,414694,0.7346162751106572,0.39900380233512023,0.011407424695789814,0.015412337146699429,1.9,34.7198600769043,18.0,83.0,1309.0,0.044876087456941605,0.9686756730079651,585,0.9457468184862693,0.7307143647252502,0.022635671766214276,0.3969502668909513,0.03370073096751665,0.3465346534653465,0.2928870292887029,0.42424242424242425,0.25396825396825395,1.0,0.14545454545454545,0.03571428571428571,1.0,0.01818181818181818
amazon,net_uvu,0.2,1,2,SAGE,pair,default,2,11944,414694,0.7673299284984678,0.43674643864244306,0.007684812881052494,0.011064166203141212,1.9,34.7198600769043,18.0,83.0,1309.0,0.044876087456941605,0.9686756730079651,585,0.9457468184862693,0.7621627211659151,0.02359832303210441,0.430746395554761,0.03817054871883342,0.400990099009901,0.3389121338912134,0.4909090909090909,0.2328042328042328,0.9166666666666666,0.13333333333333333,0.03571428571428571,1.0,0.01818181818181818
amazon,net_uvu,0.2,1,3,SAGE,pair,default,2,11944,414694,0.7482165474974465,0.32918928068596476,0.00937509723007679,0.017828403040766716,1.9,34.7198600769043,18.0,83.0,1309.0,0.044876087456941605,0.9686756730079651,585,0.9457468184862693,0.7490809064485439,0.023313334561508168,0.3344652479384386,0.041489672588568935,0.3465346534653465,0.2928870292887029,0.42424242424242425,0.19047619047619047,0.75,0.10909090909090909,0.03571428571428571,1.0,0.01818181818181818
amazon,net_uvu,0.2,2,1,GCN,layer,default,2,11944,414694,0.8549159005788218,0.6040997643184844,0.0013735252432525158,0.11150101572275162,4.2,34.7198600769043,17.0,81.0,1279.0,0.04613194987177849,0.9683236479759216,612,0.941728064300067,0.8528474301257767,0.018676326497659528,0.6035069021078635,0.03626909915111802,0.5099009900990099,0.4309623430962343,0.6242424242424243,0.2328042328042328,0.9166666666666666,0.13333333333333333,0.03571428571428571,1.0,0.01818181818181818
amazon,net_uvu,0.2,2,2,GCN,layer,default,2,11944,414694,0.8952332311882872,0.6753233407586423,0.001656098524108529,0.1111329197883606,4.2,34.7198600769043,17.0,81.0,1279.0,0.04613194987177849,0.9683236479759216,612,0.941728064300067,0.895955379099678,0.016178445858817565,0.6751332271134014,0.041211114740930616,0.5891089108910891,0.497907949790795,0.7212121212121212,0.2222222222222222,0.875,0.12727272727272726,0.03571428571428571,1.0,0.01818181818181818
amazon,net_uvu,0.2,2,3,GCN,layer,default,2,11944,414694,0.8542403813415049,0.6106062903738508,0.0014862995594739914,0.11920950561761856,4.2,34.7198600769043,17.0,81.0,1279.0,0.04613194987177849,0.9683236479759216,612,0.941728064300067,0.8512011627550143,0.0186275303246413,0.6087371813217952,0.03955482099443353,0.5198019801980198,0.4393305439330544,0.6363636363636364,0.2328042328042328,0.9166666666666666,0.13333333333333333,0.03571428571428571,1.0,0.01818181818181818
amazon,net_uvu,0.2,2,1,GCN,pair,default,2,11944,414694,0.8166019748042221,0.4800808617744821,0.0007857573218643665,0.04034046456217766,4.2,34.7198600769043,17.0,81.0,1279.0,0.04613194987177849,0.9683236479759216,612,0.941728064300067,0.8163860459706462,0.017589065323299995,0.4798631391174705,0.033896182195219456,0.38613861386138615,0.3263598326359833,0.4727272727272727,0.2328042328042328,0.9166666666666666,0.13333333333333333,0.03571428571428571,1.0,0.01818181818181818
amazon,net_uvu,0.2,2,2,GCN,pair,default,2,11944,414694,0.8464596527068438,0.46525492965006354,0.0005819321377202868,0.01802019588649273,4.2,34.7198600769043,17.0,81.0,1279.0,0.04613194987177849,0.9683236479759216,612,0.941728064300067,0.8472800176482151,0.019079391806302536,0.46324038568497966,0.04266286418719015,0.39603960396039606,0.33472803347280333,0.48484848484848486,0.2222222222222222,0.875,0.12727272727272726,0.03571428571428571,1.0,0.01818181818181818
amazon,net_uvu,0.2,2,3,GCN,pair,default,2,11944,414694,0.8136057201225741,0.46964079142103077,0.0009974936256185174,0.040097955614328384,4.2,34.7198600769043,17.0,81.0,1279.0,0.04613194987177849,0.9683236479759216,612,0.941728064300067,0.8110437420453218,0.020376443668256077,0.46822027147654205,0.03802471952217419,0.37623762376237624,0.3179916317991632,0.46060606060606063,0.24338624338624337,0.9583333333333334,0.1393939393939394,0.03571428571428571,1.0,0.01818181818181818
amazon,net_uvu,0.2,2,1,SAGE,layer,default,2,11944,414694,0.9204167517875383,0.7763727839873118,0.05471054092049599,0.16079910099506378,1.9,34.7198600769043,17.0,81.0,1279.0,0.04613194987177849,0.9683236479759216,612,0.941728064300067,0.9201344344854441,0.012431107271240454,0.7760786235423598,0.02907569274180831,0.6386138613861386,0.5397489539748954,0.7818181818181819,0.25396825396825395,1.0,0.14545454545454545,0.03571428571428571,1.0,0.01818181818181818
amazon,net_uvu,0.2,2,2,SAGE,layer,default,2,11944,414694,0.935297242083759,0.848159628756465,0.07512126117944717,0.1879032999277115,1.8,34.7198600769043,17.0,81.0,1279.0,0.04613194987177849,0.9683236479759216,612,0.941728064300067,0.9341685305043425,0.014537481889618745,0.8471671787342521,0.02816039051470395,0.6831683168316832,0.5774058577405857,0.8363636363636363,0.24338624338624337,0.9583333333333334,0.1393939393939394,0.03571428571428571,1.0,0.01818181818181818
amazon,net_uvu,0.2,2,3,SAGE,layer,default,2,11944,414694,0.9180088525706503,0.789223588325681,0.10086873918771744,0.20399168133735657,1.9,34.7198600769043,17.0,81.0,1279.0,0.04613194987177849,0.9683236479759216,612,0.941728064300067,0.9171475791179732,0.013739732708647999,0.7893788873580135,0.02909325993943624,0.6336633663366337,0.5355648535564853,0.7757575757575758,0.25396825396825395,1.0,0.14545454545454545,0.03571428571428571,1.0,0.01818181818181818
amazon,net_uvu,0.2,2,1,SAGE,pair,default,2,11944,414694,0.7028478038815118,0.3392148506404926,0.011552899144589901,0.015591287054121494,1.9,34.7198600769043,17.0,81.0,1279.0,0.04613194987177849,0.9683236479759216,612,0.941728064300067,0.7005577806905078,0.020233234517367003,0.34050645261478674,0.03163915883190197,0.32673267326732675,0.27615062761506276,0.4,0.24338624338624337,0.9583333333333334,0.1393939393939394,0.03571428571428571,1.0,0.01818181818181818
amazon,net_uvu,0.2,2,2,SAGE,pair,default,2,11944,414694,0.7714674838270343,0.3728771797221204,0.007197377737611532,0.01157781109213829,1.9,34.7198600769043,17.0,81.0,1279.0,0.04613194987177849,0.9683236479759216,612,0.941728064300067,0.7680493349565097,0.02088977404992333,0.3739606295511215,0.03758454704847588,0.40594059405940597,0.34309623430962344,0.49696969696969695,0.19047619047619047,0.75,0.10909090909090909,0.03571428571428571,1.0,0.01818181818181818
amazon,net_uvu,0.2,2,3,SAGE,pair,default,2,11944,414694,0.7330636704119851,0.3406628963294134,0.009114904329180717,0.016364749521017075,1.9,34.7198600769043,17.0,81.0,1279.0,0.04613194987177849,0.9683236479759216,612,0.941728064300067,0.7316441293461398,0.02730643602544519,0.3415513710791735,0.03737864732521782,0.3613861386138614,0.3054393305439331,0.44242424242424244,0.2222222222222222,0.875,0.12727272727272726,0.03571428571428571,1.0,0.01818181818181818
amazon,net_uvu,0.2,3,1,GCN,layer,default,2,11944,414694,0.8562070139598229,0.5999645126233548,0.001417458290234208,0.10906099528074265,4.2,34.7198600769043,17.0,83.0,1267.0,0.04864367097616196,0.9682223796844482,631,0.9411419959812458,0.855260901394555,0.017481196231718003,0.5992376240665505,0.03500028898191209,0.5247524752475248,0.4435146443514644,0.6424242424242425,0.2328042328042328,0.9166666666666666,0.13333333333333333,0.03571428571428571,1.0,0.01818181818181818
amazon,net_uvu,0.2,3,2,GCN,layer,default,2,11944,414694,0.8798338440585631,0.6563537270348725,0.0017692840192466974,0.10949567705392838,4.2,34.7198600769043,17.0,83.0,1267.0,0.04864367097616196,0.9682223796844482,631,0.9411419959812458,0.8808928426049053,0.017775569117932693,0.6597579859976375,0.03733863802656861,0.5693069306930693,0.4811715481171548,0.696969696969697,0.2328042328042328,0.9166666666666666,0.13333333333333333,0.03571428571428571,1.0,0.01818181818181818
amazon,net_uvu,0.2,3,3,GCN,layer,default,2,11944,414694,0.8677643854273068,0.6231725884034892,0.0015900129219517112,0.11989027261734009,4.2,34.7198600769043,17.0,83.0,1267.0,0.04864367097616196,0.9682223796844482,631,0.9411419959812458,0.8668915208394994,0.01962729021879257,0.6278552562554989,0.04457836963887814,0.5495049504950495,0.46443514644351463,0.6727272727272727,0.2328042328042328,0.9166666666666666,0.13333333333333333,0.023809523809523808,0.6666666666666666,0.012121212121212121
amazon,net_uvu,0.2,3,1,GCN,pair,default,2,11944,414694,0.8144937010554988,0.48351515933027317,0.0007579628727398813,0.03764362633228302,4.2,34.7198600769043,17.0,83.0,1267.0,0.04864367097616196,0.9682223796844482,631,0.9411419959812458,0.8140057530022184,0.018678160964670513,0.4810167471488874,0.03514997458724394,0.400990099009901,0.3389121338912134,0.4909090909090909,0.24338624338624337,0.9583333333333334,0.1393939393939394,0.03571428571428571,1.0,0.01818181818181818
amazon,net_uvu,0.2,3,2,GCN,pair,default,2,11944,414694,0.8349581205311541,0.4810937078197631,0.0005411525489762425,0.016766369342803955,4.2,34.7198600769043,17.0,83.0,1267.0,0.04864367097616196,0.9682223796844482,631,0.9411419959812458,0.8359642081716917,0.01897146815335497,0.48039120596819074,0.04270861132271351,0.43564356435643564,0.3682008368200837,0.5333333333333333,0.2328042328042328,0.9166666666666666,0.13333333333333333,0.03571428571428571,1.0,0.01818181818181818
amazon,net_uvu,0.2,3,3,GCN,pair,default,2,11944,414694,0.8097541709227102,0.47260571684159175,0.0009298431687057018,0.03656931594014168,4.2,34.7198600769043,17.0,83.0,1267.0,0.04864367097616196,0.9682223796844482,631,0.9411419959812458,0.8091991898680527,0.020182639788978583,0.4768020940484511,0.03742835738933281,0.39603960396039606,0.33472803347280333,0.48484848484848486,0.24338624338624337,0.9583333333333334,0.1393939393939394,0.03571428571428571,1.0,0.01818181818181818
amazon,net_uvu,0.2,3,1,SAGE,layer,default,2,11944,414694,0.923772557030984,0.7854672658810765,0.05163579806685448,0.15896205604076385,1.9,34.7198600769043,17.0,83.0,1267.0,0.04864367097616196,0.9682223796844482,631,0.9411419959812458,0.9231468929552973,0.013242791195415951,0.7850501562750847,0.030816671382515325,0.6237623762376238,0.5271966527196653,0.7636363636363637,0.25396825396825395,1.0,0.14545454545454545,0.03571428571428571,1.0,0.01818181818181818
amazon,net_uvu,0.2,3,2,SAGE,layer,default,2,11944,414694,0.9250010214504596,0.8297860537933418,0.07574889808893204,0.19368737936019897,1.8,34.7198600769043,17.0,83.0,1267.0,0.04864367097616196,0.9682223796844482,631,0.9411419959812458,0.9259229657884582,0.015245571559759032,0.8300648663269545,0.027132872844206034,0.6584158415841584,0.5564853556485355,0.806060606060606,0.25396825396825395,1.0,0.14545454545454545,0.03571428571428571,1.0,0.01818181818181818
amazon,net_uvu,0.2,3,3,SAGE,layer,default,2,11944,414694,0.9199904664623765,0.7863586823749555,0.10120878368616104,0.21102145314216614,1.8,34.7198600769043,17.0,83.0,1267.0,0.04864367097616196,0.9682223796844482,631,0.9411419959812458,0.9186212985362029,0.014119124458821729,0.7879495226109329,0.032907814478465316,0.6386138613861386,0.5397489539748954,0.7818181818181819,0.24338624338624337,0.9583333333333334,0.1393939393939394,0.03571428571428571,1.0,0.01818181818181818
amazon,net_uvu,0.2,3,1,SAGE,pair,default,2,11944,414694,0.7135171944160706,0.3278556111574614,0.012073433957993984,0.015432667918503284,1.9,34.7198600769043,17.0,83.0,1267.0,0.04864367097616196,0.9682223796844482,631,0.9411419959812458,0.7102403147007275,0.0239096696364274,0.3259240596943828,0.03611405553054251,0.35148514851485146,0.29707112970711297,0.4303030303030303,0.2328042328042328,0.9166666666666666,0.13333333333333333,0.03571428571428571,1.0,0.01818181818181818
amazon,net_uvu,0.2,3,2,SAGE,pair,default,2,11944,414694,0.7556064010895471,0.3681231650344525,0.007381102070212364,0.011866917833685875,1.9,34.7198600769043,17.0,83.0,1267.0,0.04864367097616196,0.9682223796844482,631,0.9411419959812458,0.7561022805645318,0.022892649660336085,0.37372332993058804,0.03669975496306908,0.39603960396039606,0.33472803347280333,0.48484848484848486,0.21164021164021163,0.8333333333333334,0.12121212121212122,0.03571428571428571,1.0,0.01818181818181818
amazon,net_uvu,0.2,3,3,SAGE,pair,default,2,11944,414694,0.7621600272386788,0.350655616698635,0.009271557442843914,0.015994809567928314,1.9,34.7198600769043,17.0,83.0,1267.0,0.04864367097616196,0.9682223796844482,631,0.9411419959812458,0.7661461082445219,0.023575011156182196,0.3529240599964274,0.03713424891962863,0.35148514851485146,0.29707112970711297,0.4303030303030303,0.2222222222222222,0.875,0.12727272727272726,0.03571428571428571,1.0,0.01818181818181818
amazon,net_uvu,0.4,1,1,GCN,layer,default,2,11944,829390,0.8501899897854954,0.5774161283973066,0.0012106740614399314,0.08013483136892319,7.6,69.43988800048828,36.0,165.0,2623.0,0.02017749473452568,0.968335747718811,271,0.9732083054253181,0.8473204632798236,0.01710861701601585,0.5734972015379561,0.03604357413444576,0.4900990099009901,0.41422594142259417,0.6,0.2328042328042328,0.9166666666666666,0.13333333333333333,0.03571428571428571,1.0,0.01818181818181818
amazon,net_uvu,0.4,1,2,GCN,layer,default,2,11944,829390,0.8849574395641812,0.6477948034639176,0.001464166445657611,0.08105818182229996,7.6,69.43988800048828,36.0,165.0,2623.0,0.02017749473452568,0.968335747718811,271,0.9732083054253181,0.8857171628277181,0.017278232009796366,0.6481818506652129,0.035992552346718894,0.5594059405940595,0.47280334728033474,0.6848484848484848,0.2328042328042328,0.9166666666666666,0.13333333333333333,0.03571428571428571,1.0,0.01818181818181818
amazon,net_uvu,0.4,1,3,GCN,layer,default,2,11944,829390,0.8469431392577459,0.5788617281183663,0.0013296514516696334,0.08713218569755554,7.6,69.43988800048828,36.0,165.0,2623.0,0.02017749473452568,0.968335747718811,271,0.9732083054253181,0.8450034659116546,0.019402809706870028,0.5800501576498492,0.039660023220238184,0.5247524752475248,0.4435146443514644,0.6424242424242425,0.2222222222222222,0.875,0.12727272727272726,0.03571428571428571,1.0,0.01818181818181818
amazon,net_uvu,0.4,1,1,GCN,pair,default,2,11944,829390,0.8133605720122573,0.43301887204341794,0.0007306287297978997,0.03339278697967529,7.7,69.43988800048828,36.0,165.0,2623.0,0.02017749473452568,0.968335747718811,271,0.9732083054253181,0.8129564721205722,0.01768000351247232,0.43199172902215305,0.03378774400251945,0.40594059405940597,0.34309623430962344,0.49696969696969695,0.25396825396825395,1.0,0.14545454545454545,0.03571428571428571,1.0,0.01818181818181818
amazon,net_uvu,0.4,1,2,GCN,pair,default,2,11944,829390,0.845859039836568,0.4880195073865882,0.0005077887326478958,0.011949499137699604,7.6,69.43988800048828,36.0,165.0,2623.0,0.02017749473452568,0.968335747718811,271,0.9732083054253181,0.8464319043728119,0.018969681649864775,0.4842049370426488,0.03946343070042419,0.43564356435643564,0.3682008368200837,0.5333333333333333,0.2222222222222222,0.875,0.12727272727272726,0.03571428571428571,1.0,0.01818181818181818
amazon,net_uvu,0.4,1,3,GCN,pair,default,2,11944,829390,0.8077575757575757,0.39913955480149965,0.0009045315673574805,0.03547300770878792,7.6,69.43988800048828,36.0,165.0,2623.0,0.02017749473452568,0.968335747718811,271,0.9732083054253181,0.8070611883604667,0.018978409868536317,0.40423056095403737,0.039513889984167626,0.3564356435643564,0.301255230125523,0.43636363636363634,0.2328042328042328,0.9166666666666666,0.13333333333333333,0.03571428571428571,1.0,0.01818181818181818
amazon,net_uvu,0.4,1,1,SAGE,layer,default,2,11944,829390,0.9447681307456589,0.8091004325555123,0.05223647505044937,0.13176465034484863,3.1,69.43988800048828,36.0,165.0,2623.0,0.02017749473452568,0.968335747718811,271,0.9732083054253181,0.9436033938110802,0.00881190751261327,0.80752752110376,0.026899529440978943,0.6485148514851485,0.5481171548117155,0.793939393939394,0.25396825396825395,1.0,0.14545454545454545,0.03571428571428571,1.0,0.01818181818181818
amazon,net_uvu,0.4,1,2,SAGE,layer,default,2,11944,829390,0.9510466462376576,0.8591008958474208,0.06995770335197449,0.16209161281585693,3.2,69.43988800048828,36.0,165.0,2623.0,0.02017749473452568,0.968335747718811,271,0.9732083054253181,0.9512907934011297,0.011899302684109858,0.8585991019090504,0.025913685497800258,0.6881188118811881,0.5815899581589958,0.8424242424242424,0.25396825396825395,1.0,0.14545454545454545,0.03571428571428571,1.0,0.01818181818181818
amazon,net_uvu,0.4,1,3,SAGE,layer,default,2,11944,829390,0.9397153558052435,0.7997602486654544,0.10152502357959747,0.19656307995319366,3.2,69.43988800048828,36.0,165.0,2623.0,0.02017749473452568,0.968335747718811,271,0.9732083054253181,0.9405655767255803,0.01046091963101636,0.803102338834265,0.0303530025951427,0.6534653465346535,0.5523012552301255,0.8,0.24338624338624337,0.9583333333333334,0.1393939393939394,0.03571428571428571,1.0,0.01818181818181818
amazon,net_uvu,0.4,1,1,SAGE,pair,default,2,11944,829390,0.7218604017705141,0.34148262990015243,0.012417343445122242,0.01662970334291458,3.2,69.43988800048828,36.0,165.0,2623.0,0.02017749473452568,0.968335747718811,271,0.9732083054253181,0.7176085692265228,0.0231666963270196,0.33817374481158446,0.034745203506711786,0.36633663366336633,0.30962343096234307,0.4484848484848485,0.2328042328042328,0.9166666666666666,0.13333333333333333,0.03571428571428571,1.0,0.01818181818181818
amazon,net_uvu,0.4,1,2,SAGE,pair,default,2,11944,829390,0.7671011235955056,0.4188783257042344,0.008272593840956688,0.010172554291784763,3.3,69.43988800048828,36.0,165.0,2623.0,0.02017749473452568,0.968335747718811,271,0.9732083054253181,0.7645145847368301,0.023548310260550428,0.41269756177459294,0.03784346358085863,0.4158415841584158,0.3514644351464435,0.509090909090909,0.25396825396825395,1.0,0.14545454545454545,0.03571428571428571,1.0,0.01818181818181818
amazon,net_uvu,0.4,1,3,SAGE,pair,default,2,11944,829390,0.7626285325161731,0.3095478113029764,0.010135174728929996,0.021803058683872223,3.3,69.43988800048828,36.0,165.0,2623.0,0.02017749473452568,0.968335747718811,271,0.9732083054253181,0.7617359424863878,0.02300646991695101,0.3140767038727549,0.03852921486313458,0.38613861386138615,0.3263598326359833,0.4727272727272727,0.14814814814814814,0.5833333333333334,0.08484848484848485,0.03571428571428571,1.0,0.01818181818181818
amazon,net_uvu,0.4,2,1,GCN,layer,default,2,11944,829390,0.8432931562819204,0.5645571768285126,0.0014173155650496483,0.0821814015507698,7.6,69.43988800048828,35.0,164.0,2578.0,0.020596114918589592,0.9683213233947754,284,0.9717849966510381,0.8415180789455539,0.01749154036862358,0.5644871740346338,0.0349097410192683,0.5198019801980198,0.4393305439330544,0.6363636363636364,0.2328042328042328,0.9166666666666666,0.13333333333333333,0.03571428571428571,1.0,0.01818181818181818
amazon,net_uvu,0.4,2,2,GCN,layer,default,2,11944,829390,0.8768484848484848,0.610678988036903,0.0016686238814145327,0.08335663378238678,7.6,69.43988800048828,35.0,164.0,2578.0,0.020596114918589592,0.9683213233947754,284,0.9717849966510381,0.8777480367671621,0.016775656152167716,0.6097561813594612,0.04438414825229376,0.5742574257425742,0.48535564853556484,0.703030303030303,0.2222222222222222,0.875,0.12727272727272726,0.03571428571428571,1.0,0.01818181818181818
amazon,net_uvu,0.4,2,3,GCN,layer,default,2,11944,829390,0.8422172284644194,0.5903108717565086,0.0014982214197516441,0.08681094646453857,7.6,69.43988800048828,35.0,164.0,2578.0,0.020596114918589592,0.9683213233947754,284,0.9717849966510381,0.8394516521917201,0.019462332112933092,0.5903562904146191,0.03868537183831175,0.5495049504950495,0.46443514644351463,0.6727272727272727,0.2328042328042328,0.9166666666666666,0.13333333333333333,0.03571428571428571,1.0,0.01818181818181818
amazon,net_uvu,0.4,2,1,GCN,pair,default,2,11944,829390,0.8081607082056521,0.4115664290634886,0.0007456981111317873,0.03189115598797798,7.7,69.43988800048828,35.0,164.0,2578.0,0.020596114918589592,0.9683213233947754,284,0.9717849966510381,0.8073311405539243,0.018290266286551945,0.41018941333835085,0.03474982469209406,0.3712871287128713,0.3138075313807531,0.45454545454545453,0.2222222222222222,0.875,0.12727272727272726,0.03571428571428571,1.0,0.01818181818181818
amazon,net_uvu,0.4,2,2,GCN,pair,default,2,11944,829390,0.8453278855975486,0.4534899193594773,0.0004963577957823873,0.01144169270992279,7.7,69.43988800048828,35.0,164.0,2578.0,0.020596114918589592,0.9683213233947754,284,0.9717849966510381,0.8461419952384172,0.019669596540886913,0.4505235664330433,0.04635854761081444,0.41089108910891087,0.3472803347280335,0.503030303030303,0.21164021164021163,0.8333333333333334,0.12121212121212122,0.03571428571428571,1.0,0.01818181818181818
amazon,net_uvu,0.4,2,3,GCN,pair,default,2,11944,829390,0.8107538304392238,0.400797841735988,0.0009085428901016712,0.032626572996377945,7.7,69.43988800048828,35.0,164.0,2578.0,0.020596114918589592,0.9683213233947754,284,0.9717849966510381,0.8089281375847,0.01879981256350419,0.4029734989757713,0.03787497381146315,0.37623762376237624,0.3179916317991632,0.46060606060606063,0.2328042328042328,0.9166666666666666,0.13333333333333333,0.03571428571428571,1.0,0.01818181818181818
amazon,net_uvu,0.4,2,1,SAGE,layer,default,2,11944,829390,0.9313530813755533,0.7957259423209693,0.057959217578172684,0.14586783945560455,3.3,69.43988800048828,35.0,164.0,2578.0,0.020596114918589592,0.9683213233947754,284,0.9717849966510381,0.930706960627197,0.012413757480728625,0.7957035980216999,0.02998057153863469,0.6485148514851485,0.5481171548117155,0.793939393939394,0.24338624338624337,0.9583333333333334,0.1393939393939394,0.03571428571428571,1.0,0.01818181818181818
amazon,net_uvu,0.4,2,2,SAGE,layer,default,2,11944,829390,0.9592345931222335,0.863095315391632,0.07620487362146378,0.17003867030143738,3.3,69.43988800048828,35.0,164.0,2578.0,0.020596114918589592,0.9683213233947754,284,0.9717849966510381,0.9599266259165156,0.008646968810189403,0.8634628697640153,0.023854353328247122,0.6881188118811881,0.5815899581589958,0.8424242424242424,0.25396825396825395,1.0,0.14545454545454545,0.047337278106508875,1.0,0.024242424242424242
amazon,net_uvu,0.4,2,3,SAGE,layer,default,2,11944,829390,0.9409410963568268,0.8052949038917595,0.10408565402030945,0.19971208274364471,3.3,69.43988800048828,35.0,164.0,2578.0,0.020596114918589592,0.9683213233947754,284,0.9717849966510381,0.942448760781304,0.010227821526390998,0.8073806717630311,0.02768276936863484,0.6485148514851485,0.5481171548117155,0.793939393939394,0.24338624338624337,0.9583333333333334,0.1393939393939394,0.047337278106508875,1.0,0.024242424242424242
amazon,net_uvu,0.4,2,1,SAGE,pair,default,2,11944,829390,0.6914157303370787,0.29589915264713057,0.012302587740123272,0.01489571388810873,3.3,69.43988800048828,35.0,164.0,2578.0,0.020596114918589592,0.9683213233947754,284,0.9717849966510381,0.6880764847748518,0.023557067170161084,0.29637603666275075,0.02982072310874085,0.3564356435643564,0.301255230125523,0.43636363636363634,0.20105820105820105,0.7916666666666666,0.11515151515151516,0.03571428571428571,1.0,0.01818181818181818
amazon,net_uvu,0.4,2,2,SAGE,pair,default,2,11944,829390,0.7749186244467144,0.40060703107363105,0.007235804107040167,0.010039903223514557,3.3,69.43988800048828,35.0,164.0,2578.0,0.020596114918589592,0.9683213233947754,284,0.9717849966510381,0.7724765573760135,0.022239669195811156,0.3982417789055154,0.03898735973384931,0.43564356435643564,0.3682008368200837,0.5333333333333333,0.2222222222222222,0.875,0.12727272727272726,0.03571428571428571,1.0,0.01818181818181818
amazon,net_uvu,0.4,2,3,SAGE,pair,default,2,11944,829390,0.7395900578821928,0.3149997777162585,0.009573566727340221,0.01686435006558895,3.3,69.43988800048828,35.0,164.0,2578.0,0.020596114918589592,0.9683213233947754,284,0.9717849966510381,0.7389072861720359,0.025490782800059238,0.31638457033349066,0.03559753678047352,0.3811881188118812,0.32217573221757323,0.4666666666666667,0.19047619047619047,0.75,0.10909090909090909,0.03571428571428571,1.0,0.01818181818181818
amazon,net_uvu,0.4,3,1,GCN,layer,default,2,11944,829390,0.8437616615594143,0.5798168256556608,0.001363783492706716,0.08113965392112732,7.6,69.43988800048828,35.0,165.0,2580.0,0.021014735102653503,0.9683020114898682,282,0.9725385130609511,0.8416754606177405,0.01757388595026497,0.5772400079322036,0.03618005011413498,0.5099009900990099,0.4309623430962343,0.6242424242424243,0.2222222222222222,0.875,0.12727272727272726,0.03571428571428571,1.0,0.01818181818181818
amazon,net_uvu,0.4,3,2,GCN,layer,default,2,11944,829390,0.8814817841334694,0.6300325613815065,0.0016209499444812536,0.08226826041936874,7.6,69.43988800048828,35.0,165.0,2580.0,0.021014735102653503,0.9683020114898682,282,0.9725385130609511,0.8826309584657872,0.017456837888891432,0.6320785009786246,0.0390580908134418,0.5792079207920792,0.4895397489539749,0.7090909090909091,0.2328042328042328,0.9166666666666666,0.13333333333333333,0.03571428571428571,1.0,0.01818181818181818
amazon,net_uvu,0.4,3,3,GCN,layer,default,2,11944,829390,0.8437929860401769,0.5748308080133543,0.001471124473027885,0.08621156960725784,7.6,69.43988800048828,35.0,165.0,2580.0,0.021014735102653503,0.9683020114898682,282,0.9725385130609511,0.842742025959122,0.020106129243874282,0.5770791034655369,0.04310286024281702,0.5198019801980198,0.4393305439330544,0.6363636363636364,0.2222222222222222,0.875,0.12727272727272726,0.03550295857988166,0.75,0.01818181818181818
amazon,net_uvu,0.4,3,1,GCN,pair,default,2,11944,829390,0.8194456928838951,0.4388493474275259,0.0007207291782833636,0.03241404518485069,7.7,69.43988800048828,35.0,165.0,2580.0,0.021014735102653503,0.9683020114898682,282,0.9725385130609511,0.819445442726107,0.01731464862414936,0.4372135020477239,0.03491217388007567,0.41089108910891087,0.3472803347280335,0.503030303030303,0.24338624338624337,0.9583333333333334,0.1393939393939394,0.03571428571428571,1.0,0.01818181818181818
amazon,net_uvu,0.4,3,2,GCN,pair,default,2,11944,829390,0.8470520939734423,0.47823641071907685,0.0005128207849338651,0.013269668444991112,7.7,69.43988800048828,35.0,165.0,2580.0,0.021014735102653503,0.9683020114898682,282,0.9725385130609511,0.8470807402469613,0.01891399229132539,0.4766688168201283,0.04273662714470088,0.4158415841584158,0.3514644351464435,0.509090909090909,0.2328042328042328,0.9166666666666666,0.13333333333333333,0.03571428571428571,1.0,0.01818181818181818
amazon,net_uvu,0.4,3,3,GCN,pair,default,2,11944,829390,0.8121443649982976,0.4133810293778101,0.0009048110223375261,0.034515947103500366,7.7,69.43988800048828,35.0,165.0,2580.0,0.021014735102653503,0.9683020114898682,282,0.9725385130609511,0.8105231686455613,0.018345169565957494,0.4149748823005426,0.03834500451850215,0.3910891089108911,0.3305439330543933,0.47878787878787876,0.2328042328042328,0.9166666666666666,0.13333333333333333,0.047337278106508875,1.0,0.024242424242424242
amazon,net_uvu,0.4,3,1,SAGE,layer,default,2,11944,829390,0.9472114402451481,0.805969166975996,0.05592340603470802,0.14706100523471832,3.3,69.43988800048828,35.0,165.0,2580.0,0.021014735102653503,0.9683020114898682,282,0.9725385130609511,0.9463325963918962,0.008710637615312806,0.8053810840632881,0.029642308522924217,0.6485148514851485,0.5481171548117155,0.793939393939394,0.25396825396825395,1.0,0.14545454545454545,0.03571428571428571,1.0,0.01818181818181818
amazon,net_uvu,0.4,3,2,SAGE,layer,default,2,11944,829390,0.9505972080354104,0.8435034779233701,0.0721093937754631,0.17251832783222198,3.3,69.43988800048828,35.0,165.0,2580.0,0.021014735102653503,0.9683020114898682,282,0.9725385130609511,0.9506145832639114,0.010839729333166643,0.8421163122103787,0.026419457082082334,0.6782178217821783,0.5732217573221757,0.8303030303030303,0.25396825396825395,1.0,0.14545454545454545,0.047337278106508875,1.0,0.024242424242424242
amazon,net_uvu,0.4,3,3,SAGE,layer,default,2,11944,829390,0.949417773237998,0.8132945208429128,0.10212846845388412,0.19898973405361176,3.3,69.43988800048828,35.0,165.0,2580.0,0.021014735102653503,0.9683020114898682,282,0.9725385130609511,0.9498841197888526,0.008577128915541292,0.8157292163678909,0.027562824683702962,0.6584158415841584,0.5564853556485355,0.806060606060606,0.24338624338624337,0.9583333333333334,0.1393939393939394,0.03571428571428571,1.0,0.01818181818181818
amazon,net_uvu,0.4,3,1,SAGE,pair,default,2,11944,829390,0.7438229485869936,0.35051730598954745,0.012448941357433796,0.015349985100328922,3.3,69.43988800048828,35.0,165.0,2580.0,0.021014735102653503,0.9683020114898682,282,0.9725385130609511,0.7399417152323023,0.023556704237486972,0.3508652525930167,0.03318749143806814,0.400990099009901,0.3389121338912134,0.4909090909090909,0.2222222222222222,0.875,0.12727272727272726,0.03571428571428571,1.0,0.01818181818181818
amazon,net_uvu,0.4,3,2,SAGE,pair,default,2,11944,829390,0.7510194075587333,0.358174443892959,0.007779277861118317,0.010480289347469807,3.3,69.43988800048828,35.0,165.0,2580.0,0.021014735102653503,0.9683020114898682,282,0.9725385130609511,0.7483134284456431,0.02424876735776928,0.35566513182879494,0.03911740736618895,0.3910891089108911,0.3305439330543933,0.47878787878787876,0.21164021164021163,0.8333333333333334,0.12121212121212122,0.03571428571428571,1.0,0.01818181818181818
amazon,net_uvu,0.4,3,3,SAGE,pair,default,2,11944,829390,0.7533074565883555,0.3571513264730155,0.00969169195741415,0.018786240369081497,3.3,69.43988800048828,35.0,165.0,2580.0,0.021014735102653503,0.9683020114898682,282,0.9725385130609511,0.7525172227902677,0.025462701158591262,0.3572103153400931,0.03698008728458704,0.40594059405940597,0.34309623430962344,0.49696969696969695,0.2328042328042328,0.9166666666666666,0.13333333333333333,0.03571428571428571,1.0,0.01818181818181818
amazon,net_uvu,0.6,1,1,GCN,layer,default,2,11944,1244084,0.8398828736806265,0.5355066792409076,0.0012837701942771673,0.06646733731031418,11.1,104.15974426269531,54.0,247.0,3883.0,0.01297722663730383,0.9681130647659302,180,0.9813295378432686,0.8375931297362097,0.017846229101614777,0.5337690070167886,0.035805802131843714,0.48514851485148514,0.4100418410041841,0.593939393939394,0.21164021164021163,0.8333333333333334,0.12121212121212122,0.03571428571428571,1.0,0.01818181818181818
amazon,net_uvu,0.6,1,2,GCN,layer,default,2,11944,1244084,0.8787334014300308,0.5836796120856248,0.0015298273647204041,0.06897037476301193,11.0,104.15974426269531,54.0,247.0,3883.0,0.01297722663730383,0.9681130647659302,180,0.9813295378432686,0.8790091351257439,0.017803510131351438,0.5827656338546754,0.04904697758118249,0.5594059405940595,0.47280334728033474,0.6848484848484848,0.21164021164021163,0.8333333333333334,0.12121212121212122,0.03571428571428571,1.0,0.01818181818181818
amazon,net_uvu,0.6,1,3,GCN,layer,default,2,11944,1244084,0.8325760980592439,0.5311516453650662,0.0013237845851108432,0.07025700062513351,11.1,104.15974426269531,54.0,247.0,3883.0,0.01297722663730383,0.9681130647659302,180,0.9813295378432686,0.8305355844660867,0.020626788318245704,0.532104801565688,0.04082235592076757,0.5099009900990099,0.4309623430962343,0.6242424242424243,0.2222222222222222,0.875,0.12727272727272726,0.03571428571428571,1.0,0.01818181818181818
amazon,net_uvu,0.6,1,1,GCN,pair,default,2,11944,1244084,0.8110697991147428,0.38516467600008625,0.0007353214896284044,0.028539475053548813,11.1,104.15974426269531,54.0,247.0,3883.0,0.01297722663730383,0.9681130647659302,180,0.9813295378432686,0.8109856247425453,0.017419452409697608,0.38580752775768873,0.034366357500846136,0.37623762376237624,0.3179916317991632,0.46060606060606063,0.20105820105820105,0.7916666666666666,0.11515151515151516,0.03571428571428571,1.0,0.01818181818181818
amazon,net_uvu,0.6,1,2,GCN,pair,default,2,11944,1244084,0.847136533878107,0.4393226507653797,0.0004930838476866484,0.009615866467356682,11.1,104.15974426269531,54.0,247.0,3883.0,0.01297722663730383,0.9681130647659302,180,0.9813295378432686,0.8476796729130909,0.019176778982645595,0.4366362442064149,0.046584978989622355,0.42574257425742573,0.3598326359832636,0.5212121212121212,0.20105820105820105,0.7916666666666666,0.11515151515151516,0.03571428571428571,1.0,0.01818181818181818
amazon,net_uvu,0.6,1,3,GCN,pair,default,2,11944,1244084,0.808567926455567,0.37915063835360935,0.0009224512032233179,0.031207846477627754,11.1,104.15974426269531,54.0,247.0,3883.0,0.01297722663730383,0.9681130647659302,180,0.9813295378432686,0.8076433024738112,0.01873056811541758,0.38475206682885094,0.03800677076423401,0.3613861386138614,0.3054393305439331,0.44242424242424244,0.21164021164021163,0.8333333333333334,0.12121212121212122,0.03571428571428571,1.0,0.01818181818181818
amazon,net_uvu,0.6,1,1,SAGE,layer,default,2,11944,1244084,0.9434470548178414,0.8060558954423906,0.05408814176917076,0.12872567772865295,4.6,104.15974426269531,54.0,247.0,3883.0,0.01297722663730383,0.9681130647659302,180,0.9813295378432686,0.9427027502375188,0.009029336880232745,0.8056472735702852,0.027074876626983317,0.6485148514851485,0.5481171548117155,0.793939393939394,0.25396825396825395,1.0,0.14545454545454545,0.03571428571428571,1.0,0.01818181818181818
amazon,net_uvu,0.6,1,2,SAGE,layer,default,2,11944,1244084,0.9559387129724207,0.8648499750423492,0.06943666189908981,0.15263280272483826,4.6,104.15974426269531,54.0,247.0,3883.0,0.01297722663730383,0.9681130647659302,180,0.9813295378432686,0.9561840217453418,0.011679852705244834,0.8635727483513607,0.025677894704194865,0.6881188118811881,0.5815899581589958,0.8424242424242424,0.25396825396825395,1.0,0.14545454545454545,0.047337278106508875,1.0,0.024242424242424242
amazon,net_uvu,0.6,1,3,SAGE,layer,default,2,11944,1244084,0.9462662580864829,0.8062812556583372,0.10679098963737488,0.19746889173984528,4.6,104.15974426269531,54.0,247.0,3883.0,0.01297722663730383,0.9681130647659302,180,0.9813295378432686,0.9475512503458289,0.00887818152695582,0.8088672116618731,0.027962428762233347,0.6584158415841584,0.5564853556485355,0.806060606060606,0.24338624338624337,0.9583333333333334,0.1393939393939394,0.047337278106508875,1.0,0.024242424242424242
amazon,net_uvu,0.6,1,1,SAGE,pair,default,2,11944,1244084,0.7128171603677221,0.3178211541998405,0.013009229674935341,0.018005745485424995,4.7,104.15974426269531,54.0,247.0,3883.0,0.01297722663730383,0.9681130647659302,180,0.9813295378432686,0.7092042069153491,0.022801550156591,0.3168255681872705,0.033613346967141265,0.3910891089108911,0.3305439330543933,0.47878787878787876,0.21164021164021163,0.8333333333333334,0.12121212121212122,0.03571428571428571,1.0,0.01818181818181818
amazon,net_uvu,0.6,1,2,SAGE,pair,default,2,11944,1244084,0.7619448416751787,0.40350517668540836,0.008472567424178123,0.010823458433151245,4.7,104.15974426269531,54.0,247.0,3883.0,0.01297722663730383,0.9681130647659302,180,0.9813295378432686,0.7583095005845811,0.023584715386181912,0.39759559775184367,0.04198084458440716,0.4504950495049505,0.3807531380753138,0.5515151515151515,0.24338624338624337,0.9583333333333334,0.1393939393939394,0.03571428571428571,1.0,0.01818181818181818
amazon,net_uvu,0.6,1,3,SAGE,pair,default,2,11944,1244084,0.7499271365338781,0.3238843114883939,0.010554054751992226,0.025844693183898926,4.7,104.15974426269531,54.0,247.0,3883.0,0.01297722663730383,0.9681130647659302,180,0.9813295378432686,0.7467206918916511,0.02507500827072546,0.32707760838788197,0.03743532425475195,0.41089108910891087,0.3472803347280335,0.503030303030303,0.15873015873015872,0.625,0.09090909090909091,0.03571428571428571,1.0,0.01818181818181818
amazon,net_uvu,0.6,2,1,GCN,layer,default,2,11944,1244084,0.8491113381001021,0.5552806330643058,0.0011657094582915306,0.06845910847187042,11.0,104.15974426269531,54.0,246.0,3887.0,0.0126423304900527,0.968227207660675,179,0.9814969859343603,0.847266279192918,0.016897454809936582,0.5542374526206028,0.03664407064733568,0.5,0.4225941422594142,0.6121212121212121,0.2222222222222222,0.875,0.12727272727272726,0.03571428571428571,1.0,0.01818181818181818
amazon,net_uvu,0.6,2,2,GCN,layer,default,2,11944,1244084,0.8818140960163431,0.6028792119072026,0.0014017564244568348,0.0715615376830101,11.1,104.15974426269531,54.0,246.0,3887.0,0.0126423304900527,0.968227207660675,179,0.9814969859343603,0.8832620088520494,0.01750295232939964,0.60407468670852,0.04755529054823692,0.5643564356435643,0.4769874476987448,0.6909090909090909,0.21164021164021163,0.8333333333333334,0.12121212121212122,0.03571428571428571,1.0,0.01818181818181818
amazon,net_uvu,0.6,2,3,GCN,layer,default,2,11944,1244084,0.8414273067756214,0.5544705816342475,0.0012182791251689196,0.0716165229678154,11.0,104.15974426269531,54.0,246.0,3887.0,0.0126423304900527,0.968227207660675,179,0.9814969859343603,0.8396324644602275,0.019841954893916564,0.5563670768816026,0.04021679671189106,0.504950495049505,0.42677824267782427,0.6181818181818182,0.2328042328042328,0.9166666666666666,0.13333333333333333,0.03571428571428571,1.0,0.01818181818181818
amazon,net_uvu,0.6,2,1,GCN,pair,default,2,11944,1244084,0.8137991147429351,0.38644437897841655,0.0006277264328673482,0.027744365856051445,11.1,104.15974426269531,54.0,246.0,3887.0,0.0126423304900527,0.968227207660675,179,0.9814969859343603,0.8137470950735836,0.017520807905240156,0.38556864868228613,0.03537330859179757,0.40594059405940597,0.34309623430962344,0.49696969696969695,0.21164021164021163,0.8333333333333334,0.12121212121212122,0.03571428571428571,1.0,0.01818181818181818
amazon,net_uvu,0.6,2,2,GCN,pair,default,2,11944,1244084,0.846033367381682,0.422153901601416,0.00043467149953357875,0.009591843001544476,11.1,104.15974426269531,54.0,246.0,3887.0,0.0126423304900527,0.968227207660675,179,0.9814969859343603,0.846620015673129,0.01890398737422445,0.42093072195480247,0.04406092027754743,0.41089108910891087,0.3472803347280335,0.503030303030303,0.20105820105820105,0.7916666666666666,0.11515151515151516,0.03571428571428571,1.0,0.01818181818181818
amazon,net_uvu,0.6,2,3,GCN,pair,default,2,11944,1244084,0.8118243105209397,0.36674099535687826,0.0007930679130367935,0.030801650136709213,11.1,104.15974426269531,54.0,246.0,3887.0,0.0126423304900527,0.968227207660675,179,0.9814969859343603,0.8102550876548519,0.01819906954614122,0.3695018511469988,0.03840352272452056,0.38613861386138615,0.3263598326359833,0.4727272727272727,0.2328042328042328,0.9166666666666666,0.13333333333333333,0.03571428571428571,1.0,0.01818181818181818
amazon,net_uvu,0.6,2,1,SAGE,layer,default,2,11944,1244084,0.9396881171263194,0.8045504163655167,0.057738061994314194,0.1377783566713333,4.6,104.15974426269531,54.0,246.0,3887.0,0.0126423304900527,0.968227207660675,179,0.9814969859343603,0.9386677192761365,0.01067746782468626,0.8043829241064155,0.030109233566001755,0.6534653465346535,0.5523012552301255,0.8,0.24338624338624337,0.9583333333333334,0.1393939393939394,0.07017543859649122,1.0,0.03636363636363636
amazon,net_uvu,0.6,2,2,SAGE,layer,default,2,11944,1244084,0.9553530813755534,0.8654065852161394,0.07158897072076797,0.15737903118133545,4.6,104.15974426269531,54.0,246.0,3887.0,0.0126423304900527,0.968227207660675,179,0.9814969859343603,0.9558947508273293,0.011584532970275452,0.86525499888005,0.024613505243338673,0.693069306930693,0.5857740585774058,0.8484848484848485,0.25396825396825395,1.0,0.14545454545454545,0.08139534883720931,1.0,0.04242424242424243
amazon,net_uvu,0.6,2,3,SAGE,layer,default,2,11944,1244084,0.9459039836567926,0.8132971847984308,0.1067529022693634,0.1961313784122467,4.6,104.15974426269531,54.0,246.0,3887.0,0.0126423304900527,0.968227207660675,179,0.9814969859343603,0.9474179019220093,0.010488783184744239,0.8152230747398985,0.02688096831178919,0.6584158415841584,0.5564853556485355,0.806060606060606,0.25396825396825395,1.0,0.14545454545454545,0.03571428571428571,1.0,0.01818181818181818
amazon,net_uvu,0.6,2,1,SAGE,pair,default,2,11944,1244084,0.7041416411304051,0.3040356771903058,0.012936044484376907,0.015187438577413559,4.6,104.15974426269531,54.0,246.0,3887.0,0.0126423304900527,0.968227207660675,179,0.9814969859343603,0.7020969337244968,0.02485421875005537,0.3057616948810661,0.03280576632550448,0.3613861386138614,0.3054393305439331,0.44242424242424244,0.1693121693121693,0.6666666666666666,0.09696969696969697,0.03571428571428571,1.0,0.01818181818181818
amazon,net_uvu,0.6,2,2,SAGE,pair,default,2,11944,1244084,0.7541028260129383,0.37358829744517386,0.00792153924703598,0.009701029397547245,4.6,104.15974426269531,54.0,246.0,3887.0,0.0126423304900527,0.968227207660675,179,0.9814969859343603,0.7514724057894785,0.024766495252312486,0.37037854665214354,0.03650788244461007,0.40594059405940597,0.34309623430962344,0.49696969696969695,0.2328042328042328,0.9166666666666666,0.13333333333333333,0.03571428571428571,1.0,0.01818181818181818
amazon,net_uvu,0.6,2,3,SAGE,pair,default,2,11944,1244084,0.7335403472931563,0.30993027884944124,0.010218728333711624,0.020506080240011215,4.6,104.15974426269531,54.0,246.0,3887.0,0.0126423304900527,0.968227207660675,179,0.9814969859343603,0.7319093850711894,0.024590831415551566,0.3119023409289948,0.03531585422614044,0.41089108910891087,0.3472803347280335,0.503030303030303,0.19047619047619047,0.75,0.10909090909090909,0.03571428571428571,1.0,0.01818181818181818
amazon,net_uvu,0.6,3,1,GCN,layer,default,2,11944,1244084,0.8439087504256043,0.5427044372169778,0.0010869926773011684,0.06538548320531845,11.1,104.15974426269531,54.0,246.0,3948.0,0.012056262232363224,0.9681597352027893,169,0.9825853985264568,0.8418432105037722,0.01702574393657093,0.5398325403316137,0.03611358486527809,0.4900990099009901,0.41422594142259417,0.6,0.2222222222222222,0.875,0.12727272727272726,0.03571428571428571,1.0,0.01818181818181818
amazon,net_uvu,0.6,3,2,GCN,layer,default,2,11944,1244084,0.8773251617296561,0.6011385818734367,0.0013579430524259806,0.06749363243579865,11.1,104.15974426269531,54.0,246.0,3948.0,0.012056262232363224,0.9681597352027893,169,0.9825853985264568,0.8778733099087183,0.01779765962430123,0.6019422438129344,0.0422142943010475,0.5693069306930693,0.4811715481171548,0.696969696969697,0.2328042328042328,0.9166666666666666,0.13333333333333333,0.03571428571428571,1.0,0.01818181818181818
amazon,net_uvu,0.6,3,3,GCN,layer,default,2,11944,1244084,0.8357194416070821,0.5341149679162429,0.001144971582107246,0.06895089149475098,11.1,104.15974426269531,54.0,246.0,3948.0,0.012056262232363224,0.9681597352027893,169,0.9825853985264568,0.835146644247165,0.020536508352318416,0.5326842486026533,0.04179160749160955,0.5148514851485149,0.4351464435146444,0.6303030303030303,0.20105820105820105,0.7916666666666666,0.11515151515151516,0.03571428571428571,1.0,0.01818181818181818
amazon,net_uvu,0.6,3,1,GCN,pair,default,2,11944,1244084,0.8152945182158665,0.4006154327906167,0.000690489774569869,0.026146307587623596,11.1,104.15974426269531,54.0,246.0,3948.0,0.012056262232363224,0.9681597352027893,169,0.9825853985264568,0.8151376778168204,0.017032921624244152,0.39946277753469267,0.03430792158041949,0.3811881188118812,0.32217573221757323,0.4666666666666667,0.2222222222222222,0.875,0.12727272727272726,0.03571428571428571,1.0,0.01818181818181818
amazon,net_uvu,0.6,3,2,GCN,pair,default,2,11944,1244084,0.8468151174668028,0.45471374763734007,0.0004772201646119356,0.009404847398400307,11.1,104.15974426269531,54.0,246.0,3948.0,0.012056262232363224,0.9681597352027893,169,0.9825853985264568,0.8470865819535581,0.019154836193326114,0.45215492010142666,0.04038276746022977,0.4504950495049505,0.3807531380753138,0.5515151515151515,0.2222222222222222,0.875,0.12727272727272726,0.03571428571428571,1.0,0.01818181818181818
amazon,net_uvu,0.6,3,3,GCN,pair,default,2,11944,1244084,0.8133564862104187,0.3985961985881045,0.0008655298152007163,0.028934555128216743,11.1,104.15974426269531,54.0,246.0,3948.0,0.012056262232363224,0.9681597352027893,169,0.9825853985264568,0.8120796100307017,0.018265848718835218,0.39828490037325764,0.03841097842183895,0.3712871287128713,0.3138075313807531,0.45454545454545453,0.21164021164021163,0.8333333333333334,0.12121212121212122,0.03571428571428571,1.0,0.01818181818181818
amazon,net_uvu,0.6,3,1,SAGE,layer,default,2,11944,1244084,0.9476554307116104,0.7982601632078905,0.057387251406908035,0.1409800499677658,4.6,104.15974426269531,54.0,246.0,3948.0,0.012056262232363224,0.9681597352027893,169,0.9825853985264568,0.9470079574478266,0.008560978688075082,0.7975633432769977,0.032304393316429945,0.6485148514851485,0.5481171548117155,0.793939393939394,0.2328042328042328,0.9166666666666666,0.13333333333333333,0.047337278106508875,1.0,0.024242424242424242
amazon,net_uvu,0.6,3,2,SAGE,layer,default,2,11944,1244084,0.9574395641811371,0.8494513082642906,0.07001623511314392,0.15740612149238586,4.6,104.15974426269531,54.0,246.0,3948.0,0.012056262232363224,0.9681597352027893,169,0.9825853985264568,0.9569889963282681,0.009679872179296698,0.8472917095911591,0.025057749900715624,0.6732673267326733,0.5690376569037657,0.8242424242424242,0.25396825396825395,1.0,0.14545454545454545,0.03571428571428571,1.0,0.01818181818181818
amazon,net_uvu,0.6,3,3,SAGE,layer,default,2,11944,1244084,0.9503792986040177,0.8139031506202387,0.10600592941045761,0.19572480022907257,4.6,104.15974426269531,54.0,246.0,3948.0,0.012056262232363224,0.9681597352027893,169,0.9825853985264568,0.9513948715295868,0.008649659337824066,0.8167851709416442,0.028122787449010953,0.6584158415841584,0.5564853556485355,0.806060606060606,0.24338624338624337,0.9583333333333334,0.1393939393939394,0.03571428571428571,1.0,0.01818181818181818
amazon,net_uvu,0.6,3,1,SAGE,pair,default,2,11944,1244084,0.7416901600272386,0.3435085224188917,0.013113562017679214,0.016161786392331123,4.7,104.15974426269531,54.0,246.0,3948.0,0.012056262232363224,0.9681597352027893,169,0.9825853985264568,0.7375370306985387,0.023146117377800413,0.34107755256383077,0.032570682757246415,0.3811881188118812,0.32217573221757323,0.4666666666666667,0.20105820105820105,0.7916666666666666,0.11515151515151516,0.03571428571428571,1.0,0.01818181818181818
amazon,net_uvu,0.6,3,2,SAGE,pair,default,2,11944,1244084,0.7571562819203268,0.3956035217678827,0.008298910222947598,0.010906461626291275,4.6,104.15974426269531,54.0,246.0,3948.0,0.012056262232363224,0.9681597352027893,169,0.9825853985264568,0.7541029831577519,0.024915427862314026,0.39159857246601637,0.03950911348059043,0.4207920792079208,0.35564853556485354,0.5151515151515151,0.2328042328042328,0.9166666666666666,0.13333333333333333,0.03571428571428571,1.0,0.01818181818181818
amazon,net_uvu,0.6,3,3,SAGE,pair,default,2,11944,1244084,0.7561130405175349,0.3520065104515249,0.010313296690583229,0.023107821121811867,4.7,104.15974426269531,54.0,246.0,3948.0,0.012056262232363224,0.9681597352027893,169,0.9825853985264568,0.7548330402232376,0.024819342728704917,0.35235713410131625,0.038155514258533856,0.43564356435643564,0.3682008368200837,0.5333333333333333,0.19047619047619047,0.75,0.10909090909090909,0.03571428571428571,1.0,0.01818181818181818
amazon,net_uvu,0.8,1,1,GCN,layer,default,2,11944,1658780,0.8371181477698333,0.5202631508225521,0.0009891624795272946,0.05900343134999275,14.5,138.87977600097656,72.0,330.0,5154.0,0.009125920943915844,0.9681307673454285,134,0.9849296718017415,0.8344659214970589,0.01793638449042227,0.5187805914520525,0.0366763299518975,0.47029702970297027,0.39748953974895396,0.5757575757575758,0.21164021164021163,0.8333333333333334,0.12121212121212122,0.03571428571428571,1.0,0.01818181818181818
amazon,net_uvu,0.8,1,2,GCN,layer,default,2,11944,1658780,0.8711310861423222,0.5570561552323197,0.00121728191152215,0.06260848790407181,14.5,138.87977600097656,72.0,330.0,5154.0,0.009125920943915844,0.9681307673454285,134,0.9849296718017415,0.8720786799946889,0.018071136337005862,0.5561449716790736,0.04916973645509595,0.5198019801980198,0.4393305439330544,0.6363636363636364,0.21164021164021163,0.8333333333333334,0.12121212121212122,0.03571428571428571,1.0,0.01818181818181818
amazon,net_uvu,0.8,1,3,GCN,layer,default,2,11944,1658780,0.8311923731699012,0.49788017886716784,0.001017848146148026,0.06255964934825897,14.5,138.87977600097656,72.0,330.0,5154.0,0.009125920943915844,0.9681307673454285,134,0.9849296718017415,0.8292129359055116,0.020429098863309802,0.4984591912033838,0.04115984515951375,0.49504950495049505,0.41841004184100417,0.6060606060606061,0.19047619047619047,0.75,0.10909090909090909,0.047337278106508875,1.0,0.024242424242424242
amazon,net_uvu,0.8,1,1,GCN,pair,default,2,11944,1658780,0.8147470207694927,0.3798371877839485,0.0006779710529372096,0.024728896096348763,14.5,138.87977600097656,72.0,330.0,5154.0,0.009125920943915844,0.9681307673454285,134,0.9849296718017415,0.8147823292611572,0.01731194564469034,0.380681294222688,0.03682854440728104,0.3811881188118812,0.32217573221757323,0.4666666666666667,0.20105820105820105,0.7916666666666666,0.11515151515151516,0.03571428571428571,1.0,0.01818181818181818
amazon,net_uvu,0.8,1,2,GCN,pair,default,2,11944,1658780,0.8461178072863466,0.4191385282297618,0.0004513174935709685,0.008116419427096844,14.5,138.87977600097656,72.0,330.0,5154.0,0.009125920943915844,0.9681307673454285,134,0.9849296718017415,0.8465792540605435,0.01891583811965373,0.41818308008589206,0.043076616308407416,0.42574257425742573,0.3598326359832636,0.5212121212121212,0.20105820105820105,0.7916666666666666,0.11515151515151516,0.03571428571428571,1.0,0.01818181818181818
amazon,net_uvu,0.8,1,3,GCN,pair,default,2,11944,1658780,0.8092230166836909,0.35660955137767575,0.0008538044057786465,0.02798342891037464,14.5,138.87977600097656,72.0,330.0,5154.0,0.009125920943915844,0.9681307673454285,134,0.9849296718017415,0.807935092711661,0.018369189369191862,0.3573118869569928,0.03599921271164861,0.3811881188118812,0.32217573221757323,0.4666666666666667,0.20105820105820105,0.7916666666666666,0.11515151515151516,0.07017543859649122,1.0,0.03636363636363636
amazon,net_uvu,0.8,1,1,SAGE,layer,default,2,11944,1658780,0.9451930541368744,0.8108505992443096,0.052108995616436005,0.12081550061702728,5.9,138.87977600097656,72.0,330.0,5154.0,0.009125920943915844,0.9681307673454285,134,0.9849296718017415,0.9443126423527007,0.009170881487917925,0.8107193745206637,0.02753606229562316,0.6584158415841584,0.5564853556485355,0.806060606060606,0.24338624338624337,0.9583333333333334,0.1393939393939394,0.047337278106508875,1.0,0.024242424242424242
amazon,net_uvu,0.8,1,2,SAGE,layer,default,2,11944,1658780,0.9547456588355465,0.8667014904212631,0.06674085557460785,0.14574216306209564,5.9,138.87977600097656,72.0,330.0,5154.0,0.009125920943915844,0.9681307673454285,134,0.9849296718017415,0.9545572292918212,0.011595142424683258,0.8651207061945781,0.023995244827907457,0.6881188118811881,0.5815899581589958,0.8424242424242424,0.25396825396825395,1.0,0.14545454545454545,0.03571428571428571,1.0,0.01818181818181818
amazon,net_uvu,0.8,1,3,SAGE,layer,default,2,11944,1658780,0.9451467483827034,0.8014180768387981,0.10707298666238785,0.19378799200057983,5.9,138.87977600097656,72.0,330.0,5154.0,0.009125920943915844,0.9681307673454285,134,0.9849296718017415,0.9466573502455788,0.009836763626684094,0.8039077689024076,0.029097422505389922,0.6534653465346535,0.5523012552301255,0.8,0.2328042328042328,0.9166666666666666,0.13333333333333333,0.058823529411764705,1.0,0.030303030303030304
amazon,net_uvu,0.8,1,1,SAGE,pair,default,2,11944,1658780,0.7194797412325502,0.2989721341394604,0.013513337820768356,0.018839651718735695,6.0,138.87977600097656,72.0,330.0,5154.0,0.009125920943915844,0.9681307673454285,134,0.9849296718017415,0.7166678937868244,0.023392241257337906,0.2999775498525358,0.03315734751097975,0.3811881188118812,0.32217573221757323,0.4666666666666667,0.12698412698412698,0.5,0.07272727272727272,0.03571428571428571,1.0,0.01818181818181818
amazon,net_uvu,0.8,1,2,SAGE,pair,default,2,11944,1658780,0.7741750085120872,0.40015071355891496,0.008915171958506107,0.01163223572075367,6.0,138.87977600097656,72.0,330.0,5154.0,0.009125920943915844,0.9681307673454285,134,0.9849296718017415,0.7703389780280115,0.023393926067245496,0.395774197808941,0.040133629524247524,0.45544554455445546,0.38493723849372385,0.5575757575757576,0.2222222222222222,0.875,0.12727272727272726,0.03571428571428571,1.0,0.01818181818181818
amazon,net_uvu,0.8,1,3,SAGE,pair,default,2,11944,1658780,0.7494967654068778,0.3282890500824207,0.011217936873435974,0.03015393763780594,6.0,138.87977600097656,72.0,330.0,5154.0,0.009125920943915844,0.9681307673454285,134,0.9849296718017415,0.7460599791256328,0.02536155792300086,0.3274098885402959,0.03523341644846273,0.42574257425742573,0.3598326359832636,0.5212121212121212,0.17989417989417988,0.7083333333333334,0.10303030303030303,0.03571428571428571,1.0,0.01818181818181818
amazon,net_uvu,0.8,2,1,GCN,layer,default,2,11944,1658780,0.8419148791283623,0.5235574907329532,0.0010822610929608345,0.06132064759731293,14.4,138.87977600097656,72.0,327.0,5195.0,0.008707300759851933,0.9682043194770813,129,0.9858506363027462,0.8398663246133934,0.017671543572716452,0.5214377647474647,0.037488006773626834,0.49504950495049505,0.41841004184100417,0.6060606060606061,0.20105820105820105,0.7916666666666666,0.11515151515151516,0.03571428571428571,1.0,0.01818181818181818
amazon,net_uvu,0.8,2,2,GCN,layer,default,2,11944,1658780,0.8768770854613552,0.5748579571694942,0.0013187932781875134,0.06455131620168686,14.5,138.87977600097656,72.0,327.0,5195.0,0.008707300759851933,0.9682043194770813,129,0.9858506363027462,0.8779071798248321,0.017976395655941814,0.574429291807146,0.047651472961958305,0.5643564356435643,0.4769874476987448,0.6909090909090909,0.20105820105820105,0.7916666666666666,0.11515151515151516,0.03571428571428571,1.0,0.01818181818181818
amazon,net_uvu,0.8,2,3,GCN,layer,default,2,11944,1658780,0.8331889683350358,0.5310994282160363,0.0010996743803843856,0.06272292137145996,14.5,138.87977600097656,72.0,327.0,5195.0,0.008707300759851933,0.9682043194770813,129,0.9858506363027462,0.8315051398694101,0.020121030437486295,0.5312978298125196,0.040926666213969246,0.5198019801980198,0.4393305439330544,0.6363636363636364,0.2222222222222222,0.875,0.12727272727272726,0.03571428571428571,1.0,0.01818181818181818
amazon,net_uvu,0.8,2,1,GCN,pair,default,2,11944,1658780,0.8156132107592782,0.37081569620289606,0.0006551786791533232,0.026004701852798462,14.5,138.87977600097656,72.0,327.0,5195.0,0.008707300759851933,0.9682043194770813,129,0.9858506363027462,0.8155532863492276,0.017161901119810946,0.3709740628152428,0.0344324832759044,0.40594059405940597,0.34309623430962344,0.49696969696969695,0.20105820105820105,0.7916666666666666,0.11515151515151516,0.03571428571428571,1.0,0.01818181818181818
amazon,net_uvu,0.8,2,2,GCN,pair,default,2,11944,1658780,0.8475001702417433,0.41378501813467516,0.0004298236744944006,0.008497976697981358,14.5,138.87977600097656,72.0,327.0,5195.0,0.008707300759851933,0.9682043194770813,129,0.9858506363027462,0.8479711455499722,0.019051537767172926,0.41382906038527373,0.04238576382238155,0.4405940594059406,0.3723849372384937,0.5393939393939394,0.17989417989417988,0.7083333333333334,0.10303030303030303,0.03571428571428571,1.0,0.01818181818181818
amazon,net_uvu,0.8,2,3,GCN,pair,default,2,11944,1658780,0.8132093973442287,0.37207865401330587,0.0008224206976592541,0.02959156408905983,14.5,138.87977600097656,72.0,327.0,5195.0,0.008707300759851933,0.9682043194770813,129,0.9858506363027462,0.8116424186472037,0.018312672691334145,0.37368814263750755,0.039008394437875814,0.40594059405940597,0.34309623430962344,0.49696969696969695,0.21164021164021163,0.8333333333333334,0.12121212121212122,0.03571428571428571,1.0,0.01818181818181818
amazon,net_uvu,0.8,2,1,SAGE,layer,default,2,11944,1658780,0.9412870275791625,0.8008619639069298,0.05448462441563606,0.12729394435882568,5.9,138.87977600097656,72.0,327.0,5195.0,0.008707300759851933,0.9682043194770813,129,0.9858506363027462,0.9402168730924807,0.010084030224111919,0.8009562782076265,0.032432225645348985,0.6485148514851485,0.5481171548117155,0.793939393939394,0.24338624338624337,0.9583333333333334,0.1393939393939394,0.047337278106508875,1.0,0.024242424242424242
amazon,net_uvu,0.8,2,2,SAGE,layer,default,2,11944,1658780,0.9588450800136192,0.8677772913473315,0.06602094322443008,0.14398875832557678,5.9,138.87977600097656,72.0,327.0,5195.0,0.008707300759851933,0.9682043194770813,129,0.9858506363027462,0.9592287928830722,0.009766733825653266,0.8669896118898975,0.02339574267164795,0.6881188118811881,0.5815899581589958,0.8424242424242424,0.25396825396825395,1.0,0.14545454545454545,0.047337278106508875,1.0,0.024242424242424242
amazon,net_uvu,0.8,2,3,SAGE,layer,default,2,11944,1658780,0.9428069458631256,0.8069296866681958,0.106747105717659,0.19446450471878052,5.9,138.87977600097656,72.0,327.0,5195.0,0.008707300759851933,0.9682043194770813,129,0.9858506363027462,0.9442399625808282,0.010731189785704283,0.8093714764313366,0.029101840548113163,0.6534653465346535,0.5523012552301255,0.8,0.24338624338624337,0.9583333333333334,0.1393939393939394,0.047337278106508875,1.0,0.024242424242424242
amazon,net_uvu,0.8,2,1,SAGE,pair,default,2,11944,1658780,0.7230343888321416,0.30287005785616566,0.013294880278408527,0.017317162826657295,6.0,138.87977600097656,72.0,327.0,5195.0,0.008707300759851933,0.9682043194770813,129,0.9858506363027462,0.7201190911307481,0.022548437455243563,0.3042233094541053,0.03267768062466544,0.3811881188118812,0.32217573221757323,0.4666666666666667,0.14814814814814814,0.5833333333333334,0.08484848484848485,0.03571428571428571,1.0,0.01818181818181818
amazon,net_uvu,0.8,2,2,SAGE,pair,default,2,11944,1658780,0.7636717739189649,0.396699954554368,0.00863488670438528,0.01092072855681181,6.0,138.87977600097656,72.0,327.0,5195.0,0.008707300759851933,0.9682043194770813,129,0.9858506363027462,0.7614393562910451,0.025206692885542635,0.39492941746161864,0.037655999811664,0.44554455445544555,0.37656903765690375,0.5454545454545454,0.20105820105820105,0.7916666666666666,0.11515151515151516,0.03571428571428571,1.0,0.01818181818181818
amazon,net_uvu,0.8,2,3,SAGE,pair,default,2,11944,1658780,0.7483854273067756,0.33444470969740103,0.010703864507377148,0.026253970339894295,6.0,138.87977600097656,72.0,327.0,5195.0,0.008707300759851933,0.9682043194770813,129,0.9858506363027462,0.7459394268704045,0.0247864772054629,0.33441731180921247,0.035832736964217675,0.43564356435643564,0.3682008368200837,0.5333333333333333,0.1693121693121693,0.6666666666666666,0.09696969696969697,0.03571428571428571,1.0,0.01818181818181818
amazon,net_uvu,0.8,3,1,GCN,layer,default,2,11944,1658780,0.839444330949949,0.5234895602953468,0.0009111599647440016,0.05886524170637131,14.5,138.87977600097656,72.0,327.0,5198.0,0.00862357672303915,0.9680789709091187,125,0.9861855324849297,0.8366720222237091,0.01735385023601314,0.5197689076060878,0.03542466271180507,0.46534653465346537,0.39330543933054396,0.5696969696969697,0.2222222222222222,0.875,0.12727272727272726,0.03571428571428571,1.0,0.01818181818181818
amazon,net_uvu,0.8,3,2,GCN,layer,default,2,11944,1658780,0.8726455566905005,0.5587084244035502,0.0011395313777029514,0.062090568244457245,14.5,138.87977600097656,72.0,327.0,5198.0,0.00862357672303915,0.9680789709091187,125,0.9861855324849297,0.873407579268644,0.018352551373253204,0.5603260011139931,0.04707578928833584,0.5396039603960396,0.4560669456066946,0.6606060606060606,0.2222222222222222,0.875,0.12727272727272726,0.03571428571428571,1.0,0.01818181818181818
amazon,net_uvu,0.8,3,3,GCN,layer,default,2,11944,1658780,0.8295417092271025,0.5081366869116726,0.0009358247043564916,0.061562877148389816,14.5,138.87977600097656,72.0,327.0,5198.0,0.00862357672303915,0.9680789709091187,125,0.9861855324849297,0.8280302931067829,0.02110735380632755,0.5078096411025887,0.04187141045087943,0.504950495049505,0.42677824267782427,0.6181818181818182,0.19047619047619047,0.75,0.10909090909090909,0.047337278106508875,1.0,0.024242424242424242
amazon,net_uvu,0.8,3,1,GCN,pair,default,2,11944,1658780,0.8153299284984677,0.3776521258619583,0.0006534660933539271,0.024634869769215584,14.5,138.87977600097656,72.0,327.0,5198.0,0.00862357672303915,0.9680789709091187,125,0.9861855324849297,0.8155002082774655,0.01688834419505555,0.3781197487198953,0.03416601634233504,0.38613861386138615,0.3263598326359833,0.4727272727272727,0.21164021164021163,0.8333333333333334,0.12121212121212122,0.03571428571428571,1.0,0.01818181818181818
amazon,net_uvu,0.8,3,2,GCN,pair,default,2,11944,1658780,0.8464773578481444,0.4205772539656884,0.00044464945676736534,0.008141201920807362,14.5,138.87977600097656,72.0,327.0,5198.0,0.00862357672303915,0.9680789709091187,125,0.9861855324849297,0.8466801848710817,0.019020989778177434,0.41830299666196646,0.0436870645660297,0.44554455445544555,0.37656903765690375,0.5454545454545454,0.20105820105820105,0.7916666666666666,0.11515151515151516,0.03571428571428571,1.0,0.01818181818181818
amazon,net_uvu,0.8,3,3,GCN,pair,default,2,11944,1658780,0.8101123595505619,0.3631653633624675,0.000809786026366055,0.027257131412625313,14.5,138.87977600097656,72.0,327.0,5198.0,0.00862357672303915,0.9680789709091187,125,0.9861855324849297,0.8086267218436654,0.018589165945925114,0.3644529867453882,0.03731220171458198,0.37623762376237624,0.3179916317991632,0.46060606060606063,0.20105820105820105,0.7916666666666666,0.11515151515151516,0.047337278106508875,1.0,0.024242424242424242
amazon,net_uvu,0.8,3,1,SAGE,layer,default,2,11944,1658780,0.9437630234933605,0.8000777206498513,0.054262809455394745,0.12980012595653534,5.9,138.87977600097656,72.0,327.0,5198.0,0.00862357672303915,0.9680789709091187,125,0.9861855324849297,0.9431163481786261,0.009479073115521828,0.7996478937123687,0.030588918872588564,0.6485148514851485,0.5481171548117155,0.793939393939394,0.2328042328042328,0.9166666666666666,0.13333333333333333,0.03571428571428571,1.0,0.01818181818181818
amazon,net_uvu,0.8,3,2,SAGE,layer,default,2,11944,1658780,0.9583084780388151,0.8592132025854738,0.06745095551013947,0.1465536653995514,5.9,138.87977600097656,72.0,327.0,5198.0,0.00862357672303915,0.9680789709091187,125,0.9861855324849297,0.957983659489485,0.009466820481535684,0.8575105130594349,0.02462575510292534,0.6881188118811881,0.5815899581589958,0.8424242424242424,0.25396825396825395,1.0,0.14545454545454545,0.047337278106508875,1.0,0.024242424242424242
amazon,net_uvu,0.8,3,3,SAGE,layer,default,2,11944,1658780,0.9457868573374191,0.8028072708496568,0.10734277218580246,0.19446125626564026,5.9,138.87977600097656,72.0,327.0,5198.0,0.00862357672303915,0.9680789709091187,125,0.9861855324849297,0.9468905701460916,0.009774635286489287,0.8051712420057924,0.029041835139701277,0.6584158415841584,0.5564853556485355,0.806060606060606,0.24338624338624337,0.9583333333333334,0.1393939393939394,0.047337278106508875,1.0,0.024242424242424242
amazon,net_uvu,0.8,3,1,SAGE,pair,default,2,11944,1658780,0.7390207694926796,0.32212208922486824,0.013255180791020393,0.017273452132940292,6.0,138.87977600097656,72.0,327.0,5198.0,0.00862357672303915,0.9680789709091187,125,0.9861855324849297,0.7348270472188418,0.02320058571608541,0.3209100357054785,0.034770537964455644,0.3910891089108911,0.3305439330543933,0.47878787878787876,0.15873015873015872,0.625,0.09090909090909091,0.03571428571428571,1.0,0.01818181818181818
amazon,net_uvu,0.8,3,2,SAGE,pair,default,2,11944,1658780,0.7639250936329587,0.40618948721587,0.008664065971970558,0.01129054743796587,6.0,138.87977600097656,72.0,327.0,5198.0,0.00862357672303915,0.9680789709091187,125,0.9861855324849297,0.7608860626621079,0.025279694770936122,0.40192180540123135,0.03904507258422,0.44554455445544555,0.37656903765690375,0.5454545454545454,0.2328042328042328,0.9166666666666666,0.13333333333333333,0.03571428571428571,1.0,0.01818181818181818
amazon,net_uvu,0.8,3,3,SAGE,pair,default,2,11944,1658780,0.7464732720463059,0.33485988866883987,0.010792030952870846,0.02686901204288006,6.0,138.87977600097656,72.0,327.0,5198.0,0.00862357672303915,0.9680789709091187,125,0.9861855324849297,0.7449984447318699,0.024734526848669575,0.3351133905709328,0.03643533351547829,0.4306930693069307,0.36401673640167365,0.5272727272727272,0.17989417989417988,0.7083333333333334,0.10303030303030303,0.03571428571428571,1.0,0.01818181818181818
amazon,net_uvu,1.0,1,1,GCN,layer,default,2,11944,2073474,0.8351828396322778,0.5003719216982737,0.0009821318089962006,0.05484253540635109,18.0,173.59962463378906,90.0,411.7001953125,6477.0,0.00678164791315794,0.9682176113128662,106,0.9875251172136638,0.8324008578377482,0.017801772407063713,0.498489811265997,0.03521887887468827,0.46534653465346537,0.39330543933054396,0.5696969696969697,0.17989417989417988,0.7083333333333334,0.10303030303030303,0.03571428571428571,1.0,0.01818181818181818
amazon,net_uvu,1.0,1,2,GCN,layer,default,2,11944,2073474,0.8700088525706503,0.5387819792572595,0.0012038674904033542,0.059249889105558395,18.0,173.59962463378906,90.0,411.7001953125,6477.0,0.00678164791315794,0.9682176113128662,106,0.9875251172136638,0.8711019652974847,0.018102908383141898,0.5393997559430842,0.048259185878797295,0.5346534653465347,0.45188284518828453,0.6545454545454545,0.20105820105820105,0.7916666666666666,0.11515151515151516,0.03571428571428571,1.0,0.01818181818181818
amazon,net_uvu,1.0,1,3,GCN,layer,default,2,11944,2073474,0.8300320054477357,0.4944351939079292,0.0009623858495615423,0.05473794415593147,18.0,173.59962463378906,90.0,411.7001953125,6477.0,0.00678164791315794,0.9682176113128662,106,0.9875251172136638,0.8282550242149551,0.02047116146483708,0.4949405352380446,0.04200154562782434,0.5,0.4225941422594142,0.6121212121212121,0.19047619047619047,0.75,0.10909090909090909,0.047337278106508875,1.0,0.024242424242424242
amazon,net_uvu,1.0,1,1,GCN,pair,default,2,11944,2073474,0.8153898535921008,0.37116892499293797,0.0006281944224610925,0.023261986672878265,18.1,173.59962463378906,90.0,411.7001953125,6477.0,0.00678164791315794,0.9682176113128662,106,0.9875251172136638,0.815349960750526,0.016994971951320482,0.3718032574135391,0.03327381656968915,0.3910891089108911,0.3305439330543933,0.47878787878787876,0.20105820105820105,0.7916666666666666,0.11515151515151516,0.03571428571428571,1.0,0.01818181818181818
amazon,net_uvu,1.0,1,2,GCN,pair,default,2,11944,2073474,0.8456343207354444,0.40348890094011314,0.0004226979217492044,0.007613054011017084,18.1,173.59962463378906,90.0,411.7001953125,6477.0,0.00678164791315794,0.9682176113128662,106,0.9875251172136638,0.8460160876315278,0.019016614647376553,0.4026540969868919,0.04273502353384777,0.44554455445544555,0.37656903765690375,0.5454545454545454,0.17989417989417988,0.7083333333333334,0.10303030303030303,0.03571428571428571,1.0,0.01818181818181818
amazon,net_uvu,1.0,1,3,GCN,pair,default,2,11944,2073474,0.8101382362955396,0.33608484850328124,0.0007824887870810926,0.02660558559000492,18.1,173.59962463378906,90.0,411.7001953125,6477.0,0.00678164791315794,0.9682176113128662,106,0.9875251172136638,0.8088426122411105,0.018319311734939656,0.3377053338067721,0.036560129421196096,0.38613861386138615,0.3263598326359833,0.4727272727272727,0.19047619047619047,0.75,0.10909090909090909,0.058823529411764705,1.0,0.030303030303030304
amazon,net_uvu,1.0,1,1,SAGE,layer,default,2,11944,2073474,0.9417963908750424,0.8043134676729747,0.05309242382645607,0.12016889452934265,7.2,173.59962463378906,90.0,411.7001953125,6477.0,0.00678164791315794,0.9682176113128662,106,0.9875251172136638,0.9409184971331669,0.009616399044769153,0.8044439831003222,0.028764334193934628,0.6485148514851485,0.5481171548117155,0.793939393939394,0.24338624338624337,0.9583333333333334,0.1393939393939394,0.058823529411764705,1.0,0.030303030303030304
amazon,net_uvu,1.0,1,2,SAGE,layer,default,2,11944,2073474,0.955423901940756,0.8639463854521398,0.065842404961586,0.13944528996944427,7.2,173.59962463378906,90.0,411.7001953125,6477.0,0.00678164791315794,0.9682176113128662,106,0.9875251172136638,0.9554004470502199,0.010925607152304537,0.8625505027442596,0.023921330740578336,0.6881188118811881,0.5815899581589958,0.8424242424242424,0.25396825396825395,1.0,0.14545454545454545,0.047337278106508875,1.0,0.024242424242424242
amazon,net_uvu,1.0,1,3,SAGE,layer,default,2,11944,2073474,0.9410691181477698,0.7949134015210773,0.10824498534202576,0.19183075428009033,7.3,173.59962463378906,90.0,411.7001953125,6477.0,0.00678164791315794,0.9682176113128662,106,0.9875251172136638,0.9425657110221565,0.010725773383902432,0.797675145340619,0.030839196710858403,0.6485148514851485,0.5481171548117155,0.793939393939394,0.24338624338624337,0.9583333333333334,0.1393939393939394,0.07017543859649122,1.0,0.03636363636363636
amazon,net_uvu,1.0,1,1,SAGE,pair,default,2,11944,2073474,0.7333306094654408,0.3099877933677192,0.013563971035182476,0.017249206081032753,7.3,173.59962463378906,90.0,411.7001953125,6477.0,0.00678164791315794,0.9682176113128662,106,0.9875251172136638,0.7307336013847221,0.02110945561068945,0.31240673896498383,0.032927728714650266,0.3910891089108911,0.3305439330543933,0.47878787878787876,0.12698412698412698,0.5,0.07272727272727272,0.03571428571428571,1.0,0.01818181818181818
amazon,net_uvu,1.0,1,2,SAGE,pair,default,2,11944,2073474,0.7685311542390195,0.39741559078544264,0.008902257308363914,0.01115422323346138,7.3,173.59962463378906,90.0,411.7001953125,6477.0,0.00678164791315794,0.9682176113128662,106,0.9875251172136638,0.7660014267960418,0.025015609171615646,0.39461958566831307,0.0389455075558774,0.45544554455445546,0.38493723849372385,0.5575757575757576,0.19047619047619047,0.75,0.10909090909090909,0.03571428571428571,1.0,0.01818181818181818
amazon,net_uvu,1.0,1,3,SAGE,pair,default,2,11944,2073474,0.7473503575076609,0.32418070097880786,0.011166387237608433,0.029119284823536873,7.3,173.59962463378906,90.0,411.7001953125,6477.0,0.00678164791315794,0.9682176113128662,106,0.9875251172136638,0.7452937895980619,0.025783584235328186,0.3241654545665458,0.03714382806876794,0.4405940594059406,0.3723849372384937,0.5393939393939394,0.1164021164021164,0.4583333333333333,0.06666666666666667,0.03571428571428571,1.0,0.01818181818181818
amazon,net_uvu,1.0,2,1,GCN,layer,default,2,11944,2073474,0.8351869254341164,0.5004603098433421,0.0009821313433349133,0.05484253540635109,17.9,173.59962463378906,90.0,411.7001953125,6477.0,0.00678164791315794,0.9682176113128662,106,0.9875251172136638,0.8324037668032264,0.017801770383123354,0.49857150344398143,0.035212214104982674,0.46534653465346537,0.39330543933054396,0.5696969696969697,0.17989417989417988,0.7083333333333334,0.10303030303030303,0.03571428571428571,1.0,0.01818181818181818
amazon,net_uvu,1.0,2,2,GCN,layer,default,2,11944,2073474,0.8700074906367041,0.538776833275102,0.0012038665590807796,0.0592498779296875,18.0,173.59962463378906,90.0,411.7001953125,6477.0,0.00678164791315794,0.9682176113128662,106,0.9875251172136638,0.871100716773024,0.01810271736151544,0.5393950161381474,0.04825885512321395,0.5346534653465347,0.45188284518828453,0.6545454545454545,0.20105820105820105,0.7916666666666666,0.11515151515151516,0.03571428571428571,1.0,0.01818181818181818
amazon,net_uvu,1.0,2,3,GCN,layer,default,2,11944,2073474,0.8300320054477358,0.49441792867072265,0.0009623864898458123,0.054737988859415054,18.0,173.59962463378906,90.0,411.7001953125,6477.0,0.00678164791315794,0.9682176113128662,106,0.9875251172136638,0.828255249533147,0.02047133482184075,0.49492383356586034,0.04200664408742926,0.5,0.4225941422594142,0.6121212121212121,0.19047619047619047,0.75,0.10909090909090909,0.047337278106508875,1.0,0.024242424242424242
amazon,net_uvu,1.0,2,1,GCN,pair,default,2,11944,2073474,0.8153898535921008,0.37116892499293797,0.0006281922687776387,0.02326197735965252,18.1,173.59962463378906,90.0,411.7001953125,6477.0,0.00678164791315794,0.9682176113128662,106,0.9875251172136638,0.815349960750526,0.016994971951320475,0.3718032574135391,0.03327381656968915,0.3910891089108911,0.3305439330543933,0.47878787878787876,0.20105820105820105,0.7916666666666666,0.11515151515151516,0.03571428571428571,1.0,0.01818181818181818
amazon,net_uvu,1.0,2,2,GCN,pair,default,2,11944,2073474,0.8456356826693906,0.40349288039505243,0.0004226974560879171,0.007613060530275106,18.1,173.59962463378906,90.0,411.7001953125,6477.0,0.00678164791315794,0.9682176113128662,106,0.9875251172136638,0.846017458867258,0.01901671162153709,0.40265815025995044,0.04273601944184043,0.44554455445544555,0.37656903765690375,0.5454545454545454,0.17989417989417988,0.7083333333333334,0.10303030303030303,0.03571428571428571,1.0,0.01818181818181818
amazon,net_uvu,1.0,2,3,GCN,pair,default,2,11944,2073474,0.8101395982294858,0.33608484850328124,0.0007824863423593342,0.026605578139424324,18.1,173.59962463378906,90.0,411.7001953125,6477.0,0.00678164791315794,0.9682176113128662,106,0.9875251172136638,0.8088434595567461,0.018319263002888407,0.3377053338067721,0.036560129421196096,0.38613861386138615,0.3263598326359833,0.4727272727272727,0.19047619047619047,0.75,0.10909090909090909,0.058823529411764705,1.0,0.030303030303030304
amazon,net_uvu,1.0,2,1,SAGE,layer,default,2,11944,2073474,0.9418018386108273,0.8043390355415819,0.05306794494390488,0.120132677257061,7.3,173.59962463378906,90.0,411.7001953125,6477.0,0.00678164791315794,0.9682176113128662,106,0.9875251172136638,0.9409189800460895,0.009622828508973311,0.8044657940712163,0.028761421680577968,0.6485148514851485,0.5481171548117155,0.793939393939394,0.24338624338624337,0.9583333333333334,0.1393939393939394,0.058823529411764705,1.0,0.030303030303030304
amazon,net_uvu,1.0,2,2,SAGE,layer,default,2,11944,2073474,0.955344909771876,0.8637756692846552,0.06583315134048462,0.13942532241344452,7.3,173.59962463378906,90.0,411.7001953125,6477.0,0.00678164791315794,0.9682176113128662,106,0.9875251172136638,0.9553252808234819,0.01092865394208781,0.8623854272203075,0.02394727800791763,0.6881188118811881,0.5815899581589958,0.8424242424242424,0.25396825396825395,1.0,0.14545454545454545,0.047337278106508875,1.0,0.024242424242424242
amazon,net_uvu,1.0,2,3,SAGE,layer,default,2,11944,2073474,0.9410854613551243,0.7949466271784819,0.10824032872915268,0.19180996716022491,7.2,173.59962463378906,90.0,411.7001953125,6477.0,0.00678164791315794,0.9682176113128662,106,0.9875251172136638,0.9425858644210805,0.010724929514830344,0.7977176632172315,0.03082672457941021,0.6485148514851485,0.5481171548117155,0.793939393939394,0.24338624338624337,0.9583333333333334,0.1393939393939394,0.07017543859649122,1.0,0.03636363636363636
amazon,net_uvu,1.0,2,1,SAGE,pair,default,2,11944,2073474,0.7333306094654407,0.3099877933677192,0.013563975691795349,0.01724855974316597,7.3,173.59962463378906,90.0,411.7001953125,6477.0,0.00678164791315794,0.9682176113128662,106,0.9875251172136638,0.7307336013847221,0.021109455610689453,0.31240673896498383,0.032927728714650266,0.3910891089108911,0.3305439330543933,0.47878787878787876,0.12698412698412698,0.5,0.07272727272727272,0.03571428571428571,1.0,0.01818181818181818
amazon,net_uvu,1.0,2,2,SAGE,pair,default,2,11944,2073474,0.7685297923050733,0.3974152096099619,0.008902240544557571,0.011153399012982845,7.3,173.59962463378906,90.0,411.7001953125,6477.0,0.00678164791315794,0.9682176113128662,106,0.9875251172136638,0.7659999219456874,0.02501585614908217,0.3946191741874477,0.03894556938526468,0.45544554455445546,0.38493723849372385,0.5575757575757576,0.19047619047619047,0.75,0.10909090909090909,0.03571428571428571,1.0,0.01818181818181818
amazon,net_uvu,1.0,2,3,SAGE,pair,default,2,11944,2073474,0.7473503575076609,0.32418070097880786,0.011166389100253582,0.029119277372956276,7.3,173.59962463378906,90.0,411.7001953125,6477.0,0.00678164791315794,0.9682176113128662,106,0.9875251172136638,0.7452937895980619,0.025783584235328186,0.3241654545665458,0.03714382806876794,0.4405940594059406,0.3723849372384937,0.5393939393939394,0.1164021164021164,0.4583333333333333,0.06666666666666667,0.03571428571428571,1.0,0.01818181818181818
amazon,net_uvu,1.0,3,1,GCN,layer,default,2,11944,2073474,0.8351869254341164,0.5004586222648095,0.000982110039331019,0.054839227348566055,17.9,173.59962463378906,90.0,411.7001953125,6477.0,0.00678164791315794,0.9682176113128662,106,0.9875251172136638,0.8324022894047708,0.017802170130631324,0.49856843866300743,0.03521226473180325,0.46534653465346537,0.39330543933054396,0.5696969696969697,0.17989417989417988,0.7083333333333334,0.10303030303030303,0.03571428571428571,1.0,0.01818181818181818
amazon,net_uvu,1.0,3,2,GCN,layer,default,2,11944,2073474,0.8700074906367041,0.5387768332751021,0.001203866908326745,0.059249889105558395,18.0,173.59962463378906,90.0,411.7001953125,6477.0,0.00678164791315794,0.9682176113128662,106,0.9875251172136638,0.871100716773024,0.018102717361515426,0.5393950161381474,0.048258855123213956,0.5346534653465347,0.45188284518828453,0.6545454545454545,0.20105820105820105,0.7916666666666666,0.11515151515151516,0.03571428571428571,1.0,0.01818181818181818
amazon,net_uvu,1.0,3,3,GCN,layer,default,2,11944,2073474,0.8300374531835206,0.49443642659931336,0.0009623925434425473,0.054738011211156845,18.0,173.59962463378906,90.0,411.7001953125,6477.0,0.00678164791315794,0.9682176113128662,106,0.9875251172136638,0.8282591804108158,0.020471269272025062,0.4949414769544883,0.04200154390912932,0.5,0.4225941422594142,0.6121212121212121,0.19047619047619047,0.75,0.10909090909090909,0.047337278106508875,1.0,0.024242424242424242
amazon,net_uvu,1.0,3,1,GCN,pair,default,2,11944,2073474,0.8153898535921008,0.3711689249929379,0.0006281938403844833,0.023261981084942818,18.1,173.59962463378906,90.0,411.7001953125,6477.0,0.00678164791315794,0.9682176113128662,106,0.9875251172136638,0.815349960750526,0.016994971951320464,0.3718032574135391,0.033273816569689155,0.3910891089108911,0.3305439330543933,0.47878787878787876,0.20105820105820105,0.7916666666666666,0.11515151515151516,0.03571428571428571,1.0,0.01818181818181818
amazon,net_uvu,1.0,3,2,GCN,pair,default,2,11944,2073474,0.8456343207354442,0.40348890094011314,0.0004226955061312765,0.007613006513565779,18.0,173.59962463378906,90.0,411.7001953125,6477.0,0.00678164791315794,0.9682176113128662,106,0.9875251172136638,0.8460160876315278,0.01901661464737655,0.4026540969868919,0.04273502353384777,0.44554455445544555,0.37656903765690375,0.5454545454545454,0.17989417989417988,0.7083333333333334,0.10303030303030303,0.03571428571428571,1.0,0.01818181818181818
amazon,net_uvu,1.0,3,3,GCN,pair,default,2,11944,2073474,0.8101395982294859,0.3360513274520611,0.0007824873900972307,0.02660556696355343,18.1,173.59962463378906,90.0,411.7001953125,6477.0,0.00678164791315794,0.9682176113128662,106,0.9875251172136638,0.8088434595567461,0.018319263002888404,0.33767224205350954,0.0365619840818476,0.38613861386138615,0.3263598326359833,0.4727272727272727,0.19047619047619047,0.75,0.10909090909090909,0.058823529411764705,1.0,0.030303030303030304
amazon,net_uvu,1.0,3,1,SAGE,layer,default,2,11944,2073474,0.9417963908750424,0.8043134676729747,0.05309243127703667,0.12016889452934265,7.2,173.59962463378906,90.0,411.7001953125,6477.0,0.00678164791315794,0.9682176113128662,106,0.9875251172136638,0.9409184971331669,0.009616399044769153,0.8044439831003222,0.028764334193934628,0.6485148514851485,0.5481171548117155,0.793939393939394,0.24338624338624337,0.9583333333333334,0.1393939393939394,0.058823529411764705,1.0,0.030303030303030304
amazon,net_uvu,1.0,3,2,SAGE,layer,default,2,11944,2073474,0.9553340143003065,0.8638381731902176,0.06584222614765167,0.13945557177066803,7.3,173.59962463378906,90.0,411.7001953125,6477.0,0.00678164791315794,0.9682176113128662,106,0.9875251172136638,0.9553115558029279,0.010936310865258755,0.8624465564187055,0.023939665160279084,0.6881188118811881,0.5815899581589958,0.8424242424242424,0.25396825396825395,1.0,0.14545454545454545,0.047337278106508875,1.0,0.024242424242424242
amazon,net_uvu,1.0,3,3,SAGE,layer,default,2,11944,2073474,0.9410691181477698,0.7949134015210773,0.10824477672576904,0.19183151423931122,7.2,173.59962463378906,90.0,411.7001953125,6477.0,0.00678164791315794,0.9682176113128662,106,0.9875251172136638,0.9425657110221565,0.010725773383902432,0.797675145340619,0.030839196710858406,0.6485148514851485,0.5481171548117155,0.793939393939394,0.24338624338624337,0.9583333333333334,0.1393939393939394,0.07017543859649122,1.0,0.03636363636363636
amazon,net_uvu,1.0,3,1,SAGE,pair,default,2,11944,2073474,0.7333306094654408,0.3099877933677192,0.013563972897827625,0.01724918745458126,7.3,173.59962463378906,90.0,411.7001953125,6477.0,0.00678164791315794,0.9682176113128662,106,0.9875251172136638,0.7307336013847221,0.02110945561068945,0.31240673896498383,0.032927728714650266,0.3910891089108911,0.3305439330543933,0.47878787878787876,0.12698412698412698,0.5,0.07272727272727272,0.03571428571428571,1.0,0.01818181818181818
amazon,net_uvu,1.0,3,2,SAGE,pair,default,2,11944,2073474,0.7685297923050733,0.3974152096099619,0.008902240544557571,0.011153396219015121,7.3,173.59962463378906,90.0,411.7001953125,6477.0,0.00678164791315794,0.9682176113128662,106,0.9875251172136638,0.7659999219456874,0.02501585614908217,0.3946191741874477,0.03894556938526468,0.45544554455445546,0.38493723849372385,0.5575757575757576,0.19047619047619047,0.75,0.10909090909090909,0.03571428571428571,1.0,0.01818181818181818
amazon,net_uvu,1.0,3,3,SAGE,pair,default,2,11944,2073474,0.7473503575076608,0.32418070097880786,0.011166389100253582,0.029119284823536873,7.3,173.59962463378906,90.0,411.7001953125,6477.0,0.00678164791315794,0.9682176113128662,106,0.9875251172136638,0.7452937895980619,0.02578358423532819,0.3241654545665458,0.03714382806876794,0.4405940594059406,0.3723849372384937,0.5393939393939394,0.1164021164021164,0.4583333333333333,0.06666666666666667,0.03571428571428571,1.0,0.01818181818181818
